test_benign_copied_project_passes (test_assurance_metadata.AssuranceMetadataMutationTests.test_benign_copied_project_passes) ... FAIL
test_can_bind_artifact_hashes_to_exact_candidate_commit (test_assurance_metadata.AssuranceMetadataMutationTests.test_can_bind_artifact_hashes_to_exact_candidate_commit) ... FAIL
test_rejects_attestation_policy_weakening (test_assurance_metadata.AssuranceMetadataMutationTests.test_rejects_attestation_policy_weakening) ... ok
test_rejects_changed_trusted_fetch_normalization (test_assurance_metadata.AssuranceMetadataMutationTests.test_rejects_changed_trusted_fetch_normalization) ... ok
test_rejects_dropping_failed_manifest_preservation (test_assurance_metadata.AssuranceMetadataMutationTests.test_rejects_dropping_failed_manifest_preservation) ... ok
test_rejects_duplicate_json_key (test_assurance_metadata.AssuranceMetadataMutationTests.test_rejects_duplicate_json_key) ... ok
test_rejects_forged_broader_workflow_permissions (test_assurance_metadata.AssuranceMetadataMutationTests.test_rejects_forged_broader_workflow_permissions) ... ok
test_rejects_forged_human_excerpt_with_self_consistent_hash (test_assurance_metadata.AssuranceMetadataMutationTests.test_rejects_forged_human_excerpt_with_self_consistent_hash) ... ok
test_rejects_missing_research_primary_artifact (test_assurance_metadata.AssuranceMetadataMutationTests.test_rejects_missing_research_primary_artifact) ... ok
test_rejects_non_commit_artifact_source (test_assurance_metadata.AssuranceMetadataMutationTests.test_rejects_non_commit_artifact_source) ... ok
test_rejects_self_hosted_runner (test_assurance_metadata.AssuranceMetadataMutationTests.test_rejects_self_hosted_runner) ... ok
test_rejects_stale_artifact_hash (test_assurance_metadata.AssuranceMetadataMutationTests.test_rejects_stale_artifact_hash) ... ok
test_rejects_symlink_blob_in_artifact_source_commit (test_assurance_metadata.AssuranceMetadataMutationTests.test_rejects_symlink_blob_in_artifact_source_commit) ... ok
test_rejects_trust_workflow_hash_mutation (test_assurance_metadata.AssuranceMetadataMutationTests.test_rejects_trust_workflow_hash_mutation) ... ok
test_rejects_unknown_failure_reference (test_assurance_metadata.AssuranceMetadataMutationTests.test_rejects_unknown_failure_reference) ... ok
test_rejects_unobserved_machine_status_upgrade (test_assurance_metadata.AssuranceMetadataMutationTests.test_rejects_unobserved_machine_status_upgrade) ... ok
test_rejects_unpinned_action_reference (test_assurance_metadata.AssuranceMetadataMutationTests.test_rejects_unpinned_action_reference) ... ok
test_malformed_structured_output_fails_closed (test_assurance_runner.AssuranceRunnerTests.test_malformed_structured_output_fails_closed) ... ok
test_normalized_python_argv_is_stable (test_assurance_runner.AssuranceRunnerTests.test_normalized_python_argv_is_stable) ... {"check_id": "CHECK-ARGV", "phase": "started", "timeout_seconds": 7}
{"actual_process_exit": 0, "check_id": "CHECK-ARGV", "phase": "completed", "result": "pass", "timed_out": false}
ok
test_spawn_error_fails_closed (test_assurance_runner.AssuranceRunnerTests.test_spawn_error_fails_closed) ... {"check_id": "CHECK-NOT-FOUND", "phase": "started", "timeout_seconds": 1}
{"actual_process_exit": 125, "check_id": "CHECK-NOT-FOUND", "phase": "completed", "result": "fail", "timed_out": false}
CHECK-NOT-FOUND failure output tail:
FileNotFoundError: [Errno 2] No such file or directory: '/definitely/not/a/real/executable'

ok
test_success_emits_started_and_completed_progress (test_assurance_runner.AssuranceRunnerTests.test_success_emits_started_and_completed_progress) ... ok
test_timeout_fails_closed_and_preserves_partial_output (test_assurance_runner.AssuranceRunnerTests.test_timeout_fails_closed_and_preserves_partial_output) ... ok
test_actual_process_baseline_and_target_exits_are_separate (test_attack_runner.AttackRunnerTests.test_actual_process_baseline_and_target_exits_are_separate) ... FAIL
test_full_canonical_replay_exposes_all_actual_target_exits (test_attack_runner.AttackRunnerTests.test_full_canonical_replay_exposes_all_actual_target_exits) ... FAIL
test_full_replay_fails_closed_on_null_runner_sections (test_attack_runner.AttackRunnerTests.test_full_replay_fails_closed_on_null_runner_sections) ... ok
test_post_candidate_restricted_novelty_spec_is_executed (test_attack_runner.AttackRunnerTests.test_post_candidate_restricted_novelty_spec_is_executed) ... FAIL
test_replay_rejects_forged_declared_or_target_exit (test_attack_runner.AttackRunnerTests.test_replay_rejects_forged_declared_or_target_exit) ... FAIL
test_benign_registry_passes (test_component_registry.ComponentRegistryTests.test_benign_registry_passes) ... FAIL
test_duplicate_responsibility_is_rejected (test_component_registry.ComponentRegistryTests.test_duplicate_responsibility_is_rejected) ... ok
test_illegal_cycle_is_rejected (test_component_registry.ComponentRegistryTests.test_illegal_cycle_is_rejected) ... ok
test_invalid_removal_or_migration_evidence_is_rejected (test_component_registry.ComponentRegistryTests.test_invalid_removal_or_migration_evidence_is_rejected) ... ok
test_missing_test_selector_is_rejected (test_component_registry.ComponentRegistryTests.test_missing_test_selector_is_rejected) ... ok
test_orphan_component_is_rejected (test_component_registry.ComponentRegistryTests.test_orphan_component_is_rejected) ... ok
test_partial_status_cannot_upgrade_without_repeated_receipts (test_component_registry.ComponentRegistryTests.test_partial_status_cannot_upgrade_without_repeated_receipts) ... ok
test_removal_dry_run_reports_blocker_without_deleting (test_component_registry.ComponentRegistryTests.test_removal_dry_run_reports_blocker_without_deleting) ... ok
test_stale_hash_and_review_are_rejected (test_component_registry.ComponentRegistryTests.test_stale_hash_and_review_are_rejected) ... ok
test_strict_json_rejects_duplicate_key (test_component_registry.ComponentRegistryTests.test_strict_json_rejects_duplicate_key) ... ok
test_undeclared_dependency_edge_is_rejected (test_component_registry.ComponentRegistryTests.test_undeclared_dependency_edge_is_rejected) ... ok
test_benign_fixture_exercises_every_required_recovery (test_context_recovery.ContextRecoveryDesignFreezeTests.test_benign_fixture_exercises_every_required_recovery) ... FAIL
test_contradicted_middle_sentinel_hits_content_oracle (test_context_recovery.ContextRecoveryDesignFreezeTests.test_contradicted_middle_sentinel_hits_content_oracle) ... FAIL
test_duplicate_json_key_is_rejected_fail_closed (test_context_recovery.ContextRecoveryDesignFreezeTests.test_duplicate_json_key_is_rejected_fail_closed) ... FAIL
test_empty_required_state_file_hits_byte_oracle (test_context_recovery.ContextRecoveryDesignFreezeTests.test_empty_required_state_file_hits_byte_oracle) ... FAIL
test_moved_middle_sentinel_hits_position_oracle (test_context_recovery.ContextRecoveryDesignFreezeTests.test_moved_middle_sentinel_hits_position_oracle) ... FAIL
test_omitted_post_compaction_recovery_hits_compaction_oracle (test_context_recovery.ContextRecoveryDesignFreezeTests.test_omitted_post_compaction_recovery_hits_compaction_oracle) ... FAIL
test_omitted_restart_recovery_hits_restart_oracle (test_context_recovery.ContextRecoveryDesignFreezeTests.test_omitted_restart_recovery_hits_restart_oracle) ... FAIL
test_receipt_claim_cannot_override_derived_observation (test_context_recovery.ContextRecoveryDesignFreezeTests.test_receipt_claim_cannot_override_derived_observation) ... FAIL
test_removed_middle_sentinel_hits_missing_sentinel_oracle (test_context_recovery.ContextRecoveryDesignFreezeTests.test_removed_middle_sentinel_hits_missing_sentinel_oracle) ... FAIL
test_stale_current_target_hits_current_target_oracle (test_context_recovery.ContextRecoveryDesignFreezeTests.test_stale_current_target_hits_current_target_oracle) ... FAIL
test_changed_closure_mutation_policy_is_rejected (test_contract_supersession.ContractSupersessionTests.test_changed_closure_mutation_policy_is_rejected) ... ok
test_changed_frozen_verification_entry_is_rejected (test_contract_supersession.ContractSupersessionTests.test_changed_frozen_verification_entry_is_rejected) ... ok
test_changed_statement_is_rejected (test_contract_supersession.ContractSupersessionTests.test_changed_statement_is_rejected) ... ok
test_duplicate_json_key_is_rejected (test_contract_supersession.ContractSupersessionTests.test_duplicate_json_key_is_rejected) ... ok
test_fixture_round_trip_is_strict_json (test_contract_supersession.ContractSupersessionTests.test_fixture_round_trip_is_strict_json) ... ok
test_human_authority_change_is_rejected (test_contract_supersession.ContractSupersessionTests.test_human_authority_change_is_rejected) ... ok
test_lowered_severity_is_rejected (test_contract_supersession.ContractSupersessionTests.test_lowered_severity_is_rejected) ... ok
test_nonfinite_json_is_rejected (test_contract_supersession.ContractSupersessionTests.test_nonfinite_json_is_rejected) ... ok
test_old_requirement_cannot_move_under_new_conditional (test_contract_supersession.ContractSupersessionTests.test_old_requirement_cannot_move_under_new_conditional) ... ok
test_removed_frozen_file_is_rejected (test_contract_supersession.ContractSupersessionTests.test_removed_frozen_file_is_rejected) ... ok
test_removed_required_artifact_is_rejected (test_contract_supersession.ContractSupersessionTests.test_removed_required_artifact_is_rejected) ... ok
test_removed_requirement_is_rejected (test_contract_supersession.ContractSupersessionTests.test_removed_requirement_is_rejected) ... ok
test_removed_verification_binding_is_rejected (test_contract_supersession.ContractSupersessionTests.test_removed_verification_binding_is_rejected) ... ok
test_scope_change_is_rejected (test_contract_supersession.ContractSupersessionTests.test_scope_change_is_rejected) ... ok
test_unchanged_normative_successor_passes (test_contract_supersession.ContractSupersessionTests.test_unchanged_normative_successor_passes) ... ok
test_assurance_runner_must_use_exact_ci_lint_config (test_dependency_boundary.DependencyBoundaryTests.test_assurance_runner_must_use_exact_ci_lint_config) ... ok
test_benign_fixture_derives_empty_runtime_and_governance_sets (test_dependency_boundary.DependencyBoundaryTests.test_benign_fixture_derives_empty_runtime_and_governance_sets) ... ok
test_broadened_ci_lint_ignore_is_rejected (test_dependency_boundary.DependencyBoundaryTests.test_broadened_ci_lint_ignore_is_rejected) ... ok
test_ci_install_without_enforced_hash_mode_is_rejected (test_dependency_boundary.DependencyBoundaryTests.test_ci_install_without_enforced_hash_mode_is_rejected) ... ok
test_current_repository_passes_and_runtime_observation_is_empty (test_dependency_boundary.DependencyBoundaryTests.test_current_repository_passes_and_runtime_observation_is_empty) ... ok
test_direct_requests_import_is_rejected (test_dependency_boundary.DependencyBoundaryTests.test_direct_requests_import_is_rejected) ... ok
test_duplicate_manifest_key_is_rejected (test_dependency_boundary.DependencyBoundaryTests.test_duplicate_manifest_key_is_rejected) ... ok
test_floating_pip_in_aliased_subprocess_is_rejected (test_dependency_boundary.DependencyBoundaryTests.test_floating_pip_in_aliased_subprocess_is_rejected) ... ok
test_floating_pip_in_shell_command_is_rejected (test_dependency_boundary.DependencyBoundaryTests.test_floating_pip_in_shell_command_is_rejected) ... ok
test_floating_pyproject_dependency_is_rejected (test_dependency_boundary.DependencyBoundaryTests.test_floating_pyproject_dependency_is_rejected) ... ok
test_from_importlib_alias_dynamic_import_is_rejected (test_dependency_boundary.DependencyBoundaryTests.test_from_importlib_alias_dynamic_import_is_rejected) ... ok
test_importlib_alias_dynamic_requests_import_is_rejected (test_dependency_boundary.DependencyBoundaryTests.test_importlib_alias_dynamic_requests_import_is_rejected) ... ok
test_invalid_hash_value_is_rejected (test_dependency_boundary.DependencyBoundaryTests.test_invalid_hash_value_is_rejected) ... ok
test_manifest_source_filename_must_match_registered_artifact (test_dependency_boundary.DependencyBoundaryTests.test_manifest_source_filename_must_match_registered_artifact) ... ok
test_missing_ci_lint_config_is_rejected (test_dependency_boundary.DependencyBoundaryTests.test_missing_ci_lint_config_is_rejected) ... ok
test_missing_hash_is_rejected (test_dependency_boundary.DependencyBoundaryTests.test_missing_hash_is_rejected) ... ok
test_missing_license_is_rejected (test_dependency_boundary.DependencyBoundaryTests.test_missing_license_is_rejected) ... ok
test_missing_removal_plan_is_rejected (test_dependency_boundary.DependencyBoundaryTests.test_missing_removal_plan_is_rejected) ... ok
test_missing_reviewed_ci_requirement_file_is_rejected (test_dependency_boundary.DependencyBoundaryTests.test_missing_reviewed_ci_requirement_file_is_rejected) ... ok
test_new_undeclared_python_root_is_rejected (test_dependency_boundary.DependencyBoundaryTests.test_new_undeclared_python_root_is_rejected) ... ok
test_nonliteral_dynamic_import_is_rejected (test_dependency_boundary.DependencyBoundaryTests.test_nonliteral_dynamic_import_is_rejected) ... ok
test_requirement_hash_must_equal_registered_artifact (test_dependency_boundary.DependencyBoundaryTests.test_requirement_hash_must_equal_registered_artifact) ... ok
test_requirements_dependency_is_derived_and_must_be_registered (test_dependency_boundary.DependencyBoundaryTests.test_requirements_dependency_is_derived_and_must_be_registered) ... ok
test_unknown_telemetry_is_rejected (test_dependency_boundary.DependencyBoundaryTests.test_unknown_telemetry_is_rejected) ... ok
test_unpinned_external_action_is_rejected (test_dependency_boundary.DependencyBoundaryTests.test_unpinned_external_action_is_rejected) ... ok
test_unregistered_exact_install_is_rejected (test_dependency_boundary.DependencyBoundaryTests.test_unregistered_exact_install_is_rejected) ... ok
test_attempt_after_mandatory_same_blocker_stop_is_rejected (test_execution_loop.ExecutionLoopVerifierTests.test_attempt_after_mandatory_same_blocker_stop_is_rejected) ... ok
test_attempt_content_change_without_rehash_is_rejected (test_execution_loop.ExecutionLoopVerifierTests.test_attempt_content_change_without_rehash_is_rejected) ... ok
test_budget_exhaustion_without_receipts_cannot_be_called_complete (test_execution_loop.ExecutionLoopVerifierTests.test_budget_exhaustion_without_receipts_cannot_be_called_complete) ... ok
test_current_active_attempt_is_derived_and_unknown_cost_stays_partial (test_execution_loop.ExecutionLoopVerifierTests.test_current_active_attempt_is_derived_and_unknown_cost_stays_partial) ... ok
test_duplicate_json_key_is_rejected (test_execution_loop.ExecutionLoopVerifierTests.test_duplicate_json_key_is_rejected) ... ok
test_failed_acceptance_exit_code_cannot_complete (test_execution_loop.ExecutionLoopVerifierTests.test_failed_acceptance_exit_code_cannot_complete) ... ok
test_forged_progress_claim_is_rejected_after_hash_chain_is_repaired (test_execution_loop.ExecutionLoopVerifierTests.test_forged_progress_claim_is_rejected_after_hash_chain_is_repaired) ... ok
test_measured_token_cost_requires_consistent_counts_and_source (test_execution_loop.ExecutionLoopVerifierTests.test_measured_token_cost_requires_consistent_counts_and_source) ... ok
test_missing_sequence_is_rejected_even_with_rehashed_records (test_execution_loop.ExecutionLoopVerifierTests.test_missing_sequence_is_rejected_even_with_rehashed_records) ... ok
test_no_progress_threshold_cannot_be_weakened_in_policy (test_execution_loop.ExecutionLoopVerifierTests.test_no_progress_threshold_cannot_be_weakened_in_policy) ... ok
test_packet_contract_change_invalidates_ledger_binding (test_execution_loop.ExecutionLoopVerifierTests.test_packet_contract_change_invalidates_ledger_binding) ... ok
test_receipt_contract_hash_decoupling_is_rejected (test_execution_loop.ExecutionLoopVerifierTests.test_receipt_contract_hash_decoupling_is_rejected) ... ok
test_reordered_time_interval_is_rejected (test_execution_loop.ExecutionLoopVerifierTests.test_reordered_time_interval_is_rejected) ... ok
test_retry_above_budget_cannot_complete_even_with_valid_receipts (test_execution_loop.ExecutionLoopVerifierTests.test_retry_above_budget_cannot_complete_even_with_valid_receipts) ... ok
test_three_same_blocker_no_progress_attempts_cannot_remain_active (test_execution_loop.ExecutionLoopVerifierTests.test_three_same_blocker_no_progress_attempts_cannot_remain_active) ... ok
test_unknown_token_cost_cannot_be_claimed_measured (test_execution_loop.ExecutionLoopVerifierTests.test_unknown_token_cost_cannot_be_claimed_measured) ... ok
test_unknown_token_observation_cannot_contain_fake_measurement (test_execution_loop.ExecutionLoopVerifierTests.test_unknown_token_observation_cannot_contain_fake_measurement) ... ok
test_valid_bound_acceptance_within_budget_can_derive_complete (test_execution_loop.ExecutionLoopVerifierTests.test_valid_bound_acceptance_within_budget_can_derive_complete) ... ok
test_active_controlled_policy_change_requires_new_observation (test_execution_loop_v2.ExecutionLoopV2Tests.test_active_controlled_policy_change_requires_new_observation) ... ok
test_attempt_ledger_claim_is_rejected_as_runtime_sidecar (test_execution_loop_v2.ExecutionLoopV2Tests.test_attempt_ledger_claim_is_rejected_as_runtime_sidecar) ... ok
test_audit_only_remediation_cannot_reset_foundation_stop (test_execution_loop_v2.ExecutionLoopV2Tests.test_audit_only_remediation_cannot_reset_foundation_stop) ... ok
test_baseline_cannot_claim_progress (test_execution_loop_v2.ExecutionLoopV2Tests.test_baseline_cannot_claim_progress) ... ok
test_blocker_fingerprint_is_recomputed (test_execution_loop_v2.ExecutionLoopV2Tests.test_blocker_fingerprint_is_recomputed) ... ok
test_controlled_claims_hash_tampering_is_rejected (test_execution_loop_v2.ExecutionLoopV2Tests.test_controlled_claims_hash_tampering_is_rejected) ... ok
test_duplicate_json_key_is_rejected (test_execution_loop_v2.ExecutionLoopV2Tests.test_duplicate_json_key_is_rejected) ... ok
test_evidence_state_must_be_continuous_across_attempts (test_execution_loop_v2.ExecutionLoopV2Tests.test_evidence_state_must_be_continuous_across_attempts) ... ok
test_exact_foundation_remediation_transition_is_allowed (test_execution_loop_v2.ExecutionLoopV2Tests.test_exact_foundation_remediation_transition_is_allowed) ... ok
test_extra_v2_ledger_is_rejected (test_execution_loop_v2.ExecutionLoopV2Tests.test_extra_v2_ledger_is_rejected) ... ok
test_failure_state_must_be_continuous_across_attempts (test_execution_loop_v2.ExecutionLoopV2Tests.test_failure_state_must_be_continuous_across_attempts) ... ok
test_finite_packet_authority_locator_is_frozen (test_execution_loop_v2.ExecutionLoopV2Tests.test_finite_packet_authority_locator_is_frozen) ... ok
test_forced_stop_prefix_cannot_be_erased_by_fourth_progress (test_execution_loop_v2.ExecutionLoopV2Tests.test_forced_stop_prefix_cannot_be_erased_by_fourth_progress) ... ok
test_foundation_final_retry_ceiling_and_migration_set_are_enforced (test_execution_loop_v2.ExecutionLoopV2Tests.test_foundation_final_retry_ceiling_and_migration_set_are_enforced) ... ok
test_foundation_stopping_progress_is_not_evidence_progress (test_execution_loop_v2.ExecutionLoopV2Tests.test_foundation_stopping_progress_is_not_evidence_progress) ... ok
test_generated_fixture_is_current (test_execution_loop_v2.ExecutionLoopV2Tests.test_generated_fixture_is_current) ... ok
test_generated_views_are_excluded_to_break_state_ledger_recursion (test_execution_loop_v2.ExecutionLoopV2Tests.test_generated_views_are_excluded_to_break_state_ledger_recursion) ... ok
test_legacy_history_hash_is_enforced (test_execution_loop_v2.ExecutionLoopV2Tests.test_legacy_history_hash_is_enforced) ... ok
test_nested_tree_symlink_is_rejected (test_execution_loop_v2.ExecutionLoopV2Tests.test_nested_tree_symlink_is_rejected) ... ok
test_nonfinite_json_is_rejected (test_execution_loop_v2.ExecutionLoopV2Tests.test_nonfinite_json_is_rejected) ... ok
test_packet_contract_change_invalidates_ledger_binding (test_execution_loop_v2.ExecutionLoopV2Tests.test_packet_contract_change_invalidates_ledger_binding) ... ok
test_packet_file_cannot_be_progress_evidence (test_execution_loop_v2.ExecutionLoopV2Tests.test_packet_file_cannot_be_progress_evidence) ... ok
test_pending_baseline_cannot_be_followed_by_execution_attempt (test_execution_loop_v2.ExecutionLoopV2Tests.test_pending_baseline_cannot_be_followed_by_execution_attempt) ... ok
test_pending_controlled_content_change_requires_new_observation (test_execution_loop_v2.ExecutionLoopV2Tests.test_pending_controlled_content_change_requires_new_observation) ... ok
test_pending_packet_requires_baseline_ledger (test_execution_loop_v2.ExecutionLoopV2Tests.test_pending_packet_requires_baseline_ledger) ... ok
test_pre_v2_exemption_receipt_is_exactly_bound (test_execution_loop_v2.ExecutionLoopV2Tests.test_pre_v2_exemption_receipt_is_exactly_bound) ... ok
test_record_hash_tampering_is_rejected (test_execution_loop_v2.ExecutionLoopV2Tests.test_record_hash_tampering_is_rejected) ... ok
test_reported_state_must_match_packet (test_execution_loop_v2.ExecutionLoopV2Tests.test_reported_state_must_match_packet) ... ok
test_retry_budget_cannot_end_resolved_without_acceptance (test_execution_loop_v2.ExecutionLoopV2Tests.test_retry_budget_cannot_end_resolved_without_acceptance) ... ok
test_rotating_blocker_labels_cannot_reset_no_progress_limit (test_execution_loop_v2.ExecutionLoopV2Tests.test_rotating_blocker_labels_cannot_reset_no_progress_limit) ... ok
test_self_reported_complete_cannot_advance_state_projection (test_execution_loop_v2.ExecutionLoopV2Tests.test_self_reported_complete_cannot_advance_state_projection) ... ok
test_state_derivation_fails_closed_when_v2_ledger_is_missing (test_execution_loop_v2.ExecutionLoopV2Tests.test_state_derivation_fails_closed_when_v2_ledger_is_missing) ... ok
test_three_identical_no_progress_attempts_require_blocked (test_execution_loop_v2.ExecutionLoopV2Tests.test_three_identical_no_progress_attempts_require_blocked) ... ok
test_unknown_cost_forces_partial_claim (test_execution_loop_v2.ExecutionLoopV2Tests.test_unknown_cost_forces_partial_claim) ... ok
test_unprogrammed_foundation_attempt_is_rejected (test_execution_loop_v2.ExecutionLoopV2Tests.test_unprogrammed_foundation_attempt_is_rejected) ... ok
test_unrelated_file_cannot_be_progress_evidence (test_execution_loop_v2.ExecutionLoopV2Tests.test_unrelated_file_cannot_be_progress_evidence) ... ok
test_valid_ledger_tail_change_makes_generated_views_stale (test_execution_loop_v2.ExecutionLoopV2Tests.test_valid_ledger_tail_change_makes_generated_views_stale) ... ok
test_weakening_same_blocker_threshold_is_rejected (test_execution_loop_v2.ExecutionLoopV2Tests.test_weakening_same_blocker_threshold_is_rejected) ... ok
test_acceptance_check_mutation_is_recorded_and_never_completes (test_execution_recorder_v2.ExecutionRecorderV2Tests.test_acceptance_check_mutation_is_recorded_and_never_completes) ... ok
test_acceptance_time_cannot_precede_resolved_attempt (test_execution_recorder_v2.ExecutionRecorderV2Tests.test_acceptance_time_cannot_precede_resolved_attempt) ... ok
test_acceptance_timeout_is_bounded_and_durably_failed (test_execution_recorder_v2.ExecutionRecorderV2Tests.test_acceptance_timeout_is_bounded_and_durably_failed) ... ok
test_append_preserves_every_existing_attempt_record (test_execution_recorder_v2.ExecutionRecorderV2Tests.test_append_preserves_every_existing_attempt_record) ... ok
test_candidate_gitlink_cannot_be_sealed (test_execution_recorder_v2.ExecutionRecorderV2Tests.test_candidate_gitlink_cannot_be_sealed) ... ok
test_candidate_missing_controlled_path_cannot_be_sealed (test_execution_recorder_v2.ExecutionRecorderV2Tests.test_candidate_missing_controlled_path_cannot_be_sealed) ... ok
test_candidate_symlink_blob_cannot_be_sealed (test_execution_recorder_v2.ExecutionRecorderV2Tests.test_candidate_symlink_blob_cannot_be_sealed) ... ok
test_candidate_tree_lookup_uses_literal_top_level_pathspec (test_execution_recorder_v2.ExecutionRecorderV2Tests.test_candidate_tree_lookup_uses_literal_top_level_pathspec) ... ok
test_coherent_terminal_and_receipt_rewrite_fails_git_anchor (test_execution_recorder_v2.ExecutionRecorderV2Tests.test_coherent_terminal_and_receipt_rewrite_fails_git_anchor) ... ok
test_cross_attempt_clock_rollback_is_clamped_and_detected (test_execution_recorder_v2.ExecutionRecorderV2Tests.test_cross_attempt_clock_rollback_is_clamped_and_detected) ... ok
test_durable_outcome_recovers_instead_of_disappearing (test_execution_recorder_v2.ExecutionRecorderV2Tests.test_durable_outcome_recovers_instead_of_disappearing) ... ok
test_empty_prelaunch_operation_is_recoverable_and_never_executes (test_execution_recorder_v2.ExecutionRecorderV2Tests.test_empty_prelaunch_operation_is_recoverable_and_never_executes) ... ok
test_fanin_predecessor_completes_before_join_activation (test_execution_recorder_v2.ExecutionRecorderV2Tests.test_fanin_predecessor_completes_before_join_activation) ... ok
test_finalize_is_one_transaction_with_exact_receipts_and_successor (test_execution_recorder_v2.ExecutionRecorderV2Tests.test_finalize_is_one_transaction_with_exact_receipts_and_successor) ... ok
test_finalize_outcome_recovers_without_rerunning_observed_check (test_execution_recorder_v2.ExecutionRecorderV2Tests.test_finalize_outcome_recovers_without_rerunning_observed_check) ... ok
test_finalize_prepared_check_without_outcome_blocks_explicitly (test_execution_recorder_v2.ExecutionRecorderV2Tests.test_finalize_prepared_check_without_outcome_blocks_explicitly) ... ok
test_finalize_recovery_quiesces_live_acceptance_group (test_execution_recorder_v2.ExecutionRecorderV2Tests.test_finalize_recovery_quiesces_live_acceptance_group) ... ok
test_git_alternate_object_store_is_rejected (test_execution_recorder_v2.ExecutionRecorderV2Tests.test_git_alternate_object_store_is_rejected) ... ok
test_git_observations_ignore_local_replace_objects (test_execution_recorder_v2.ExecutionRecorderV2Tests.test_git_observations_ignore_local_replace_objects) ... ok
test_git_review_seal_is_required_before_successor_activation (test_execution_recorder_v2.ExecutionRecorderV2Tests.test_git_review_seal_is_required_before_successor_activation) ... ok
test_hostile_git_environment_cannot_redirect_seal_authority (test_execution_recorder_v2.ExecutionRecorderV2Tests.test_hostile_git_environment_cannot_redirect_seal_authority) ... ok
test_interrupted_seal_recovers_before_retiring_operation (test_execution_recorder_v2.ExecutionRecorderV2Tests.test_interrupted_seal_recovers_before_retiring_operation) ... ok
test_interrupted_transaction_fails_closed_and_recovers_roll_forward (test_execution_recorder_v2.ExecutionRecorderV2Tests.test_interrupted_transaction_fails_closed_and_recovers_roll_forward) ... ok
test_invalid_transition_input_changes_no_file_or_operation (test_execution_recorder_v2.ExecutionRecorderV2Tests.test_invalid_transition_input_changes_no_file_or_operation) ... ok
test_legacy_explicit_contradictory_operation_recovers_blocked (test_execution_recorder_v2.ExecutionRecorderV2Tests.test_legacy_explicit_contradictory_operation_recovers_blocked) ... ok
test_legacy_inherited_contradictory_operation_preserves_failures (test_execution_recorder_v2.ExecutionRecorderV2Tests.test_legacy_inherited_contradictory_operation_preserves_failures) ... ok
test_missing_run_outcome_preserves_every_prior_failure (test_execution_recorder_v2.ExecutionRecorderV2Tests.test_missing_run_outcome_preserves_every_prior_failure) ... ok
test_missing_run_outcome_recovers_as_explicit_block (test_execution_recorder_v2.ExecutionRecorderV2Tests.test_missing_run_outcome_recovers_as_explicit_block) ... ok
test_nested_repository_cannot_replace_pinned_parent_authority (test_execution_recorder_v2.ExecutionRecorderV2Tests.test_nested_repository_cannot_replace_pinned_parent_authority) ... ok
test_nested_tree_candidate_matches_worktree_order (test_execution_recorder_v2.ExecutionRecorderV2Tests.test_nested_tree_candidate_matches_worktree_order) ... ok
test_nonancestor_review_commit_cannot_be_sealed (test_execution_recorder_v2.ExecutionRecorderV2Tests.test_nonancestor_review_commit_cannot_be_sealed) ... ok
test_nonzero_run_cannot_be_discarded_by_requested_resolution (test_execution_recorder_v2.ExecutionRecorderV2Tests.test_nonzero_run_cannot_be_discarded_by_requested_resolution) ... ok
test_nonzero_run_preserves_every_prior_failure (test_execution_recorder_v2.ExecutionRecorderV2Tests.test_nonzero_run_preserves_every_prior_failure) ... ok
test_pending_packet_cannot_append (test_execution_recorder_v2.ExecutionRecorderV2Tests.test_pending_packet_cannot_append) ... ok
test_pinned_authority_supports_linked_worktree_common_directory (test_execution_recorder_v2.ExecutionRecorderV2Tests.test_pinned_authority_supports_linked_worktree_common_directory) ... ok
test_post_outcome_change_cannot_be_attributed_to_finished_run (test_execution_recorder_v2.ExecutionRecorderV2Tests.test_post_outcome_change_cannot_be_attributed_to_finished_run) ... ok
test_postcore_crash_keeps_operation_until_views_are_refreshed (test_execution_recorder_v2.ExecutionRecorderV2Tests.test_postcore_crash_keeps_operation_until_views_are_refreshed) ... ok
test_prejournal_staging_is_discarded_then_operation_rolls_forward (test_execution_recorder_v2.ExecutionRecorderV2Tests.test_prejournal_staging_is_discarded_then_operation_rolls_forward) ... ok
test_recorder_can_replace_stale_latest_evidence_observation (test_execution_recorder_v2.ExecutionRecorderV2Tests.test_recorder_can_replace_stale_latest_evidence_observation) ... ok
test_recovery_preserves_an_intervening_target_write (test_execution_recorder_v2.ExecutionRecorderV2Tests.test_recovery_preserves_an_intervening_target_write) ... ok
test_repository_local_core_worktree_cannot_redirect_authority (test_execution_recorder_v2.ExecutionRecorderV2Tests.test_repository_local_core_worktree_cannot_redirect_authority) ... ok
test_repository_local_include_cannot_redirect_authority (test_execution_recorder_v2.ExecutionRecorderV2Tests.test_repository_local_include_cannot_redirect_authority) ... ok
test_repository_promisor_configuration_is_rejected (test_execution_recorder_v2.ExecutionRecorderV2Tests.test_repository_promisor_configuration_is_rejected) ... ok
test_resolved_with_explicit_failures_changes_nothing (test_execution_recorder_v2.ExecutionRecorderV2Tests.test_resolved_with_explicit_failures_changes_nothing) ... ok
test_resolved_with_inherited_failures_never_launches_or_journals (test_execution_recorder_v2.ExecutionRecorderV2Tests.test_resolved_with_inherited_failures_never_launches_or_journals) ... ok
test_run_observation_is_from_real_child_not_caller_claims (test_execution_recorder_v2.ExecutionRecorderV2Tests.test_run_observation_is_from_real_child_not_caller_claims) ... ok
test_run_output_capture_has_a_hard_limit (test_execution_recorder_v2.ExecutionRecorderV2Tests.test_run_output_capture_has_a_hard_limit) ... ok
test_seal_reads_candidate_from_real_parent_repository_prefix (test_execution_recorder_v2.ExecutionRecorderV2Tests.test_seal_reads_candidate_from_real_parent_repository_prefix) ... ok
test_seal_rejects_index_bytes_not_seen_by_acceptance (test_execution_recorder_v2.ExecutionRecorderV2Tests.test_seal_rejects_index_bytes_not_seen_by_acceptance) ... ok
test_sigkill_after_durable_child_outcome_recovers_exact_result (test_execution_recorder_v2.ExecutionRecorderV2Tests.test_sigkill_after_durable_child_outcome_recovers_exact_result) ... ok
test_sigkill_while_child_runs_terminates_group_before_recovery (test_execution_recorder_v2.ExecutionRecorderV2Tests.test_sigkill_while_child_runs_terminates_group_before_recovery) ... ok
test_successful_write_refreshes_execution_and_all_state_views (test_execution_recorder_v2.ExecutionRecorderV2Tests.test_successful_write_refreshes_execution_and_all_state_views) ... ok
test_target_cannot_close_supervisor_liveness_lock (test_execution_recorder_v2.ExecutionRecorderV2Tests.test_target_cannot_close_supervisor_liveness_lock) ... ok
test_terminal_completion_rejects_append_and_detects_all_rewrites (test_execution_recorder_v2.ExecutionRecorderV2Tests.test_terminal_completion_rejects_append_and_detects_all_rewrites) ... ok
test_third_no_progress_request_is_atomically_forced_blocked (test_execution_recorder_v2.ExecutionRecorderV2Tests.test_third_no_progress_request_is_atomically_forced_blocked) ... ok
test_two_concurrent_recorders_with_same_tail_have_one_winner (test_execution_recorder_v2.ExecutionRecorderV2Tests.test_two_concurrent_recorders_with_same_tail_have_one_winner) ... ok
test_unbound_operation_staging_is_preserved_fail_closed (test_execution_recorder_v2.ExecutionRecorderV2Tests.test_unbound_operation_staging_is_preserved_fail_closed) ... ok
test_unsupported_resolution_is_recorded_before_any_invalid_commit (test_execution_recorder_v2.ExecutionRecorderV2Tests.test_unsupported_resolution_is_recorded_before_any_invalid_commit) ... ok
test_wall_time_is_exactly_the_rfc3339_timestamp_delta (test_execution_recorder_v2.ExecutionRecorderV2Tests.test_wall_time_is_exactly_the_rfc3339_timestamp_delta) ... ok
test_wrong_expected_tail_cas_changes_no_project_file (test_execution_recorder_v2.ExecutionRecorderV2Tests.test_wrong_expected_tail_cas_changes_no_project_file) ... ok
test_conditional_schema_self_weakening_is_rejected (test_final_review_attacks.FinalReviewAttackTests.test_conditional_schema_self_weakening_is_rejected) ... FAIL
test_conditional_self_attestation_is_rejected (test_final_review_attacks.FinalReviewAttackTests.test_conditional_self_attestation_is_rejected) ... FAIL
test_final_review_schema_self_weakening_is_rejected (test_final_review_attacks.FinalReviewAttackTests.test_final_review_schema_self_weakening_is_rejected) ... FAIL
test_pit_oracle_inversion_is_rejected (test_final_review_attacks.FinalReviewAttackTests.test_pit_oracle_inversion_is_rejected) ... FAIL
test_same_bar_causality_smuggle_is_rejected (test_final_review_attacks.FinalReviewAttackTests.test_same_bar_causality_smuggle_is_rejected) ... FAIL
test_split_accounting_smuggle_is_rejected (test_final_review_attacks.FinalReviewAttackTests.test_split_accounting_smuggle_is_rejected) ... FAIL
setUpClass (test_final_review_schema.FinalReviewSchemaV2Tests) ... ERROR
test_git_executable_must_be_pinned_to_trusted_system_binary (test_foundation_recovery.CandidateMaterializationTests.test_git_executable_must_be_pinned_to_trusted_system_binary) ... ok
test_materialization_reads_raw_blob_without_export_substitution (test_foundation_recovery.CandidateMaterializationTests.test_materialization_reads_raw_blob_without_export_substitution) ... ok
test_materialization_rejects_symlink_tree_entries (test_foundation_recovery.CandidateMaterializationTests.test_materialization_rejects_symlink_tree_entries) ... ok
test_repository_wide_diff_rejects_out_of_scope_change (test_foundation_recovery.CandidateMaterializationTests.test_repository_wide_diff_rejects_out_of_scope_change) ... ok
test_source_loader_ignores_valid_but_poisoned_bytecode_cache (test_foundation_recovery.CandidateMaterializationTests.test_source_loader_ignores_valid_but_poisoned_bytecode_cache) ... ok
test_declared_path_without_git_change_fails_closed (test_foundation_recovery.DiffContractTests.test_declared_path_without_git_change_fails_closed) ... ok
test_exact_file_level_contract_passes (test_foundation_recovery.DiffContractTests.test_exact_file_level_contract_passes) ... ok
test_rehashed_but_wrong_envelope_object_fails_closed (test_foundation_recovery.DiffContractTests.test_rehashed_but_wrong_envelope_object_fails_closed) ... ok
test_unmanifested_git_change_fails_closed (test_foundation_recovery.DiffContractTests.test_unmanifested_git_change_fails_closed) ... ok
test_write_and_envelope_reordering_remains_valid (test_foundation_recovery.DiffContractTests.test_write_and_envelope_reordering_remains_valid) ... ok
test_wrong_operation_status_fails_closed (test_foundation_recovery.DiffContractTests.test_wrong_operation_status_fails_closed) ... ok
test_archived_predecessor_byte_change_is_rejected (test_foundation_recovery.FoundationRecoveryTests.test_archived_predecessor_byte_change_is_rejected) ... ok
test_authorization_cannot_drop_real_funds_prohibition (test_foundation_recovery.FoundationRecoveryTests.test_authorization_cannot_drop_real_funds_prohibition) ... ok
test_authorization_predicate_text_is_exact (test_foundation_recovery.FoundationRecoveryTests.test_authorization_predicate_text_is_exact) ... ok
test_duplicate_manifest_key_is_rejected (test_foundation_recovery.FoundationRecoveryTests.test_duplicate_manifest_key_is_rejected) ... ok
test_exact_candidate_passes_with_one_bounded_alias (test_foundation_recovery.FoundationRecoveryTests.test_exact_candidate_passes_with_one_bounded_alias) ... ok
test_old_active_ledger_cannot_be_resurrected (test_foundation_recovery.FoundationRecoveryTests.test_old_active_ledger_cannot_be_resurrected) ... ok
test_old_runtime_operation_cannot_be_resurrected (test_foundation_recovery.FoundationRecoveryTests.test_old_runtime_operation_cannot_be_resurrected) ... ok
test_operation_semantics_fail_even_after_raw_hash_rewrite (test_foundation_recovery.FoundationRecoveryTests.test_operation_semantics_fail_even_after_raw_hash_rewrite) ... ok
test_recovery_directory_rejects_an_extra_candidate (test_foundation_recovery.FoundationRecoveryTests.test_recovery_directory_rejects_an_extra_candidate) ... ok
test_rollback_identity_is_fixed (test_foundation_recovery.FoundationRecoveryTests.test_rollback_identity_is_fixed) ... ok
test_successor_scope_expansion_fails_even_after_rehash (test_foundation_recovery.FoundationRecoveryTests.test_successor_scope_expansion_fails_even_after_rehash) ... ok
test_tombstone_must_be_state_only_transform (test_foundation_recovery.FoundationRecoveryTests.test_tombstone_must_be_state_only_transform) ... ok
test_production_verifier_passes_valid_tag_and_rejects_adjacent_states (test_foundation_recovery.ProductionVerifierIntegrationTests.test_production_verifier_passes_valid_tag_and_rejects_adjacent_states) ... ok
test_production_verifier_rejects_externalized_git_metadata (test_foundation_recovery.ProductionVerifierIntegrationTests.test_production_verifier_rejects_externalized_git_metadata) ... ok
test_forged_output_hash_is_rejected (test_foundation_recovery.ReviewEvidenceTests.test_forged_output_hash_is_rejected) ... ok
test_open_major_finding_is_rejected (test_foundation_recovery.ReviewEvidenceTests.test_open_major_finding_is_rejected) ... ok
test_rehashed_candidate_mismatch_is_rejected (test_foundation_recovery.ReviewEvidenceTests.test_rehashed_candidate_mismatch_is_rejected) ... ok
test_self_reported_hash_without_output_bytes_is_rejected (test_foundation_recovery.ReviewEvidenceTests.test_self_reported_hash_without_output_bytes_is_rejected) ... ok
test_two_embedded_candidate_bound_reviews_pass (test_foundation_recovery.ReviewEvidenceTests.test_two_embedded_candidate_bound_reviews_pass) ... ok
test_bundle_parameter_combinations_cannot_skip_fresh_clone (test_freeze_git_remote.FreezeGitRemoteCounterexampleTests.test_bundle_parameter_combinations_cannot_skip_fresh_clone) ... FAIL
test_closure_rejects_chmod_smuggle (test_freeze_git_remote.FreezeGitRemoteCounterexampleTests.test_closure_rejects_chmod_smuggle) ... FAIL
test_closure_rejects_rename_smuggle (test_freeze_git_remote.FreezeGitRemoteCounterexampleTests.test_closure_rejects_rename_smuggle) ... FAIL
test_closure_rejects_smuggled_money_semantics_change (test_freeze_git_remote.FreezeGitRemoteCounterexampleTests.test_closure_rejects_smuggled_money_semantics_change) ... FAIL
test_contract_branch_must_match_branch_and_upstream (test_freeze_git_remote.FreezeGitRemoteCounterexampleTests.test_contract_branch_must_match_branch_and_upstream) ... ok
test_contract_project_prefix_must_match_actual_prefix (test_freeze_git_remote.FreezeGitRemoteCounterexampleTests.test_contract_project_prefix_must_match_actual_prefix) ... ok
test_direct_remote_mismatch_defeats_stale_local_upstream (test_freeze_git_remote.FreezeGitRemoteCounterexampleTests.test_direct_remote_mismatch_defeats_stale_local_upstream) ... FAIL
test_freeze_rejects_dirty_exact_baseline (test_freeze_git_remote.FreezeGitRemoteCounterexampleTests.test_freeze_rejects_dirty_exact_baseline) ... FAIL
test_freeze_rejects_forged_schema_v2_runner_receipt (test_freeze_git_remote.FreezeGitRemoteCounterexampleTests.test_freeze_rejects_forged_schema_v2_runner_receipt) ... FAIL
test_freeze_rejects_ordinary_status_rewrite (test_freeze_git_remote.FreezeGitRemoteCounterexampleTests.test_freeze_rejects_ordinary_status_rewrite) ... FAIL
test_freeze_runs_candidate_governance_verifier_first (test_freeze_git_remote.FreezeGitRemoteCounterexampleTests.test_freeze_runs_candidate_governance_verifier_first) ... ok
test_fresh_clone_governance_nonzero_rejects_bundle_D (test_freeze_git_remote.FreezeGitRemoteCounterexampleTests.test_fresh_clone_governance_nonzero_rejects_bundle_D) ... FAIL
test_git_verifier_reads_missing_normative_from_contract_boundary (test_freeze_git_remote.FreezeGitRemoteCounterexampleTests.test_git_verifier_reads_missing_normative_from_contract_boundary) ... ok
test_git_verifier_rejects_other_upstream_even_when_origin_matches (test_freeze_git_remote.FreezeGitRemoteCounterexampleTests.test_git_verifier_rejects_other_upstream_even_when_origin_matches) ... ok
test_git_verifier_requires_existing_bundle_in_head (test_freeze_git_remote.FreezeGitRemoteCounterexampleTests.test_git_verifier_requires_existing_bundle_in_head) ... ok
test_governance_normal_mode_rejects_forged_inner_scope (test_freeze_git_remote.FreezeGitRemoteCounterexampleTests.test_governance_normal_mode_rejects_forged_inner_scope) ... FAIL
test_inner_clone_result_cannot_claim_full_outer_verification (test_freeze_git_remote.FreezeGitRemoteCounterexampleTests.test_inner_clone_result_cannot_claim_full_outer_verification) ... FAIL
test_origin_name_cannot_hide_changed_fetch_url (test_freeze_git_remote.FreezeGitRemoteCounterexampleTests.test_origin_name_cannot_hide_changed_fetch_url) ... ok
test_post_bundle_verifier_rejects_D_that_only_exists_locally (test_freeze_git_remote.FreezeGitRemoteCounterexampleTests.test_post_bundle_verifier_rejects_D_that_only_exists_locally) ... FAIL
test_post_bundle_verifier_rejects_uncommitted_bundle (test_freeze_git_remote.FreezeGitRemoteCounterexampleTests.test_post_bundle_verifier_rejects_uncommitted_bundle) ... FAIL
test_post_bundle_verifier_supports_nested_project_prefix (test_freeze_git_remote.FreezeGitRemoteCounterexampleTests.test_post_bundle_verifier_supports_nested_project_prefix) ... FAIL
test_production_shaped_regression_receipt_is_accepted (test_freeze_git_remote.FreezeGitRemoteCounterexampleTests.test_production_shaped_regression_receipt_is_accepted) ... ok
test_regression_status_only_receipt_is_rejected (test_freeze_git_remote.FreezeGitRemoteCounterexampleTests.test_regression_status_only_receipt_is_rejected) ... ok
test_valid_non_circular_closure_creates_bound_bundle (test_freeze_git_remote.FreezeGitRemoteCounterexampleTests.test_valid_non_circular_closure_creates_bound_bundle) ... FAIL
setUpClass (test_frozen_tests.FrozenTestIntegrityMutationTests) ... ERROR
test_duplicate_substitution_cannot_fake_exact_execution (test_governance_regression_runner.GovernanceRegressionRunnerTests.test_duplicate_substitution_cannot_fake_exact_execution) ... ok
test_expected_failure_is_not_treated_as_execution_success (test_governance_regression_runner.GovernanceRegressionRunnerTests.test_expected_failure_is_not_treated_as_execution_success) ... ok
test_failing_heavy_selector_fails_the_whole_run (test_governance_regression_runner.GovernanceRegressionRunnerTests.test_failing_heavy_selector_fails_the_whole_run) ... ok
test_loader_error_fails_before_execution (test_governance_regression_runner.GovernanceRegressionRunnerTests.test_loader_error_fails_before_execution) ... ok
test_malformed_worker_receipt_fails_closed_without_exception (test_governance_regression_runner.GovernanceRegressionRunnerTests.test_malformed_worker_receipt_fails_closed_without_exception) ... ok
test_missing_heavy_module_fails_before_execution (test_governance_regression_runner.GovernanceRegressionRunnerTests.test_missing_heavy_module_fails_before_execution) ... ok
test_missing_selector_cannot_fake_exact_execution (test_governance_regression_runner.GovernanceRegressionRunnerTests.test_missing_selector_cannot_fake_exact_execution) ... ok
test_namespace_package_and_recursive_test_pattern_are_complete (test_governance_regression_runner.GovernanceRegressionRunnerTests.test_namespace_package_and_recursive_test_pattern_are_complete) ... ok
test_skip_is_not_treated_as_execution_success (test_governance_regression_runner.GovernanceRegressionRunnerTests.test_skip_is_not_treated_as_execution_success) ... ok
test_source_mutation_during_test_fails_closed (test_governance_regression_runner.GovernanceRegressionRunnerTests.test_source_mutation_during_test_fails_closed) ... ok
test_test_stdout_is_captured_without_corrupting_worker_json (test_governance_regression_runner.GovernanceRegressionRunnerTests.test_test_stdout_is_captured_without_corrupting_worker_json) ... ok
test_timed_out_selector_kills_grandchild_and_removes_temp_root (test_governance_regression_runner.GovernanceRegressionRunnerTests.test_timed_out_selector_kills_grandchild_and_removes_temp_root) ... ok
test_worker_receipt_rejects_invalid_captured_output_metadata (test_governance_regression_runner.GovernanceRegressionRunnerTests.test_worker_receipt_rejects_invalid_captured_output_metadata) ... ok
test_worker_receipt_rejects_non_boolean_exact_execution (test_governance_regression_runner.GovernanceRegressionRunnerTests.test_worker_receipt_rejects_non_boolean_exact_execution) ... ok
test_benign_drill_executes_migration_failure_repeat_rollback_and_exit (test_migration_drill.MigrationDrillTests.test_benign_drill_executes_migration_failure_repeat_rollback_and_exit) ... ok
test_compatibility_claim_mutation_is_rejected_by_frozen_spec (test_migration_drill.MigrationDrillTests.test_compatibility_claim_mutation_is_rejected_by_frozen_spec) ... ok
test_duplicate_spec_key_is_rejected_as_strict_json (test_migration_drill.MigrationDrillTests.test_duplicate_spec_key_is_rejected_as_strict_json) ... ok
test_failure_after_partial_write_is_detected (test_migration_drill.MigrationDrillTests.test_failure_after_partial_write_is_detected) ... ok
test_migration_without_backup_is_rejected_before_replace (test_migration_drill.MigrationDrillTests.test_migration_without_backup_is_rejected_before_replace) ... ok
test_missing_real_project_sentinel_fails_closed_with_machine_json (test_migration_drill.MigrationDrillTests.test_missing_real_project_sentinel_fails_closed_with_machine_json) ... ok
test_non_idempotent_repeated_migration_is_rejected (test_migration_drill.MigrationDrillTests.test_non_idempotent_repeated_migration_is_rejected) ... ok
test_semantically_equal_but_byte_different_rollback_is_rejected (test_migration_drill.MigrationDrillTests.test_semantically_equal_but_byte_different_rollback_is_rejected) ... ok
test_source_version_mismatch_aborts_without_migration (test_migration_drill.MigrationDrillTests.test_source_version_mismatch_aborts_without_migration) ... ok
test_terminology_rename_that_loses_reviewer_authority_is_rejected (test_migration_drill.MigrationDrillTests.test_terminology_rename_that_loses_reviewer_authority_is_rejected) ... ok
test_active_packet_live_external_side_effect_is_rejected (test_no_live_scope.NoLiveScopeVerifierTests.test_active_packet_live_external_side_effect_is_rejected) ... ok
test_baseline_is_machine_readable_and_binds_declared_scope (test_no_live_scope.NoLiveScopeVerifierTests.test_baseline_is_machine_readable_and_binds_declared_scope) ... ok
test_direct_broker_import_is_rejected_from_ast (test_no_live_scope.NoLiveScopeVerifierTests.test_direct_broker_import_is_rejected_from_ast) ... ok
test_documented_future_live_risk_is_not_an_executable_surface (test_no_live_scope.NoLiveScopeVerifierTests.test_documented_future_live_risk_is_not_an_executable_surface) ... ok
test_duplicate_keys_in_implementation_json_are_rejected (test_no_live_scope.NoLiveScopeVerifierTests.test_duplicate_keys_in_implementation_json_are_rejected) ... ok
test_duplicate_keys_in_policy_are_rejected_before_scanning (test_no_live_scope.NoLiveScopeVerifierTests.test_duplicate_keys_in_policy_are_rejected_before_scanning) ... ok
test_dynamic_python_endpoint_configuration_is_rejected (test_no_live_scope.NoLiveScopeVerifierTests.test_dynamic_python_endpoint_configuration_is_rejected) ... ok
test_live_order_endpoint_configuration_is_rejected (test_no_live_scope.NoLiveScopeVerifierTests.test_live_order_endpoint_configuration_is_rejected) ... ok
test_network_import_and_aliased_network_call_are_both_rejected (test_no_live_scope.NoLiveScopeVerifierTests.test_network_import_and_aliased_network_call_are_both_rejected) ... ok
test_nonexistent_declared_runtime_entrypoint_is_rejected (test_no_live_scope.NoLiveScopeVerifierTests.test_nonexistent_declared_runtime_entrypoint_is_rejected) ... ok
test_nonliteral_dynamic_import_is_rejected_fail_closed (test_no_live_scope.NoLiveScopeVerifierTests.test_nonliteral_dynamic_import_is_rejected_fail_closed) ... ok
test_obvious_aliased_dynamic_import_is_rejected_from_ast (test_no_live_scope.NoLiveScopeVerifierTests.test_obvious_aliased_dynamic_import_is_rejected_from_ast) ... ok
test_order_method_alias_call_is_rejected_from_ast (test_no_live_scope.NoLiveScopeVerifierTests.test_order_method_alias_call_is_rejected_from_ast) ... ok
test_superseded_packet_field_is_state_bound (test_no_live_scope.NoLiveScopeVerifierTests.test_superseded_packet_field_is_state_bound) ... ok
test_unknown_executable_file_type_is_rejected (test_no_live_scope.NoLiveScopeVerifierTests.test_unknown_executable_file_type_is_rejected) ... ok
test_unlisted_active_external_side_effect_is_rejected_fail_closed (test_no_live_scope.NoLiveScopeVerifierTests.test_unlisted_active_external_side_effect_is_rejected_fail_closed) ... ok
test_unlisted_execution_capable_class_is_rejected (test_no_live_scope.NoLiveScopeVerifierTests.test_unlisted_execution_capable_class_is_rejected) ... ok
test_v1_packet_is_allowed_only_as_superseded_history (test_no_live_scope.NoLiveScopeVerifierTests.test_v1_packet_is_allowed_only_as_superseded_history) ... ok
test_benign_policy_passes (test_project_method.ProjectMethodPolicyTests.test_benign_policy_passes) ... ok
test_broad_write_scope_is_rejected (test_project_method.ProjectMethodPolicyTests.test_broad_write_scope_is_rejected) ... ok
test_budget_exhaustion_relabelled_success_is_rejected (test_project_method.ProjectMethodPolicyTests.test_budget_exhaustion_relabelled_success_is_rejected) ... ok
test_candidate_bound_eligible_closure_passes (test_project_method.ProjectMethodPolicyTests.test_candidate_bound_eligible_closure_passes) ... ok
test_closure_evidence_must_bind_current_candidate (test_project_method.ProjectMethodPolicyTests.test_closure_evidence_must_bind_current_candidate) ... ok
test_component_without_removal_path_is_rejected (test_project_method.ProjectMethodPolicyTests.test_component_without_removal_path_is_rejected) ... ok
test_conditional_bypass_is_rejected (test_project_method.ProjectMethodPolicyTests.test_conditional_bypass_is_rejected) ... ok
test_criterion_weakening_is_rejected (test_project_method.ProjectMethodPolicyTests.test_criterion_weakening_is_rejected) ... ok
test_dependency_boundary_binding_is_rejected_when_redirected (test_project_method.ProjectMethodPolicyTests.test_dependency_boundary_binding_is_rejected_when_redirected) ... ok
test_explanation_without_unknowns_is_rejected (test_project_method.ProjectMethodPolicyTests.test_explanation_without_unknowns_is_rejected) ... ok
test_floating_dependency_is_rejected (test_project_method.ProjectMethodPolicyTests.test_floating_dependency_is_rejected) ... ok
test_frozen_test_baseline_bypass_is_rejected (test_project_method.ProjectMethodPolicyTests.test_frozen_test_baseline_bypass_is_rejected) ... ok
test_harness_without_same_task_ablation_is_rejected (test_project_method.ProjectMethodPolicyTests.test_harness_without_same_task_ablation_is_rejected) ... ok
test_incident_without_regression_is_rejected (test_project_method.ProjectMethodPolicyTests.test_incident_without_regression_is_rejected) ... ok
test_live_scope_smuggling_is_rejected (test_project_method.ProjectMethodPolicyTests.test_live_scope_smuggling_is_rejected) ... ok
test_missing_middle_context_probe_is_rejected (test_project_method.ProjectMethodPolicyTests.test_missing_middle_context_probe_is_rejected) ... ok
test_noncovered_registry_entry_requires_gap_reason (test_project_method.ProjectMethodPolicyTests.test_noncovered_registry_entry_requires_gap_reason) ... ok
test_parallel_write_collision_bypass_is_rejected (test_project_method.ProjectMethodPolicyTests.test_parallel_write_collision_bypass_is_rejected) ... ok
test_raw_execution_failure_cannot_be_labelled_passed (test_project_method.ProjectMethodPolicyTests.test_raw_execution_failure_cannot_be_labelled_passed) ... ok
test_registry_status_cannot_upgrade_machine_outcome (test_project_method.ProjectMethodPolicyTests.test_registry_status_cannot_upgrade_machine_outcome) ... ok
test_registry_summary_must_be_derived_from_entries (test_project_method.ProjectMethodPolicyTests.test_registry_summary_must_be_derived_from_entries) ... ok
test_regression_test_universe_narrowing_is_rejected (test_project_method.ProjectMethodPolicyTests.test_regression_test_universe_narrowing_is_rejected) ... ok
test_repeated_blocker_threshold_weakening_is_rejected (test_project_method.ProjectMethodPolicyTests.test_repeated_blocker_threshold_weakening_is_rejected) ... ok
test_reviewer_candidate_write_access_is_rejected (test_project_method.ProjectMethodPolicyTests.test_reviewer_candidate_write_access_is_rejected) ... ok
test_static_policy_pass_does_not_imply_closure (test_project_method.ProjectMethodPolicyTests.test_static_policy_pass_does_not_imply_closure) ... ok
test_terminology_only_rewrite_is_rejected (test_project_method.ProjectMethodPolicyTests.test_terminology_only_rewrite_is_rejected) ... ok
test_unknown_telemetry_warning_is_rejected (test_project_method.ProjectMethodPolicyTests.test_unknown_telemetry_warning_is_rejected) ... ok
test_worktree_source_drift_from_candidate_is_rejected (test_project_method.ProjectMethodPolicyTests.test_worktree_source_drift_from_candidate_is_rejected) ... ok
test_wrong_conditional_gate_is_rejected (test_project_method.ProjectMethodPolicyTests.test_wrong_conditional_gate_is_rejected) ... ok
test_authorized_external_conditional_remains_explicit (test_project_method_acceptance_runner.ProjectMethodAcceptanceRunnerTests.test_authorized_external_conditional_remains_explicit) ... ok
test_current_method_cases_do_not_invoke_v1_runtime_authorities (test_project_method_acceptance_runner.ProjectMethodAcceptanceRunnerTests.test_current_method_cases_do_not_invoke_v1_runtime_authorities) ... ok
test_external_receipt_does_not_dirty_candidate (test_project_method_acceptance_runner.ProjectMethodAcceptanceRunnerTests.test_external_receipt_does_not_dirty_candidate) ... ok
test_failed_command_blocks_machine_outcome (test_project_method_acceptance_runner.ProjectMethodAcceptanceRunnerTests.test_failed_command_blocks_machine_outcome) ... ok
test_governance_aggregator_uses_only_v2_current_runtime_authorities (test_project_method_acceptance_runner.ProjectMethodAcceptanceRunnerTests.test_governance_aggregator_uses_only_v2_current_runtime_authorities) ... ok
test_machine_check_requires_ephemeral_receipt (test_project_method_acceptance_runner.ProjectMethodAcceptanceRunnerTests.test_machine_check_requires_ephemeral_receipt) ... ok
test_machine_outcome_ignores_registry_metadata (test_project_method_acceptance_runner.ProjectMethodAcceptanceRunnerTests.test_machine_outcome_ignores_registry_metadata) ... ok
test_action_completion_makes_the_visible_next_action_stale (test_project_state_freshness.ProjectStateFreshnessTests.test_action_completion_makes_the_visible_next_action_stale) ... ok
test_authority_file_existence_alone_never_completes_phase (test_project_state_freshness.ProjectStateFreshnessTests.test_authority_file_existence_alone_never_completes_phase) ... ok
test_check_rejects_fake_current_status_before_or_after_markers (test_project_state_freshness.ProjectStateFreshnessTests.test_check_rejects_fake_current_status_before_or_after_markers) ... ok
test_cli_check_matches_production_review_ref_availability (test_project_state_freshness.ProjectStateFreshnessTests.test_cli_check_matches_production_review_ref_availability) ... ok
test_correct_digest_does_not_rescue_old_visible_words (test_project_state_freshness.ProjectStateFreshnessTests.test_correct_digest_does_not_rescue_old_visible_words) ... ok
test_dependency_change_makes_the_visible_basis_and_action_stale (test_project_state_freshness.ProjectStateFreshnessTests.test_dependency_change_makes_the_visible_basis_and_action_stale) ... ok
test_dependency_cycle_fails_closed (test_project_state_freshness.ProjectStateFreshnessTests.test_dependency_cycle_fails_closed) ... ok
test_derive_cli_emits_only_one_canonical_json_value (test_project_state_freshness.ProjectStateFreshnessTests.test_derive_cli_emits_only_one_canonical_json_value) ... ok
test_each_visible_component_tamper_is_rejected_byte_for_byte (test_project_state_freshness.ProjectStateFreshnessTests.test_each_visible_component_tamper_is_rejected_byte_for_byte) ... ok
test_equal_route_order_is_rejected_as_global_ambiguity (test_project_state_freshness.ProjectStateFreshnessTests.test_equal_route_order_is_rejected_as_global_ambiguity) ... ok
test_live_v1_packet_without_routing_fails_closed (test_project_state_freshness.ProjectStateFreshnessTests.test_live_v1_packet_without_routing_fails_closed) ... ok
test_missing_structured_r10_review_fails_closed_without_guessing (test_project_state_freshness.ProjectStateFreshnessTests.test_missing_structured_r10_review_fails_closed_without_guessing) ... ok
test_new_later_blocked_review_requires_refresh (test_project_state_freshness.ProjectStateFreshnessTests.test_new_later_blocked_review_requires_refresh) ... ok
test_nonempty_legacy_r5_blocks_are_not_a_green_freshness_signal (test_project_state_freshness.ProjectStateFreshnessTests.test_nonempty_legacy_r5_blocks_are_not_a_green_freshness_signal) ... ok
test_only_a_later_review_can_close_a_finding (test_project_state_freshness.ProjectStateFreshnessTests.test_only_a_later_review_can_close_a_finding) ... ok
test_open_finding_without_packet_fails_closed (test_project_state_freshness.ProjectStateFreshnessTests.test_open_finding_without_packet_fails_closed) ... ok
test_packet_completion_cannot_close_an_open_finding (test_project_state_freshness.ProjectStateFreshnessTests.test_packet_completion_cannot_close_an_open_finding) ... ok
test_projection_contains_no_head_tree_time_or_self_hash_fields (test_project_state_freshness.ProjectStateFreshnessTests.test_projection_contains_no_head_tree_time_or_self_hash_fields) ... ok
test_projection_review_sequences_must_be_contiguous_from_ten (test_project_state_freshness.ProjectStateFreshnessTests.test_projection_review_sequences_must_be_contiguous_from_ten) ... ok
test_projection_review_without_findings_schema_fails_closed (test_project_state_freshness.ProjectStateFreshnessTests.test_projection_review_without_findings_schema_fails_closed) ... ok
test_refresh_preflight_failure_does_not_partially_write_other_views (test_project_state_freshness.ProjectStateFreshnessTests.test_refresh_preflight_failure_does_not_partially_write_other_views) ... ok
test_refresh_replaces_legacy_outside_bytes_and_is_idempotent (test_project_state_freshness.ProjectStateFreshnessTests.test_refresh_replaces_legacy_outside_bytes_and_is_idempotent) ... ok
test_review_sequence_descending_is_rejected_even_below_projection_floor (test_project_state_freshness.ProjectStateFreshnessTests.test_review_sequence_descending_is_rejected_even_below_projection_floor) ... ok
test_review_sequence_duplicate_is_rejected (test_project_state_freshness.ProjectStateFreshnessTests.test_review_sequence_duplicate_is_rejected) ... ok
test_superseded_v1_packet_is_retained_but_excluded_from_live_routing (test_project_state_freshness.ProjectStateFreshnessTests.test_superseded_v1_packet_is_retained_but_excluded_from_live_routing) ... ok
test_superseded_v1_packet_requires_a_live_v2_successor (test_project_state_freshness.ProjectStateFreshnessTests.test_superseded_v1_packet_requires_a_live_v2_successor) ... ok
test_support_packet_without_finding_address_is_selected_from_target_closure (test_project_state_freshness.ProjectStateFreshnessTests.test_support_packet_without_finding_address_is_selected_from_target_closure) ... ok
test_unaddressed_packet_outside_target_dependency_closure_is_not_selected (test_project_state_freshness.ProjectStateFreshnessTests.test_unaddressed_packet_outside_target_dependency_closure_is_not_selected) ... ok
test_unrelated_observed_head_change_cannot_change_pure_fact_basis (test_project_state_freshness.ProjectStateFreshnessTests.test_unrelated_observed_head_change_cannot_change_pure_fact_basis) ... ok
test_v2_recovery_tombstone_uses_only_runtime_verified_alias (test_project_state_freshness.ProjectStateFreshnessTests.test_v2_recovery_tombstone_uses_only_runtime_verified_alias) ... ok
test_v2_recovery_tombstone_without_verified_alias_fails_closed (test_project_state_freshness.ProjectStateFreshnessTests.test_v2_recovery_tombstone_without_verified_alias_fails_closed) ... ok
test_automatic_retry_cannot_be_enabled (test_r9_same_task_comparison.R9SameTaskPrelaunchControlTests.test_automatic_retry_cannot_be_enabled) ... ok
test_blocked_state_cannot_be_changed_to_pass_or_adopt (test_r9_same_task_comparison.R9SameTaskPrelaunchControlTests.test_blocked_state_cannot_be_changed_to_pass_or_adopt) ... ok
test_contains_execution_results_cannot_be_true (test_r9_same_task_comparison.R9SameTaskPrelaunchControlTests.test_contains_execution_results_cannot_be_true) ... ok
test_current_boundary_passes_only_as_an_effective_block (test_r9_same_task_comparison.R9SameTaskPrelaunchControlTests.test_current_boundary_passes_only_as_an_effective_block) ... ok
test_duplicate_key_is_rejected_as_non_strict_json (test_r9_same_task_comparison.R9SameTaskPrelaunchControlTests.test_duplicate_key_is_rejected_as_non_strict_json) ... ok
test_frozen_corpus_slice_tampering_is_rejected (test_r9_same_task_comparison.R9SameTaskPrelaunchControlTests.test_frozen_corpus_slice_tampering_is_rejected) ... ok
test_generator_package_count_cannot_be_forged (test_r9_same_task_comparison.R9SameTaskPrelaunchControlTests.test_generator_package_count_cannot_be_forged) ... ok
test_identifiable_fake_generation_output_is_rejected (test_r9_same_task_comparison.R9SameTaskPrelaunchControlTests.test_identifiable_fake_generation_output_is_rejected) ... ok
test_missing_receipts_cannot_be_relabelled_as_generation_authorized (test_r9_same_task_comparison.R9SameTaskPrelaunchControlTests.test_missing_receipts_cannot_be_relabelled_as_generation_authorized) ... ok
test_no_retry_rule_cannot_be_softened (test_r9_same_task_comparison.R9SameTaskPrelaunchControlTests.test_no_retry_rule_cannot_be_softened) ... ok
test_pair_or_artifact_count_cannot_be_reduced (test_r9_same_task_comparison.R9SameTaskPrelaunchControlTests.test_pair_or_artifact_count_cannot_be_reduced) ... ok
test_parent_task_native_subagent_cannot_be_made_eligible (test_r9_same_task_comparison.R9SameTaskPrelaunchControlTests.test_parent_task_native_subagent_cannot_be_made_eligible) ... ok
test_preregistration_cannot_embed_a_self_raw_sha_field (test_r9_same_task_comparison.R9SameTaskPrelaunchControlTests.test_preregistration_cannot_embed_a_self_raw_sha_field) ... ok
test_timing_receipt_contract_cannot_be_removed (test_r9_same_task_comparison.R9SameTaskPrelaunchControlTests.test_timing_receipt_contract_cannot_be_removed) ... ok
test_tree_sidecar_and_judge_fit_contracts_cannot_be_removed (test_r9_same_task_comparison.R9SameTaskPrelaunchControlTests.test_tree_sidecar_and_judge_fit_contracts_cannot_be_removed) ... ok
test_usage_receipt_contract_cannot_be_removed (test_r9_same_task_comparison.R9SameTaskPrelaunchControlTests.test_usage_receipt_contract_cannot_be_removed) ... ok
test_blocked_markdown_cannot_be_relabelled_as_passing_review (test_research_evidence_governance.ResearchEvidenceMutationTests.test_blocked_markdown_cannot_be_relabelled_as_passing_review) ... ok
test_replacing_review_report_breaks_content_binding (test_research_evidence_governance.ResearchEvidenceMutationTests.test_replacing_review_report_breaks_content_binding) ... ok
test_future_dated_review_is_invalid (test_research_living_review.ResearchLivingReviewTests.test_future_dated_review_is_invalid) ... ok
test_hash_mismatch_is_invalid_not_stale (test_research_living_review.ResearchLivingReviewTests.test_hash_mismatch_is_invalid_not_stale) ... ok
test_open_event_precedes_time_and_blocks_current_state (test_research_living_review.ResearchLivingReviewTests.test_open_event_precedes_time_and_blocks_current_state) ... ok
test_real_candidate_is_explicitly_pending_independent_review (test_research_living_review.ResearchLivingReviewTests.test_real_candidate_is_explicitly_pending_independent_review) ... ok
test_resolved_event_requires_a_hashed_resolution_receipt (test_research_living_review.ResearchLivingReviewTests.test_resolved_event_requires_a_hashed_resolution_receipt) ... ok
test_review_expiry_is_derived_from_explicit_as_of (test_research_living_review.ResearchLivingReviewTests.test_review_expiry_is_derived_from_explicit_as_of) ... ok
test_cli_emits_one_machine_receipt (test_research_source_manifest.ResearchSourceManifestTests.test_cli_emits_one_machine_receipt) ... ok
test_duplicate_source_id_is_rejected (test_research_source_manifest.ResearchSourceManifestTests.test_duplicate_source_id_is_rejected) ... ok
test_real_manifest_binds_all_declared_bytes_and_report_ids (test_research_source_manifest.ResearchSourceManifestTests.test_real_manifest_binds_all_declared_bytes_and_report_ids) ... ok
test_report_source_id_without_manifest_disposition_is_rejected (test_research_source_manifest.ResearchSourceManifestTests.test_report_source_id_without_manifest_disposition_is_rejected) ... ok
test_retained_status_without_artifact_is_rejected (test_research_source_manifest.ResearchSourceManifestTests.test_retained_status_without_artifact_is_rejected) ... ok
test_snapshot_byte_count_mismatch_is_rejected (test_research_source_manifest.ResearchSourceManifestTests.test_snapshot_byte_count_mismatch_is_rejected) ... ok
test_snapshot_hash_mismatch_is_rejected (test_research_source_manifest.ResearchSourceManifestTests.test_snapshot_hash_mismatch_is_rejected) ... ok
test_current_bounded_incomplete_receipt_is_internally_valid (test_research_sufficiency.ResearchSufficiencyTests.test_current_bounded_incomplete_receipt_is_internally_valid) ... FAIL
test_declared_pre_review_result_must_equal_recomputed_result (test_research_sufficiency.ResearchSufficiencyTests.test_declared_pre_review_result_must_equal_recomputed_result) ... ok
test_final_challenge_cannot_be_smuggled_into_pre_review_expression (test_research_sufficiency.ResearchSufficiencyTests.test_final_challenge_cannot_be_smuggled_into_pre_review_expression) ... ok
test_free_boolean_cannot_approve_research (test_research_sufficiency.ResearchSufficiencyTests.test_free_boolean_cannot_approve_research) ... ok
test_gap_state_and_evaluation_cannot_disagree (test_research_sufficiency.ResearchSufficiencyTests.test_gap_state_and_evaluation_cannot_disagree) ... ok
test_predicate_description_cannot_silently_weaken (test_research_sufficiency.ResearchSufficiencyTests.test_predicate_description_cannot_silently_weaken) ... ok
test_all_zero_bundle_hash_is_not_authoritative (test_verify_conditionals.ConditionalGateTests.test_all_zero_bundle_hash_is_not_authoritative) ... ok
test_authoritative_ready_state_requires_gate_evidence (test_verify_conditionals.ConditionalGateTests.test_authoritative_ready_state_requires_gate_evidence) ... ok
test_broken_runtime_event_hash_is_rejected (test_verify_conditionals.ConditionalGateTests.test_broken_runtime_event_hash_is_rejected) ... ok
test_caller_selected_evidence_producer_is_rejected (test_verify_conditionals.ConditionalGateTests.test_caller_selected_evidence_producer_is_rejected) ... ok
test_caller_selected_runtime_producer_is_rejected (test_verify_conditionals.ConditionalGateTests.test_caller_selected_runtime_producer_is_rejected) ... ok
test_cross_candidate_raw_and_evidence_are_rejected_even_if_cli_agrees (test_verify_conditionals.ConditionalGateTests.test_cross_candidate_raw_and_evidence_are_rejected_even_if_cli_agrees) ... ok
test_cross_gate_run_id_reuse_is_rejected_by_anchored_receipt (test_verify_conditionals.ConditionalGateTests.test_cross_gate_run_id_reuse_is_rejected_by_anchored_receipt) ... ok
test_duplicate_run_id_in_anchored_history_is_rejected (test_verify_conditionals.ConditionalGateTests.test_duplicate_run_id_in_anchored_history_is_rejected) ... ok
test_environment_gate_receipt_can_be_first_main_event (test_verify_conditionals.ConditionalGateTests.test_environment_gate_receipt_can_be_first_main_event) ... ok
test_evidence_cannot_self_report_field_use_readiness (test_verify_conditionals.ConditionalGateTests.test_evidence_cannot_self_report_field_use_readiness) ... ok
test_evidence_replay_after_new_observation_is_rejected (test_verify_conditionals.ConditionalGateTests.test_evidence_replay_after_new_observation_is_rejected) ... ok
test_extra_case_is_rejected_by_exact_set_equality (test_verify_conditionals.ConditionalGateTests.test_extra_case_is_rejected_by_exact_set_equality) ... ok
test_fixture_runtime_cannot_satisfy_human_release (test_verify_conditionals.ConditionalGateTests.test_fixture_runtime_cannot_satisfy_human_release) ... ok
test_gate_run_append_only_trigger_escape_is_rejected (test_verify_conditionals.ConditionalGateTests.test_gate_run_append_only_trigger_escape_is_rejected) ... ok
test_gate_run_payload_extra_field_is_rejected (test_verify_conditionals.ConditionalGateTests.test_gate_run_payload_extra_field_is_rejected) ... ok
test_gate_run_projection_tampering_is_rejected (test_verify_conditionals.ConditionalGateTests.test_gate_run_projection_tampering_is_rejected) ... ok
test_gate_run_unique_run_id_schema_weakening_is_rejected (test_verify_conditionals.ConditionalGateTests.test_gate_run_unique_run_id_schema_weakening_is_rejected) ... ok
test_missing_gate_run_receipt_is_rejected (test_verify_conditionals.ConditionalGateTests.test_missing_gate_run_receipt_is_rejected) ... ok
test_missing_tiingo_token_is_unproved_not_failed (test_verify_conditionals.ConditionalGateTests.test_missing_tiingo_token_is_unproved_not_failed) ... ok
test_nonpassing_per_case_status_is_rejected (test_verify_conditionals.ConditionalGateTests.test_nonpassing_per_case_status_is_rejected) ... ok
test_present_token_without_evidence_is_blocked_and_not_leaked (test_verify_conditionals.ConditionalGateTests.test_present_token_without_evidence_is_blocked_and_not_leaked) ... ok
test_round3_original_self_attestation_counterexample_is_rejected (test_verify_conditionals.ConditionalGateTests.test_round3_original_self_attestation_counterexample_is_rejected) ... ok
test_run_id_reuse_across_gate_evidence_is_rejected (test_verify_conditionals.ConditionalGateTests.test_run_id_reuse_across_gate_evidence_is_rejected) ... ok
test_same_gate_run_id_reuse_after_overwrite_is_rejected (test_verify_conditionals.ConditionalGateTests.test_same_gate_run_id_reuse_after_overwrite_is_rejected) ... ok
test_stale_raw_result_and_evidence_are_rejected (test_verify_conditionals.ConditionalGateTests.test_stale_raw_result_and_evidence_are_rejected) ... ok
test_tampered_gate_run_receipt_is_rejected (test_verify_conditionals.ConditionalGateTests.test_tampered_gate_run_receipt_is_rejected) ... ok
test_trusted_event_raw_result_and_evidence_path_passes (test_verify_conditionals.ConditionalGateTests.test_trusted_event_raw_result_and_evidence_path_passes) ... ok
test_unanchored_gate_run_receipt_is_rejected (test_verify_conditionals.ConditionalGateTests.test_unanchored_gate_run_receipt_is_rejected) ... ok
test_unknown_gate_is_usage_error (test_verify_conditionals.ConditionalGateTests.test_unknown_gate_is_usage_error) ... ok
test_unreachable_raise_trigger_escape_is_rejected (test_verify_conditionals.ConditionalGateTests.test_unreachable_raise_trigger_escape_is_rejected) ... ok
test_valid_caller_selected_runtime_path_cannot_replace_authority (test_verify_conditionals.ConditionalGateTests.test_valid_caller_selected_runtime_path_cannot_replace_authority) ... ok
test_when_zero_append_only_trigger_escape_is_rejected (test_verify_conditionals.ConditionalGateTests.test_when_zero_append_only_trigger_escape_is_rejected) ... ok
test_zero_actual_cases_run_is_rejected (test_verify_conditionals.ConditionalGateTests.test_zero_actual_cases_run_is_rejected) ... ok
test_ai_can_set_urgency_mutation_is_rejected (test_verify_governance.GovernanceVerifierMutationTests.test_ai_can_set_urgency_mutation_is_rejected) ... ok
test_changed_source_excerpt_is_rejected (test_verify_governance.GovernanceVerifierMutationTests.test_changed_source_excerpt_is_rejected) ... ok
test_closure_mutation_policy_cannot_add_component_registry (test_verify_governance.GovernanceVerifierMutationTests.test_closure_mutation_policy_cannot_add_component_registry) ... ok
test_duplicate_json_key_is_rejected (test_verify_governance.GovernanceVerifierMutationTests.test_duplicate_json_key_is_rejected) ... ok
test_empty_acceptance_case_set_is_rejected (test_verify_governance.GovernanceVerifierMutationTests.test_empty_acceptance_case_set_is_rejected) ... ok
test_final_review_evidence_cannot_enter_candidate_ground_truth_cycle (test_verify_governance.GovernanceVerifierMutationTests.test_final_review_evidence_cannot_enter_candidate_ground_truth_cycle) ... ok
test_free_text_always_pass_oracle_is_rejected (test_verify_governance.GovernanceVerifierMutationTests.test_free_text_always_pass_oracle_is_rejected) ... ok
test_frozen_mode_rejects_open_research (test_verify_governance.GovernanceVerifierMutationTests.test_frozen_mode_rejects_open_research) ... ok
test_invalid_operation_selector_is_rejected (test_verify_governance.GovernanceVerifierMutationTests.test_invalid_operation_selector_is_rejected) ... ok
test_market_family_rename_reset_is_rejected (test_verify_governance.GovernanceVerifierMutationTests.test_market_family_rename_reset_is_rejected) ... ok
test_missing_assertion_catalog_item_is_rejected (test_verify_governance.GovernanceVerifierMutationTests.test_missing_assertion_catalog_item_is_rejected) ... ok
test_missing_conditional_gate_executor_is_rejected (test_verify_governance.GovernanceVerifierMutationTests.test_missing_conditional_gate_executor_is_rejected) ... ok
test_missing_corporate_action_case_binding_is_rejected (test_verify_governance.GovernanceVerifierMutationTests.test_missing_corporate_action_case_binding_is_rejected) ... ok
test_missing_design_freeze_target_is_rejected (test_verify_governance.GovernanceVerifierMutationTests.test_missing_design_freeze_target_is_rejected) ... ok
test_missing_field_clause_id_is_rejected (test_verify_governance.GovernanceVerifierMutationTests.test_missing_field_clause_id_is_rejected) ... ok
test_missing_market_clause_id_is_rejected (test_verify_governance.GovernanceVerifierMutationTests.test_missing_market_clause_id_is_rejected) ... ok
test_missing_money_calculation_step_is_rejected (test_verify_governance.GovernanceVerifierMutationTests.test_missing_money_calculation_step_is_rejected) ... ok
test_missing_operation_catalog_item_is_rejected (test_verify_governance.GovernanceVerifierMutationTests.test_missing_operation_catalog_item_is_rejected) ... ok
test_missing_private_backup_manifest_clause_id_is_rejected (test_verify_governance.GovernanceVerifierMutationTests.test_missing_private_backup_manifest_clause_id_is_rejected) ... ok
test_missing_required_reference_case_is_rejected (test_verify_governance.GovernanceVerifierMutationTests.test_missing_required_reference_case_is_rejected) ... ok
test_missing_user_value_source_is_rejected (test_verify_governance.GovernanceVerifierMutationTests.test_missing_user_value_source_is_rejected) ... ok
test_missing_verification_spec_is_rejected (test_verify_governance.GovernanceVerifierMutationTests.test_missing_verification_spec_is_rejected) ... ok
test_money_semantics_mutation_is_rejected (test_verify_governance.GovernanceVerifierMutationTests.test_money_semantics_mutation_is_rejected) ... ok
test_normative_file_removed_from_freeze_boundary_is_rejected (test_verify_governance.GovernanceVerifierMutationTests.test_normative_file_removed_from_freeze_boundary_is_rejected) ... ok
test_private_backup_overwrite_mutation_is_rejected (test_verify_governance.GovernanceVerifierMutationTests.test_private_backup_overwrite_mutation_is_rejected) ... ok
test_reviewer_who_constructed_candidate_is_rejected (test_verify_governance.GovernanceVerifierMutationTests.test_reviewer_who_constructed_candidate_is_rejected) ... ok
test_trusted_git_remote_branch_cannot_be_changed (test_verify_governance.GovernanceVerifierMutationTests.test_trusted_git_remote_branch_cannot_be_changed) ... ok
test_trusted_git_remote_policy_cannot_be_removed (test_verify_governance.GovernanceVerifierMutationTests.test_trusted_git_remote_policy_cannot_be_removed) ... ok
test_trusted_git_remote_prefix_cannot_be_changed (test_verify_governance.GovernanceVerifierMutationTests.test_trusted_git_remote_prefix_cannot_be_changed) ... ok
test_trusted_git_remote_url_cannot_be_repointed (test_verify_governance.GovernanceVerifierMutationTests.test_trusted_git_remote_url_cannot_be_repointed) ... ok
test_unbound_free_text_case_names_are_rejected (test_verify_governance.GovernanceVerifierMutationTests.test_unbound_free_text_case_names_are_rejected) ... ok
test_undeclared_trace_target_is_rejected (test_verify_governance.GovernanceVerifierMutationTests.test_undeclared_trace_target_is_rejected) ... ok
test_unknown_acceptance_case_requirement_is_rejected (test_verify_governance.GovernanceVerifierMutationTests.test_unknown_acceptance_case_requirement_is_rejected) ... ok
test_unknown_assertion_evaluator_is_rejected (test_verify_governance.GovernanceVerifierMutationTests.test_unknown_assertion_evaluator_is_rejected) ... ok
test_unknown_conditional_requirement_is_rejected (test_verify_governance.GovernanceVerifierMutationTests.test_unknown_conditional_requirement_is_rejected) ... ok
test_unknown_money_expression_operator_is_rejected (test_verify_governance.GovernanceVerifierMutationTests.test_unknown_money_expression_operator_is_rejected) ... ok
test_unmodified_candidate_passes (test_verify_governance.GovernanceVerifierMutationTests.test_unmodified_candidate_passes) ... FAIL
test_wrong_reverse_acceptance_case_binding_is_rejected (test_verify_governance.GovernanceVerifierMutationTests.test_wrong_reverse_acceptance_case_binding_is_rejected) ... ok
test_wrong_reverse_requirement_binding_is_rejected (test_verify_governance.GovernanceVerifierMutationTests.test_wrong_reverse_requirement_binding_is_rejected) ... ok
test_forward_or_unknown_symbol_is_rejected (test_verify_money_semantics.MoneyGovernanceMutationTests.test_forward_or_unknown_symbol_is_rejected) ... ok
test_free_text_predicate_is_rejected (test_verify_money_semantics.MoneyGovernanceMutationTests.test_free_text_predicate_is_rejected) ... ok
test_wrong_operator_arity_is_rejected (test_verify_money_semantics.MoneyGovernanceMutationTests.test_wrong_operator_arity_is_rejected) ... ok
test_action_id_is_globally_unique_across_live_goals (test_work_packet_dag.WorkPacketDagVerifierTests.test_action_id_is_globally_unique_across_live_goals) ... ok
test_blocked_propagation_reaches_descendants_not_siblings (test_work_packet_dag.WorkPacketDagVerifierTests.test_blocked_propagation_reaches_descendants_not_siblings) ... ok
test_candidate_join_probe_requires_successful_bound_receipt (test_work_packet_dag.WorkPacketDagVerifierTests.test_candidate_join_probe_requires_successful_bound_receipt) ... ok
test_checkpoint_prerequisite_binding_is_exact (test_work_packet_dag.WorkPacketDagVerifierTests.test_checkpoint_prerequisite_binding_is_exact) ... ok
test_cross_goal_dependency_is_rejected (test_work_packet_dag.WorkPacketDagVerifierTests.test_cross_goal_dependency_is_rejected) ... ok
test_cycle_is_rejected_by_kahn (test_work_packet_dag.WorkPacketDagVerifierTests.test_cycle_is_rejected_by_kahn) ... ok
test_dependency_on_superseded_history_is_rejected (test_work_packet_dag.WorkPacketDagVerifierTests.test_dependency_on_superseded_history_is_rejected) ... ok
test_duplicate_dependency_is_rejected (test_work_packet_dag.WorkPacketDagVerifierTests.test_duplicate_dependency_is_rejected) ... ok
test_empty_finding_addresses_are_valid_for_support_packets (test_work_packet_dag.WorkPacketDagVerifierTests.test_empty_finding_addresses_are_valid_for_support_packets) ... ok
test_healthy_root_parallel_branches_join_with_bound_probe (test_work_packet_dag.WorkPacketDagVerifierTests.test_healthy_root_parallel_branches_join_with_bound_probe) ... ok
test_integration_probe_must_expect_success_exit (test_work_packet_dag.WorkPacketDagVerifierTests.test_integration_probe_must_expect_success_exit) ... ok
test_join_input_path_must_be_a_read_dependency (test_work_packet_dag.WorkPacketDagVerifierTests.test_join_input_path_must_be_a_read_dependency) ... ok
test_join_input_path_must_be_owned_by_named_packet (test_work_packet_dag.WorkPacketDagVerifierTests.test_join_input_path_must_be_owned_by_named_packet) ... ok
test_join_invariant_must_cover_every_direct_branch (test_work_packet_dag.WorkPacketDagVerifierTests.test_join_invariant_must_cover_every_direct_branch) ... ok
test_join_without_invariant_is_rejected (test_work_packet_dag.WorkPacketDagVerifierTests.test_join_without_invariant_is_rejected) ... ok
test_live_v1_packet_is_rejected_under_v2_policy (test_work_packet_dag.WorkPacketDagVerifierTests.test_live_v1_packet_is_rejected_under_v2_policy) ... ok
test_malformed_routing_finding_identifier_is_rejected (test_work_packet_dag.WorkPacketDagVerifierTests.test_malformed_routing_finding_identifier_is_rejected) ... ok
test_missing_dependency_is_rejected (test_work_packet_dag.WorkPacketDagVerifierTests.test_missing_dependency_is_rejected) ... ok
test_multi_node_goal_with_zero_probe_declarations_is_rejected (test_work_packet_dag.WorkPacketDagVerifierTests.test_multi_node_goal_with_zero_probe_declarations_is_rejected) ... ok
test_one_sided_activates_tampering_is_rejected (test_work_packet_dag.WorkPacketDagVerifierTests.test_one_sided_activates_tampering_is_rejected) ... ok
test_parallel_external_side_effect_conflict_is_rejected (test_work_packet_dag.WorkPacketDagVerifierTests.test_parallel_external_side_effect_conflict_is_rejected) ... ok
test_parallel_read_write_conflict_is_rejected (test_work_packet_dag.WorkPacketDagVerifierTests.test_parallel_read_write_conflict_is_rejected) ... ok
test_parallel_write_write_conflict_is_rejected (test_work_packet_dag.WorkPacketDagVerifierTests.test_parallel_write_write_conflict_is_rejected) ... ok
test_partial_recovery_directory_fails_closed (test_work_packet_dag.WorkPacketDagVerifierTests.test_partial_recovery_directory_fails_closed) ... ok
test_probe_id_must_reference_join_acceptance_check (test_work_packet_dag.WorkPacketDagVerifierTests.test_probe_id_must_reference_join_acceptance_check) ... ok
test_route_order_is_globally_unique_across_live_goals (test_work_packet_dag.WorkPacketDagVerifierTests.test_route_order_is_globally_unique_across_live_goals) ... ok
test_routing_requires_the_exact_declared_fields (test_work_packet_dag.WorkPacketDagVerifierTests.test_routing_requires_the_exact_declared_fields) ... ok
test_self_dependency_is_rejected (test_work_packet_dag.WorkPacketDagVerifierTests.test_self_dependency_is_rejected) ... ok
test_stale_pending_activation_is_rejected_and_reported (test_work_packet_dag.WorkPacketDagVerifierTests.test_stale_pending_activation_is_rejected_and_reported) ... ok
test_superseded_v1_history_is_retained_under_v2_policy (test_work_packet_dag.WorkPacketDagVerifierTests.test_superseded_v1_history_is_retained_under_v2_policy) ... ok
test_upstream_not_verified_complete_keeps_downstream_pending (test_work_packet_dag.WorkPacketDagVerifierTests.test_upstream_not_verified_complete_keeps_downstream_pending) ... ok
test_v2_supersession_requires_the_exact_recovery_manifest (test_work_packet_dag.WorkPacketDagVerifierTests.test_v2_supersession_requires_the_exact_recovery_manifest) ... ok
test_benign_disjoint_packets_allow_shared_read_dependencies (test_work_packets.WorkPacketVerifierTests.test_benign_disjoint_packets_allow_shared_read_dependencies) ... ok
test_bound_checkpoint_and_acceptance_receipts_allow_completion (test_work_packets.WorkPacketVerifierTests.test_bound_checkpoint_and_acceptance_receipts_allow_completion) ... ok
test_broad_top_level_tree_scope_is_rejected (test_work_packets.WorkPacketVerifierTests.test_broad_top_level_tree_scope_is_rejected) ... ok
test_complete_state_without_receipts_is_rejected (test_work_packets.WorkPacketVerifierTests.test_complete_state_without_receipts_is_rejected) ... ok
test_direct_duplicate_ownership_is_rejected (test_work_packets.WorkPacketVerifierTests.test_direct_duplicate_ownership_is_rejected) ... ok
test_disjoint_text_changes_can_fail_joint_semantic_invariant (test_work_packets.WorkPacketVerifierTests.test_disjoint_text_changes_can_fail_joint_semantic_invariant) ... ok
test_duplicate_json_keys_are_rejected (test_work_packets.WorkPacketVerifierTests.test_duplicate_json_keys_are_rejected) ... ok
test_packet_schema_rejects_unknown_fields (test_work_packets.WorkPacketVerifierTests.test_packet_schema_rejects_unknown_fields) ... ok
test_parent_child_ownership_overlap_is_rejected (test_work_packets.WorkPacketVerifierTests.test_parent_child_ownership_overlap_is_rejected) ... ok
test_root_traversal_glob_and_non_normalized_paths_are_rejected (test_work_packets.WorkPacketVerifierTests.test_root_traversal_glob_and_non_normalized_paths_are_rejected) ... ok
test_superseded_packet_preserves_history_and_releases_ownership (test_work_packets.WorkPacketVerifierTests.test_superseded_packet_preserves_history_and_releases_ownership) ... ok
test_superseded_packet_requires_exact_scope_successor (test_work_packets.WorkPacketVerifierTests.test_superseded_packet_requires_exact_scope_successor) ... ok
test_superseded_packet_requires_existing_successor (test_work_packets.WorkPacketVerifierTests.test_superseded_packet_requires_existing_successor) ... ok
test_symlink_canonical_escape_is_rejected (test_work_packets.WorkPacketVerifierTests.test_symlink_canonical_escape_is_rejected) ... ok

======================================================================
ERROR: setUpClass (test_final_review_schema.FinalReviewSchemaV2Tests)
----------------------------------------------------------------------
Traceback (most recent call last):
  File "/private/tmp/ids-fed7-audit.kowOr4/repo/MyBrain/projects/investment-discipline-system/governance_tests/test_final_review_schema.py", line 127, in setUpClass
    cls.build_replayable_fixture(Path(cls.class_temp.name))
    ~~~~~~~~~~~~~~~~~~~~~~~~~~~~^^^^^^^^^^^^^^^^^^^^^^^^^^^
  File "/private/tmp/ids-fed7-audit.kowOr4/repo/MyBrain/projects/investment-discipline-system/governance_tests/test_final_review_schema.py", line 278, in build_replayable_fixture
    baseline = cls.checked_run(
        [
    ...<5 lines>...
        env=cls.fixture_env(cls.base_root),
    )
  File "/private/tmp/ids-fed7-audit.kowOr4/repo/MyBrain/projects/investment-discipline-system/governance_tests/test_final_review_schema.py", line 155, in checked_run
    raise AssertionError(
    ...<2 lines>...
    )
AssertionError: /Library/Frameworks/Python.framework/Versions/3.14/bin/python3 /var/folders/15/k2g847_92rg6lnfgmzkp4t1m0000gn/T/tmpe4h_avfn/base-repository/MyBrain/projects/investment-discipline-system/scripts/verify_governance.py --allow-candidate failed (1):
governance verification: FAIL
- research sufficiency executable verification failed: research sufficiency current_evaluation differs
- assurance metadata executable verification failed: ground-truth manifest: missing research primary artifact audits/PROJECT_METHOD_GAP_CLOSURE_REVIEW_R8_2026-07-25.md; ground-truth manifest: missing research primary artifact audits/PROJECT_GOVERNANCE_ADVERSARIAL_REVIEW_R10_2026-07-25.md
- context recovery executable verification failed: {'message': "STATUS.md is missing marker '## 当前裁决'", 'oracle_id': 'CTX02-STATE-MARKER-MISSING'}; {'message': "STATUS.md is missing marker '## 已有且仍然有效'", 'oracle_id': 'CTX02-STATE-MARKER-MISSING'}; {'message': "STATUS.md is missing marker '## 进行中'", 'oracle_id': 'CTX02-STATE-MARKER-MISSING'}; {'message': "STATUS.md is missing marker '## 当前下一步'", 'oracle_id': 'CTX02-STATE-MARKER-MISSING'}; {'message': "STATUS.md is missing marker '## 主要残余风险'", 'oracle_id': 'CTX02-STATE-MARKER-MISSING'}; {'message': "TASK_BOARD.md is missing marker '## 进行中'", 'oracle_id': 'CTX02-STATE-MARKER-MISSING'}; {'message': "TASK_BOARD.md is missing marker '## 已排队'", 'oracle_id': 'CTX02-STATE-MARKER-MISSING'}; {'message': "TASK_BOARD.md is missing marker '## 条件性任务'", 'oracle_id': 'CTX02-STATE-MARKER-MISSING'}; {'message': "TASK_BOARD.md is missing marker '## 已完成且证据仍有效'", 'oracle_id': 'CTX02-STATE-MARKER-MISSING'}; {'message': "TASK_BOARD.md is missing marker '## 工作规则'", 'oracle_id': 'CTX02-STATE-MARKER-MISSING'}
- component registry executable verification failed: components[0].contract_interface.locators[0].sha256 is stale for governance/ACCEPTANCE_CONTRACT_V1.json: declared=628dc791951d3e83d27ccfe30d04a2c067731b6dc5e5eccabdf3761dc824f2d6, actual=1e8603b78b2479fc200c20f673bb09fc15b35a6f39c806a988d16098dd1a0c1d; components[0].contract_interface.locators[1].sha256 is stale for governance/PROJECT_METHOD_POLICY_V1.json: declared=232c2830ba2109cd7b3cfa6a9450f2d736352b45f088f4eb0918c5d004d87dbb, actual=16521aed0eb3e865212440522ec2a6ae19eb346ab9f7d2faf3a735f46465fd7f; components[0].observability.locators[0].sha256 is stale for scripts/verify_governance.py: declared=314c71c6c3d138aa37e4501defb44a11de71385f963ffb14860aa5e246c4cc0c, actual=7488baca8f30675f2c8a4b119b6aa3b76cc38d2b0ff8cdf7930f95083d2749b9; components[0].dependencies[0].evidence_locators[0].sha256 is stale for governance/ACCEPTANCE_CONTRACT_V1.json: declared=628dc791951d3e83d27ccfe30d04a2c067731b6dc5e5eccabdf3761dc824f2d6, actual=1e8603b78b2479fc200c20f673bb09fc15b35a6f39c806a988d16098dd1a0c1d; components[0].dependencies[1].evidence_locators[0].sha256 is stale for governance/ACCEPTANCE_CONTRACT_V1.json: declared=628dc791951d3e83d27ccfe30d04a2c067731b6dc5e5eccabdf3761dc824f2d6, actual=1e8603b78b2479fc200c20f673bb09fc15b35a6f39c806a988d16098dd1a0c1d; components[0].removal_path.blocker_locators[0].sha256 is stale for governance/ACCEPTANCE_CONTRACT_V1.json: declared=628dc791951d3e83d27ccfe30d04a2c067731b6dc5e5eccabdf3761dc824f2d6, actual=1e8603b78b2479fc200c20f673bb09fc15b35a6f39c806a988d16098dd1a0c1d; components[0].evidence_locators[0].sha256 is stale for governance/PROJECT_METHOD_POLICY_V1.json: declared=232c2830ba2109cd7b3cfa6a9450f2d736352b45f088f4eb0918c5d004d87dbb, actual=16521aed0eb3e865212440522ec2a6ae19eb346ab9f7d2faf3a735f46465fd7f
- work packets executable verification failed: DAG edge WP-CONTRACT-SUPERSESSION-CLOSURE-POLICY -> WP-METHOD-RUNTIME-FOUNDATION-S1: depends_on is not matched by activates; DAG edge WP-METHOD-RUNTIME-FOUNDATION-S1 -> WP-METHOD-INTEGRATION: activates is not matched by depends_on; goal METHOD-GOVERNANCE-CLOSURE: expected exactly one live root; found ['WP-CONTRACT-SUPERSESSION-CLOSURE-POLICY', 'WP-METHOD-INTEGRATION', 'WP-METHOD-RUNTIME-FOUNDATION-S1']; goal METHOD-GOVERNANCE-CLOSURE: expected exactly one live sink; found ['WP-CONTRACT-SUPERSESSION-CLOSURE-POLICY', 'WP-FREEZE-CLOSURE-PROTOCOL', 'WP-METHOD-RUNTIME-FOUNDATION-S1']; packet WP-CONTRACT-SUPERSESSION-CLOSURE-POLICY: activates packet 'WP-METHOD-RUNTIME-FOUNDATION' is superseded without an exact recovery alias; packet WP-METHOD-INTEGRATION: depends_on packet 'WP-METHOD-RUNTIME-FOUNDATION' is superseded without an exact recovery alias; packet WP-METHOD-RUNTIME-FOUNDATION: acceptance receipt is required before state superseded; packet WP-METHOD-RUNTIME-FOUNDATION: checkpoint receipt is required before state superseded; parallel packets WP-CONTRACT-SUPERSESSION-CLOSURE-POLICY and WP-FREEZE-CLOSURE-PROTOCOL: read/write conflict; WP-FREEZE-CLOSURE-PROTOCOL reads 'scripts/verify_contract_supersession.py' while WP-CONTRACT-SUPERSESSION-CLOSURE-POLICY writes 'scripts/verify_contract_supersession.py'; parallel packets WP-CONTRACT-SUPERSESSION-CLOSURE-POLICY and WP-METHOD-INTEGRATION: read/write conflict; WP-CONTRACT-SUPERSESSION-CLOSURE-POLICY reads 'governance/ACCEPTANCE_CONTRACT_V1.json' while WP-METHOD-INTEGRATION writes 'governance/ACCEPTANCE_CONTRACT_V1.json'; parallel packets WP-CONTRACT-SUPERSESSION-CLOSURE-POLICY and WP-METHOD-INTEGRATION: read/write conflict; WP-CONTRACT-SUPERSESSION-CLOSURE-POLICY reads 'governance/PROJECT_METHOD_POLICY_V1.json' while WP-METHOD-INTEGRATION writes 'governance/PROJECT_METHOD_POLICY_V1.json'; parallel packets WP-CONTRACT-SUPERSESSION-CLOSURE-POLICY and WP-METHOD-INTEGRATION: read/write conflict; WP-METHOD-INTEGRATION reads 'scripts/verify_contract_supersession.py' while WP-CONTRACT-SUPERSESSION-CLOSURE-POLICY writes 'scripts/verify_contract_supersession.py'; parallel packets WP-FREEZE-CLOSURE-PROTOCOL and WP-METHOD-RUNTIME-FOUNDATION-S1: read/write conflict; WP-FREEZE-CLOSURE-PROTOCOL reads 'scripts/verify_governance.py' while WP-METHOD-RUNTIME-FOUNDATION-S1 writes 'scripts/verify_governance.py'; parallel packets WP-METHOD-INTEGRATION and WP-METHOD-RUNTIME-FOUNDATION-S1: read/write conflict; WP-METHOD-INTEGRATION reads 'governance/PROJECT_STATE_VIEW_POLICY_V1.json' while WP-METHOD-RUNTIME-FOUNDATION-S1 writes 'governance/PROJECT_STATE_VIEW_POLICY_V1.json'; parallel packets WP-METHOD-INTEGRATION and WP-METHOD-RUNTIME-FOUNDATION-S1: read/write conflict; WP-METHOD-RUNTIME-FOUNDATION-S1 reads 'governance/AI_PROJECT_RESEARCH_REGISTER_V1.json' while WP-METHOD-INTEGRATION writes 'governance/AI_PROJECT_RESEARCH_REGISTER_V1.json'; parallel packets WP-METHOD-INTEGRATION and WP-METHOD-RUNTIME-FOUNDATION-S1: read/write conflict; WP-METHOD-RUNTIME-FOUNDATION-S1 reads 'governance/WORK_PACKET_POLICY_V2.json' while WP-METHOD-INTEGRATION writes 'governance/WORK_PACKET_POLICY_V2.json'; parallel packets WP-METHOD-INTEGRATION and WP-METHOD-RUNTIME-FOUNDATION-S1: read/write conflict; WP-METHOD-RUNTIME-FOUNDATION-S1 reads 'scripts/verify_work_packets.py' while WP-METHOD-INTEGRATION writes 'scripts/verify_work_packets.py'; unrecordable recovery: candidate snapshot could not be verified; unrecordable recovery: review envelope ref: git exited 128: fatal: 'refs/tags/foundation-successor-recovery-review-2026-07-27-r3' - not a valid ref
- frozen tests executable verification failed: source sha256 mismatch for frozen-test file: governance_tests/test_governance_regression_runner.py; class AST sha256 mismatch for frozen-test class: governance_tests/test_governance_regression_runner.py::GovernanceRegressionRunnerTests
- execution loop executable verification failed: V2 work-packet verification failed: DAG edge WP-CONTRACT-SUPERSESSION-CLOSURE-POLICY -> WP-METHOD-RUNTIME-FOUNDATION-S1: depends_on is not matched by activates; DAG edge WP-METHOD-RUNTIME-FOUNDATION-S1 -> WP-METHOD-INTEGRATION: activates is not matched by depends_on; goal METHOD-GOVERNANCE-CLOSURE: expected exactly one live root; found ['WP-CONTRACT-SUPERSESSION-CLOSURE-POLICY', 'WP-METHOD-INTEGRATION', 'WP-METHOD-RUNTIME-FOUNDATION-S1']; goal METHOD-GOVERNANCE-CLOSURE: expected exactly one live sink; found ['WP-CONTRACT-SUPERSESSION-CLOSURE-POLICY', 'WP-FREEZE-CLOSURE-PROTOCOL', 'WP-METHOD-RUNTIME-FOUNDATION-S1']; packet WP-CONTRACT-SUPERSESSION-CLOSURE-POLICY: activates packet 'WP-METHOD-RUNTIME-FOUNDATION' is superseded without an exact recovery alias; packet WP-METHOD-INTEGRATION: depends_on packet 'WP-METHOD-RUNTIME-FOUNDATION' is superseded without an exact recovery alias; packet WP-METHOD-RUNTIME-FOUNDATION: acceptance receipt is required before state superseded; packet WP-METHOD-RUNTIME-FOUNDATION: checkpoint receipt is required before state superseded; parallel packets WP-CONTRACT-SUPERSESSION-CLOSURE-POLICY and WP-FREEZE-CLOSURE-PROTOCOL: read/write conflict; WP-FREEZE-CLOSURE-PROTOCOL reads 'scripts/verify_contract_supersession.py' while WP-CONTRACT-SUPERSESSION-CLOSURE-POLICY writes 'scripts/verify_contract_supersession.py'; parallel packets WP-CONTRACT-SUPERSESSION-CLOSURE-POLICY and WP-METHOD-INTEGRATION: read/write conflict; WP-CONTRACT-SUPERSESSION-CLOSURE-POLICY reads 'governance/ACCEPTANCE_CONTRACT_V1.json' while WP-METHOD-INTEGRATION writes 'governance/ACCEPTANCE_CONTRACT_V1.json'; parallel packets WP-CONTRACT-SUPERSESSION-CLOSURE-POLICY and WP-METHOD-INTEGRATION: read/write conflict; WP-CONTRACT-SUPERSESSION-CLOSURE-POLICY reads 'governance/PROJECT_METHOD_POLICY_V1.json' while WP-METHOD-INTEGRATION writes 'governance/PROJECT_METHOD_POLICY_V1.json'; parallel packets WP-CONTRACT-SUPERSESSION-CLOSURE-POLICY and WP-METHOD-INTEGRATION: read/write conflict; WP-METHOD-INTEGRATION reads 'scripts/verify_contract_supersession.py' while WP-CONTRACT-SUPERSESSION-CLOSURE-POLICY writes 'scripts/verify_contract_supersession.py'; parallel packets WP-FREEZE-CLOSURE-PROTOCOL and WP-METHOD-RUNTIME-FOUNDATION-S1: read/write conflict; WP-FREEZE-CLOSURE-PROTOCOL reads 'scripts/verify_governance.py' while WP-METHOD-RUNTIME-FOUNDATION-S1 writes 'scripts/verify_governance.py'; parallel packets WP-METHOD-INTEGRATION and WP-METHOD-RUNTIME-FOUNDATION-S1: read/write conflict; WP-METHOD-INTEGRATION reads 'governance/PROJECT_STATE_VIEW_POLICY_V1.json' while WP-METHOD-RUNTIME-FOUNDATION-S1 writes 'governance/PROJECT_STATE_VIEW_POLICY_V1.json'; parallel packets WP-METHOD-INTEGRATION and WP-METHOD-RUNTIME-FOUNDATION-S1: read/write conflict; WP-METHOD-RUNTIME-FOUNDATION-S1 reads 'governance/AI_PROJECT_RESEARCH_REGISTER_V1.json' while WP-METHOD-INTEGRATION writes 'governance/AI_PROJECT_RESEARCH_REGISTER_V1.json'; parallel packets WP-METHOD-INTEGRATION and WP-METHOD-RUNTIME-FOUNDATION-S1: read/write conflict; WP-METHOD-RUNTIME-FOUNDATION-S1 reads 'governance/WORK_PACKET_POLICY_V2.json' while WP-METHOD-INTEGRATION writes 'governance/WORK_PACKET_POLICY_V2.json'; parallel packets WP-METHOD-INTEGRATION and WP-METHOD-RUNTIME-FOUNDATION-S1: read/write conflict; WP-METHOD-RUNTIME-FOUNDATION-S1 reads 'scripts/verify_work_packets.py' while WP-METHOD-INTEGRATION writes 'scripts/verify_work_packets.py'; unrecordable recovery: candidate snapshot could not be verified; unrecordable recovery: review envelope ref: git exited 128: fatal: 'refs/tags/foundation-successor-recovery-review-2026-07-27-r3' - not a valid ref; ledger WP-METHOD-INTEGRATION: latest controlled snapshot is stale
- git rev-parse aa0a5966e114d6d7c87aa14fe2c27253f9f89f26^{tree} failed (128): fatal: ambiguous argument 'aa0a5966e114d6d7c87aa14fe2c27253f9f89f26^{tree}': unknown revision or path not in the working tree.
Use '--' to separate paths from revisions, like this:
'git <command> [<revision>...] -- [<file>...]'
- normative frozen file boundary differs: expected=['PRODUCT_ASSURANCE_BLUEPRINT_V2.md', 'governance/ACCEPTANCE_CASES_V1.json', 'governance/ACCEPTANCE_CONTRACT_V1.json', 'governance/AI_PROJECT_RESEARCH_REGISTER_V1.json', 'governance/ASSURANCE_SUBJECTS_V1.json', 'governance/ASSURANCE_TRUST_MODEL_V1.json', 'governance/COMPONENT_REGISTRY_V1.json', 'governance/CONTEXT_RECOVERY_SPEC_V1.json', 'governance/DECISION_AUTHORITY_V1.json', 'governance/DEPENDENCY_BOUNDARY_V1.json', 'governance/EXECUTION_LOOP_POLICY_V1.json', 'governance/EXECUTION_LOOP_POLICY_V2.json', 'governance/FAILURE_CLASSES_V1.json', 'governance/FIELD_USE_PROTOCOL_V1.json', 'governance/FROZEN_TEST_MANIFEST_V1.json', 'governance/GROUND_TRUTH_MANIFEST_V1.json', 'governance/IMPLEMENTATION_TARGETS_V1.json', 'governance/MARKET_SIMULATION_POLICY_V1.json', 'governance/MIGRATION_DRILL_SPEC_V1.json', 'governance/MONEY_AND_CORPORATE_ACTIONS_SPEC_V1.json', 'governance/NO_LIVE_SCOPE_POLICY_V1.json', 'governance/PRIVATE_DATA_POLICY_V1.json', 'governance/PROJECT_METHOD_POLICY_V1.json', 'governance/RESEARCH_SUFFICIENCY_V1.json', 'governance/RUFF_CI_CONFIG_V1.toml', 'governance/TRACEABILITY_V1.json', 'governance/USER_INTENT_V1.json', 'governance/USER_SOURCE_EXCERPTS_V1.json', 'governance/VERIFICATION_SPECS_V1.json', 'governance/WORK_PACKET_POLICY_V1.json', 'governance/WORK_PACKET_POLICY_V2.json', 'governance/requirements-ci.txt', 'research/SAME_TASK_METHOD_COMPARISON_PREREGISTRATION_R9_2026-07-25.json'], actual=['PRODUCT_ASSURANCE_BLUEPRINT_V2.md', 'governance/ACCEPTANCE_CASES_V1.json', 'governance/ACCEPTANCE_CONTRACT_V1.json', 'governance/AI_PROJECT_RESEARCH_REGISTER_V1.json', 'governance/ASSURANCE_SUBJECTS_V1.json', 'governance/ASSURANCE_TRUST_MODEL_V1.json', 'governance/COMPONENT_REGISTRY_V1.json', 'governance/CONTEXT_RECOVERY_SPEC_V1.json', 'governance/DECISION_AUTHORITY_V1.json', 'governance/DEPENDENCY_BOUNDARY_V1.json', 'governance/EXECUTION_LOOP_POLICY_V1.json', 'governance/FAILURE_CLASSES_V1.json', 'governance/FIELD_USE_PROTOCOL_V1.json', 'governance/FROZEN_TEST_MANIFEST_V1.json', 'governance/GROUND_TRUTH_MANIFEST_V1.json', 'governance/IMPLEMENTATION_TARGETS_V1.json', 'governance/MARKET_SIMULATION_POLICY_V1.json', 'governance/MIGRATION_DRILL_SPEC_V1.json', 'governance/MONEY_AND_CORPORATE_ACTIONS_SPEC_V1.json', 'governance/NO_LIVE_SCOPE_POLICY_V1.json', 'governance/PRIVATE_DATA_POLICY_V1.json', 'governance/PROJECT_METHOD_POLICY_V1.json', 'governance/RESEARCH_SUFFICIENCY_V1.json', 'governance/RUFF_CI_CONFIG_V1.toml', 'governance/TRACEABILITY_V1.json', 'governance/USER_INTENT_V1.json', 'governance/USER_SOURCE_EXCERPTS_V1.json', 'governance/VERIFICATION_SPECS_V1.json', 'governance/WORK_PACKET_POLICY_V1.json', 'governance/requirements-ci.txt', 'research/SAME_TASK_METHOD_COMPARISON_PREREGISTRATION_R9_2026-07-25.json']


======================================================================
ERROR: setUpClass (test_frozen_tests.FrozenTestIntegrityMutationTests)
----------------------------------------------------------------------
Traceback (most recent call last):
  File "/private/tmp/ids-fed7-audit.kowOr4/repo/MyBrain/projects/investment-discipline-system/governance_tests/test_frozen_tests.py", line 67, in setUpClass
    raise AssertionError(
    ...<2 lines>...
    )
AssertionError: unmodified isolated frozen-test baseline must pass before mutations:
{"baseline": {"reason": "static_integrity_failure", "status": "not_run"}, "claim_boundary": {"does_not_prove": ["correctness of any listed test oracle", "integrity or executability of unlisted tests", "correctness of product code or transitive dependencies"], "protects": "only the exact selectors listed in this manifest, their containing classes, source modules, and clean baseline outcomes"}, "errors": ["source sha256 mismatch for frozen-test file: governance_tests/test_governance_regression_runner.py", "class AST sha256 mismatch for frozen-test class: governance_tests/test_governance_regression_runner.py::GovernanceRegressionRunnerTests"], "manifest": "governance/FROZEN_TEST_MANIFEST_V1.json", "schema_version": 1, "selectors_checked": 7, "status": "fail"}


======================================================================
FAIL: test_benign_copied_project_passes (test_assurance_metadata.AssuranceMetadataMutationTests.test_benign_copied_project_passes)
----------------------------------------------------------------------
Traceback (most recent call last):
  File "/private/tmp/ids-fed7-audit.kowOr4/repo/MyBrain/projects/investment-discipline-system/governance_tests/test_assurance_metadata.py", line 217, in test_benign_copied_project_passes
    self.assertEqual(result.returncode, 0, result.stdout)
    ~~~~~~~~~~~~~~~~^^^^^^^^^^^^^^^^^^^^^^^^^^^^^^^^^^^^^
AssertionError: 1 != 0 : {"error_count": 2, "errors": ["ground-truth manifest: missing research primary artifact audits/PROJECT_METHOD_GAP_CLOSURE_REVIEW_R8_2026-07-25.md", "ground-truth manifest: missing research primary artifact audits/PROJECT_GOVERNANCE_ADVERSARIAL_REVIEW_R10_2026-07-25.md"], "status": "fail"}


======================================================================
FAIL: test_can_bind_artifact_hashes_to_exact_candidate_commit (test_assurance_metadata.AssuranceMetadataMutationTests.test_can_bind_artifact_hashes_to_exact_candidate_commit)
----------------------------------------------------------------------
Traceback (most recent call last):
  File "/private/tmp/ids-fed7-audit.kowOr4/repo/MyBrain/projects/investment-discipline-system/governance_tests/test_assurance_metadata.py", line 258, in test_can_bind_artifact_hashes_to_exact_candidate_commit
    self.assertEqual(bound_result.returncode, 0, bound_result.stdout)
    ~~~~~~~~~~~~~~~~^^^^^^^^^^^^^^^^^^^^^^^^^^^^^^^^^^^^^^^^^^^^^^^^^
AssertionError: 1 != 0 : {"error_count": 2, "errors": ["ground-truth manifest: missing research primary artifact audits/PROJECT_METHOD_GAP_CLOSURE_REVIEW_R8_2026-07-25.md", "ground-truth manifest: missing research primary artifact audits/PROJECT_GOVERNANCE_ADVERSARIAL_REVIEW_R10_2026-07-25.md"], "status": "fail"}


======================================================================
FAIL: test_actual_process_baseline_and_target_exits_are_separate (test_attack_runner.AttackRunnerTests.test_actual_process_baseline_and_target_exits_are_separate)
----------------------------------------------------------------------
Traceback (most recent call last):
  File "/private/tmp/ids-fed7-audit.kowOr4/repo/MyBrain/projects/investment-discipline-system/governance_tests/test_attack_runner.py", line 157, in test_actual_process_baseline_and_target_exits_are_separate
    self.assertEqual(receipt["baseline"]["exit_code"], 0)
    ~~~~~~~~~~~~~~~~^^^^^^^^^^^^^^^^^^^^^^^^^^^^^^^^^^^^^
AssertionError: 1 != 0

======================================================================
FAIL: test_full_canonical_replay_exposes_all_actual_target_exits (test_attack_runner.AttackRunnerTests.test_full_canonical_replay_exposes_all_actual_target_exits)
----------------------------------------------------------------------
Traceback (most recent call last):
  File "/private/tmp/ids-fed7-audit.kowOr4/repo/MyBrain/projects/investment-discipline-system/governance_tests/test_attack_runner.py", line 287, in test_full_canonical_replay_exposes_all_actual_target_exits
    self.assertEqual(completed.returncode, 0, completed.stdout)
    ~~~~~~~~~~~~~~~~^^^^^^^^^^^^^^^^^^^^^^^^^^^^^^^^^^^^^^^^^^^
AssertionError: 1 != 0 : {"candidate_commit": "65b2bdbaa08d963fee594bebfc31dade01514d7c", "candidate_tree": "4d04f2f8c4807fe2443d3935a564ec7c092ad86a", "completed_at": "2026-07-28T04:09:56.073242+00:00", "required_attack_ids": ["ATTACK-PIT-ORACLE-INVERSION", "ATTACK-SAME-BAR-CAUSALITY-SMUGGLE", "ATTACK-SPLIT-ACCOUNTING-SMUGGLE", "ATTACK-CONDITIONAL-SELF-ATTESTATION"], "results": [{"actual_runner_process_exit": 2, "attack_id": "ATTACK-PIT-ORACLE-INVERSION", "baseline_stdout_sha256": "dd10100bef1a59408755443ef91da495b22b8b08d417ab4e6c8fb4e37c006791", "baseline_verifier_exit": 1, "declared_runner_exit_code": 2, "execution_fingerprint": "456d897d12a2718fa59b2172961b41beda41f305dd2ddd2252301ee4b16bcee6", "receipt_sha256": "0451f82ebcc767f6009102098534c951a30697287fce241345f16020105bb9b0", "result": "escaped_or_runner_error", "target_stdout_sha256": null, "target_verifier_exit": null}, {"actual_runner_process_exit": 2, "attack_id": "ATTACK-SAME-BAR-CAUSALITY-SMUGGLE", "baseline_stdout_sha256": "dd10100bef1a59408755443ef91da495b22b8b08d417ab4e6c8fb4e37c006791", "baseline_verifier_exit": 1, "declared_runner_exit_code": 2, "execution_fingerprint": "560643bbd98b7d283a256a7fcbd3358f59d6aa8d4a5c37423f47caa7d288dd1e", "receipt_sha256": "225784e0b99bb2f03402d7c0a5444cec770031c1e7dc12d0fed4a048368bdc37", "result": "escaped_or_runner_error", "target_stdout_sha256": null, "target_verifier_exit": null}, {"actual_runner_process_exit": 2, "attack_id": "ATTACK-SPLIT-ACCOUNTING-SMUGGLE", "baseline_stdout_sha256": "dd10100bef1a59408755443ef91da495b22b8b08d417ab4e6c8fb4e37c006791", "baseline_verifier_exit": 1, "declared_runner_exit_code": 2, "execution_fingerprint": "6444e63ec4bca8172f731d3a219f8418ae489fa8c7f7592834db8a7b0a2a4ad7", "receipt_sha256": "6091c04f5f6e12c86d70a898709151cf852f5cdf78f454f7f1af3d4406ccb408", "result": "escaped_or_runner_error", "target_stdout_sha256": null, "target_verifier_exit": null}, {"actual_runner_process_exit": 2, "attack_id": "ATTACK-CONDITIONAL-SELF-ATTESTATION", "baseline_stdout_sha256": "dd10100bef1a59408755443ef91da495b22b8b08d417ab4e6c8fb4e37c006791", "baseline_verifier_exit": 1, "declared_runner_exit_code": 2, "execution_fingerprint": "6b157e7e64b3cabbbe4891b953b0de7e82ad4972068f854ce4536fe35fd28fe3", "receipt_sha256": "70c5bc59dd140e0587ec4556c3cd4ca6cf5d12ae71e1185d190fbb1752fb5a7f", "result": "escaped_or_runner_error", "target_stdout_sha256": null, "target_verifier_exit": null}], "runner_id": "ids-design-freeze-attack-runner-v1", "runner_sha256": "6f704c4dce4f4f44c9779b6c5ca63499aae37ba27e0863300ff74579429e3961", "schema_version": 2, "started_at": "2026-07-28T04:09:41.063976+00:00", "status": "fail"}


======================================================================
FAIL: test_post_candidate_restricted_novelty_spec_is_executed (test_attack_runner.AttackRunnerTests.test_post_candidate_restricted_novelty_spec_is_executed)
----------------------------------------------------------------------
Traceback (most recent call last):
  File "/private/tmp/ids-fed7-audit.kowOr4/repo/MyBrain/projects/investment-discipline-system/governance_tests/test_attack_runner.py", line 265, in test_post_candidate_restricted_novelty_spec_is_executed
    self.assertEqual(completed.returncode, 0, completed.stdout)
    ~~~~~~~~~~~~~~~~^^^^^^^^^^^^^^^^^^^^^^^^^^^^^^^^^^^^^^^^^^^
AssertionError: 2 != 0 : {"baseline": {"argv": ["PYTHON", "scripts/verify_governance.py", "--allow-candidate"], "exit_code": 1, "stdout": "governance verification: FAIL\n- research sufficiency executable verification failed: research sufficiency current_evaluation differs\n- assurance metadata executable verification failed: ground-truth manifest: stale artifact hash for governance/ACCEPTANCE_CONTRACT_V1.json; ground-truth manifest: stale artifact hash for governance/AI_PROJECT_RESEARCH_REGISTER_V1.json; ground-truth manifest: stale artifact hash for governance/ASSURANCE_SUBJECTS_V1.json; ground-truth manifest: stale artifact hash for governance/FROZEN_TEST_MANIFEST_V1.json; ground-truth manifest: stale artifact hash for governance/NO_LIVE_SCOPE_POLICY_V1.json; ground-truth manifest: stale artifact hash for governance/PROJECT_METHOD_POLICY_V1.json; ground-truth manifest: missing research primary artifact audits/PROJECT_METHOD_GAP_CLOSURE_REVIEW_R8_2026-07-25.md; ground-truth manifest: missing research primary artifact audits/PROJECT_GOVERNANCE_ADVERSARIAL_REVIEW_R10_2026-07-25.md\n- context recovery executable verification failed: {'message': \"STATUS.md is missing marker '## 当前裁决'\", 'oracle_id': 'CTX02-STATE-MARKER-MISSING'}; {'message': \"STATUS.md is missing marker '## 已有且仍然有效'\", 'oracle_id': 'CTX02-STATE-MARKER-MISSING'}; {'message': \"STATUS.md is missing marker '## 进行中'\", 'oracle_id': 'CTX02-STATE-MARKER-MISSING'}; {'message': \"STATUS.md is missing marker '## 当前下一步'\", 'oracle_id': 'CTX02-STATE-MARKER-MISSING'}; {'message': \"STATUS.md is missing marker '## 主要残余风险'\", 'oracle_id': 'CTX02-STATE-MARKER-MISSING'}; {'message': \"TASK_BOARD.md is missing marker '## 进行中'\", 'oracle_id': 'CTX02-STATE-MARKER-MISSING'}; {'message': \"TASK_BOARD.md is missing marker '## 已排队'\", 'oracle_id': 'CTX02-STATE-MARKER-MISSING'}; {'message': \"TASK_BOARD.md is missing marker '## 条件性任务'\", 'oracle_id': 'CTX02-STATE-MARKER-MISSING'}; {'message': \"TASK_BOARD.md is missing marker '## 已完成且证据仍有效'\", 'oracle_id': 'CTX02-STATE-MARKER-MISSING'}; {'message': \"TASK_BOARD.md is missing marker '## 工作规则'\", 'oracle_id': 'CTX02-STATE-MARKER-MISSING'}\n- component registry executable verification failed: components[0].contract_interface.locators[0].sha256 is stale for governance/ACCEPTANCE_CONTRACT_V1.json: declared=628dc791951d3e83d27ccfe30d04a2c067731b6dc5e5eccabdf3761dc824f2d6, actual=1e8603b78b2479fc200c20f673bb09fc15b35a6f39c806a988d16098dd1a0c1d; components[0].contract_interface.locators[1].sha256 is stale for governance/PROJECT_METHOD_POLICY_V1.json: declared=232c2830ba2109cd7b3cfa6a9450f2d736352b45f088f4eb0918c5d004d87dbb, actual=16521aed0eb3e865212440522ec2a6ae19eb346ab9f7d2faf3a735f46465fd7f; components[0].observability.locators[0].sha256 is stale for scripts/verify_governance.py: declared=314c71c6c3d138aa37e4501defb44a11de71385f963ffb14860aa5e246c4cc0c, actual=7488baca8f30675f2c8a4b119b6aa3b76cc38d2b0ff8cdf7930f95083d2749b9; components[0].dependencies[0].evidence_locators[0].sha256 is stale for governance/ACCEPTANCE_CONTRACT_V1.json: declared=628dc791951d3e83d27ccfe30d04a2c067731b6dc5e5eccabdf3761dc824f2d6, actual=1e8603b78b2479fc200c20f673bb09fc15b35a6f39c806a988d16098dd1a0c1d; components[0].dependencies[1].evidence_locators[0].sha256 is stale for governance/ACCEPTANCE_CONTRACT_V1.json: declared=628dc791951d3e83d27ccfe30d04a2c067731b6dc5e5eccabdf3761dc824f2d6, actual=1e8603b78b2479fc200c20f673bb09fc15b35a6f39c806a988d16098dd1a0c1d; components[0].removal_path.blocker_locators[0].sha256 is stale for governance/ACCEPTANCE_CONTRACT_V1.json: declared=628dc791951d3e83d27ccfe30d04a2c067731b6dc5e5eccabdf3761dc824f2d6, actual=1e8603b78b2479fc200c20f673bb09fc15b35a6f39c806a988d16098dd1a0c1d; components[0].evidence_locators[0].sha256 is stale for governance/PROJECT_METHOD_POLICY_V1.json: declared=232c2830ba2109cd7b3cfa6a9450f2d736352b45f088f4eb0918c5d004d87dbb, actual=16521aed0eb3e865212440522ec2a6ae19eb346ab9f7d2faf3a735f46465fd7f\n- work packets executable verification failed: DAG edge WP-CONTRACT-SUPERSESSION-CLOSURE-POLICY -> WP-METHOD-RUNTIME-FOUNDATION-S1: depends_on is not matched by activates; DAG edge WP-METHOD-RUNTIME-FOUNDATION-S1 -> WP-METHOD-INTEGRATION: activates is not matched by depends_on; goal METHOD-GOVERNANCE-CLOSURE: expected exactly one live root; found ['WP-CONTRACT-SUPERSESSION-CLOSURE-POLICY', 'WP-METHOD-INTEGRATION', 'WP-METHOD-RUNTIME-FOUNDATION-S1']; goal METHOD-GOVERNANCE-CLOSURE: expected exactly one live sink; found ['WP-CONTRACT-SUPERSESSION-CLOSURE-POLICY', 'WP-FREEZE-CLOSURE-PROTOCOL', 'WP-METHOD-RUNTIME-FOUNDATION-S1']; packet WP-CONTRACT-SUPERSESSION-CLOSURE-POLICY: activates packet 'WP-METHOD-RUNTIME-FOUNDATION' is superseded without an exact recovery alias; packet WP-METHOD-INTEGRATION: depends_on packet 'WP-METHOD-RUNTIME-FOUNDATION' is superseded without an exact recovery alias; packet WP-METHOD-RUNTIME-FOUNDATION: acceptance receipt is required before state superseded; packet WP-METHOD-RUNTIME-FOUNDATION: checkpoint receipt is required before state superseded; parallel packets WP-CONTRACT-SUPERSESSION-CLOSURE-POLICY and WP-FREEZE-CLOSURE-PROTOCOL: read/write conflict; WP-FREEZE-CLOSURE-PROTOCOL reads 'scripts/verify_contract_supersession.py' while WP-CONTRACT-SUPERSESSION-CLOSURE-POLICY writes 'scripts/verify_contract_supersession.py'; parallel packets WP-CONTRACT-SUPERSESSION-CLOSURE-POLICY and WP-METHOD-INTEGRATION: read/write conflict; WP-CONTRACT-SUPERSESSION-CLOSURE-POLICY reads 'governance/ACCEPTANCE_CONTRACT_V1.json' while WP-METHOD-INTEGRATION writes 'governance/ACCEPTANCE_CONTRACT_V1.json'; parallel packets WP-CONTRACT-SUPERSESSION-CLOSURE-POLICY and WP-METHOD-INTEGRATION: read/write conflict; WP-CONTRACT-SUPERSESSION-CLOSURE-POLICY reads 'governance/PROJECT_METHOD_POLICY_V1.json' while WP-METHOD-INTEGRATION writes 'governance/PROJECT_METHOD_POLICY_V1.json'; parallel packets WP-CONTRACT-SUPERSESSION-CLOSURE-POLICY and WP-METHOD-INTEGRATION: read/write conflict; WP-METHOD-INTEGRATION reads 'scripts/verify_contract_supersession.py' while WP-CONTRACT-SUPERSESSION-CLOSURE-POLICY writes 'scripts/verify_contract_supersession.py'; parallel packets WP-FREEZE-CLOSURE-PROTOCOL and WP-METHOD-RUNTIME-FOUNDATION-S1: read/write conflict; WP-FREEZE-CLOSURE-PROTOCOL reads 'scripts/verify_governance.py' while WP-METHOD-RUNTIME-FOUNDATION-S1 writes 'scripts/verify_governance.py'; parallel packets WP-METHOD-INTEGRATION and WP-METHOD-RUNTIME-FOUNDATION-S1: read/write conflict; WP-METHOD-INTEGRATION reads 'governance/PROJECT_STATE_VIEW_POLICY_V1.json' while WP-METHOD-RUNTIME-FOUNDATION-S1 writes 'governance/PROJECT_STATE_VIEW_POLICY_V1.json'; parallel packets WP-METHOD-INTEGRATION and WP-METHOD-RUNTIME-FOUNDATION-S1: read/write conflict; WP-METHOD-RUNTIME-FOUNDATION-S1 reads 'governance/AI_PROJECT_RESEARCH_REGISTER_V1.json' while WP-METHOD-INTEGRATION writes 'governance/AI_PROJECT_RESEARCH_REGISTER_V1.json'; parallel packets WP-METHOD-INTEGRATION and WP-METHOD-RUNTIME-FOUNDATION-S1: read/write conflict; WP-METHOD-RUNTIME-FOUNDATION-S1 reads 'governance/WORK_PACKET_POLICY_V2.json' while WP-METHOD-INTEGRATION writes 'governance/WORK_PACKET_POLICY_V2.json'; parallel packets WP-METHOD-INTEGRATION and WP-METHOD-RUNTIME-FOUNDATION-S1: read/write conflict; WP-METHOD-RUNTIME-FOUNDATION-S1 reads 'scripts/verify_work_packets.py' while WP-METHOD-INTEGRATION writes 'scripts/verify_work_packets.py'; unrecordable recovery: Git alternate object store is not allowed; unrecordable recovery: candidate snapshot could not be verified; unrecordable recovery: review envelope ref: git exited 128: fatal: 'refs/tags/foundation-successor-recovery-review-2026-07-27-r3' - not a valid ref\n- frozen tests executable verification failed: source sha256 mismatch for frozen-test file: governance_tests/test_governance_regression_runner.py; class AST sha256 mismatch for frozen-test class: governance_tests/test_governance_regression_runner.py::GovernanceRegressionRunnerTests\n- execution loop executable verification failed: V2 work-packet verification failed: DAG edge WP-CONTRACT-SUPERSESSION-CLOSURE-POLICY -> WP-METHOD-RUNTIME-FOUNDATION-S1: depends_on is not matched by activates; DAG edge WP-METHOD-RUNTIME-FOUNDATION-S1 -> WP-METHOD-INTEGRATION: activates is not matched by depends_on; goal METHOD-GOVERNANCE-CLOSURE: expected exactly one live root; found ['WP-CONTRACT-SUPERSESSION-CLOSURE-POLICY', 'WP-METHOD-INTEGRATION', 'WP-METHOD-RUNTIME-FOUNDATION-S1']; goal METHOD-GOVERNANCE-CLOSURE: expected exactly one live sink; found ['WP-CONTRACT-SUPERSESSION-CLOSURE-POLICY', 'WP-FREEZE-CLOSURE-PROTOCOL', 'WP-METHOD-RUNTIME-FOUNDATION-S1']; packet WP-CONTRACT-SUPERSESSION-CLOSURE-POLICY: activates packet 'WP-METHOD-RUNTIME-FOUNDATION' is superseded without an exact recovery alias; packet WP-METHOD-INTEGRATION: depends_on packet 'WP-METHOD-RUNTIME-FOUNDATION' is superseded without an exact recovery alias; packet WP-METHOD-RUNTIME-FOUNDATION: acceptance receipt is required before state superseded; packet WP-METHOD-RUNTIME-FOUNDATION: checkpoint receipt is required before state superseded; parallel packets WP-CONTRACT-SUPERSESSION-CLOSURE-POLICY and WP-FREEZE-CLOSURE-PROTOCOL: read/write conflict; WP-FREEZE-CLOSURE-PROTOCOL reads 'scripts/verify_contract_supersession.py' while WP-CONTRACT-SUPERSESSION-CLOSURE-POLICY writes 'scripts/verify_contract_supersession.py'; parallel packets WP-CONTRACT-SUPERSESSION-CLOSURE-POLICY and WP-METHOD-INTEGRATION: read/write conflict; WP-CONTRACT-SUPERSESSION-CLOSURE-POLICY reads 'governance/ACCEPTANCE_CONTRACT_V1.json' while WP-METHOD-INTEGRATION writes 'governance/ACCEPTANCE_CONTRACT_V1.json'; parallel packets WP-CONTRACT-SUPERSESSION-CLOSURE-POLICY and WP-METHOD-INTEGRATION: read/write conflict; WP-CONTRACT-SUPERSESSION-CLOSURE-POLICY reads 'governance/PROJECT_METHOD_POLICY_V1.json' while WP-METHOD-INTEGRATION writes 'governance/PROJECT_METHOD_POLICY_V1.json'; parallel packets WP-CONTRACT-SUPERSESSION-CLOSURE-POLICY and WP-METHOD-INTEGRATION: read/write conflict; WP-METHOD-INTEGRATION reads 'scripts/verify_contract_supersession.py' while WP-CONTRACT-SUPERSESSION-CLOSURE-POLICY writes 'scripts/verify_contract_supersession.py'; parallel packets WP-FREEZE-CLOSURE-PROTOCOL and WP-METHOD-RUNTIME-FOUNDATION-S1: read/write conflict; WP-FREEZE-CLOSURE-PROTOCOL reads 'scripts/verify_governance.py' while WP-METHOD-RUNTIME-FOUNDATION-S1 writes 'scripts/verify_governance.py'; parallel packets WP-METHOD-INTEGRATION and WP-METHOD-RUNTIME-FOUNDATION-S1: read/write conflict; WP-METHOD-INTEGRATION reads 'governance/PROJECT_STATE_VIEW_POLICY_V1.json' while WP-METHOD-RUNTIME-FOUNDATION-S1 writes 'governance/PROJECT_STATE_VIEW_POLICY_V1.json'; parallel packets WP-METHOD-INTEGRATION and WP-METHOD-RUNTIME-FOUNDATION-S1: read/write conflict; WP-METHOD-RUNTIME-FOUNDATION-S1 reads 'governance/AI_PROJECT_RESEARCH_REGISTER_V1.json' while WP-METHOD-INTEGRATION writes 'governance/AI_PROJECT_RESEARCH_REGISTER_V1.json'; parallel packets WP-METHOD-INTEGRATION and WP-METHOD-RUNTIME-FOUNDATION-S1: read/write conflict; WP-METHOD-RUNTIME-FOUNDATION-S1 reads 'governance/WORK_PACKET_POLICY_V2.json' while WP-METHOD-INTEGRATION writes 'governance/WORK_PACKET_POLICY_V2.json'; parallel packets WP-METHOD-INTEGRATION and WP-METHOD-RUNTIME-FOUNDATION-S1: read/write conflict; WP-METHOD-RUNTIME-FOUNDATION-S1 reads 'scripts/verify_work_packets.py' while WP-METHOD-INTEGRATION writes 'scripts/verify_work_packets.py'; unrecordable recovery: Git alternate object store is not allowed; unrecordable recovery: candidate snapshot could not be verified; unrecordable recovery: review envelope ref: git exited 128: fatal: 'refs/tags/foundation-successor-recovery-review-2026-07-27-r3' - not a valid ref\n- git rev-parse aa0a5966e114d6d7c87aa14fe2c27253f9f89f26^{tree} failed (128): fatal: ambiguous argument 'aa0a5966e114d6d7c87aa14fe2c27253f9f89f26^{tree}': unknown revision or path not in the working tree.\nUse '--' to separate paths from revisions, like this:\n'git <command> [<revision>...] -- [<file>...]'\n- normative frozen file boundary differs: expected=['PRODUCT_ASSURANCE_BLUEPRINT_V2.md', 'governance/ACCEPTANCE_CASES_V1.json', 'governance/ACCEPTANCE_CONTRACT_V1.json', 'governance/AI_PROJECT_RESEARCH_REGISTER_V1.json', 'governance/ASSURANCE_SUBJECTS_V1.json', 'governance/ASSURANCE_TRUST_MODEL_V1.json', 'governance/COMPONENT_REGISTRY_V1.json', 'governance/CONTEXT_RECOVERY_SPEC_V1.json', 'governance/DECISION_AUTHORITY_V1.json', 'governance/DEPENDENCY_BOUNDARY_V1.json', 'governance/EXECUTION_LOOP_POLICY_V1.json', 'governance/EXECUTION_LOOP_POLICY_V2.json', 'governance/FAILURE_CLASSES_V1.json', 'governance/FIELD_USE_PROTOCOL_V1.json', 'governance/FROZEN_TEST_MANIFEST_V1.json', 'governance/GROUND_TRUTH_MANIFEST_V1.json', 'governance/IMPLEMENTATION_TARGETS_V1.json', 'governance/MARKET_SIMULATION_POLICY_V1.json', 'governance/MIGRATION_DRILL_SPEC_V1.json', 'governance/MONEY_AND_CORPORATE_ACTIONS_SPEC_V1.json', 'governance/NO_LIVE_SCOPE_POLICY_V1.json', 'governance/PRIVATE_DATA_POLICY_V1.json', 'governance/PROJECT_METHOD_POLICY_V1.json', 'governance/RESEARCH_SUFFICIENCY_V1.json', 'governance/RUFF_CI_CONFIG_V1.toml', 'governance/TRACEABILITY_V1.json', 'governance/USER_INTENT_V1.json', 'governance/USER_SOURCE_EXCERPTS_V1.json', 'governance/VERIFICATION_SPECS_V1.json', 'governance/WORK_PACKET_POLICY_V1.json', 'governance/WORK_PACKET_POLICY_V2.json', 'governance/requirements-ci.txt', 'research/SAME_TASK_METHOD_COMPARISON_PREREGISTRATION_R9_2026-07-25.json'], actual=['PRODUCT_ASSURANCE_BLUEPRINT_V2.md', 'governance/ACCEPTANCE_CASES_V1.json', 'governance/ACCEPTANCE_CONTRACT_V1.json', 'governance/AI_PROJECT_RESEARCH_REGISTER_V1.json', 'governance/ASSURANCE_SUBJECTS_V1.json', 'governance/ASSURANCE_TRUST_MODEL_V1.json', 'governance/COMPONENT_REGISTRY_V1.json', 'governance/CONTEXT_RECOVERY_SPEC_V1.json', 'governance/DECISION_AUTHORITY_V1.json', 'governance/DEPENDENCY_BOUNDARY_V1.json', 'governance/EXECUTION_LOOP_POLICY_V1.json', 'governance/FAILURE_CLASSES_V1.json', 'governance/FIELD_USE_PROTOCOL_V1.json', 'governance/FROZEN_TEST_MANIFEST_V1.json', 'governance/GROUND_TRUTH_MANIFEST_V1.json', 'governance/IMPLEMENTATION_TARGETS_V1.json', 'governance/MARKET_SIMULATION_POLICY_V1.json', 'governance/MIGRATION_DRILL_SPEC_V1.json', 'governance/MONEY_AND_CORPORATE_ACTIONS_SPEC_V1.json', 'governance/NO_LIVE_SCOPE_POLICY_V1.json', 'governance/PRIVATE_DATA_POLICY_V1.json', 'governance/PROJECT_METHOD_POLICY_V1.json', 'governance/RESEARCH_SUFFICIENCY_V1.json', 'governance/RUFF_CI_CONFIG_V1.toml', 'governance/TRACEABILITY_V1.json', 'governance/USER_INTENT_V1.json', 'governance/USER_SOURCE_EXCERPTS_V1.json', 'governance/VERIFICATION_SPECS_V1.json', 'governance/WORK_PACKET_POLICY_V1.json', 'governance/requirements-ci.txt', 'research/SAME_TASK_METHOD_COMPARISON_PREREGISTRATION_R9_2026-07-25.json']\n", "stdout_sha256": "dd10100bef1a59408755443ef91da495b22b8b08d417ab4e6c8fb4e37c006791"}, "candidate_commit": "65b2bdbaa08d963fee594bebfc31dade01514d7c", "candidate_tree": "4d04f2f8c4807fe2443d3935a564ec7c092ad86a", "completed_at": "2026-07-28T04:09:59.959021+00:00", "execution_fingerprint": "7641b4e5840bbb5d20a994d524f2364a1cc7eb3fe11a005f75e1e950ac376c78", "expected_rejection_substring": "CASE-PIT-LATE-RETRIEVAL freeze-critical semantics differ", "mode": "novelty", "mutation_observation": null, "mutation_spec_sha256": "12735f16bf24330bd91069ad5c42644d9162522eee56554de76a58d5f9d5aab2", "probe_id": "PROBE-POST-CANDIDATE-PIT-TEST", "project_prefix": "MyBrain/projects/investment-discipline-system/", "result": "invalid_baseline", "runner_exit_code": 2, "runner_id": "ids-design-freeze-attack-runner-v1", "runner_sha256": "6f704c4dce4f4f44c9779b6c5ca63499aae37ba27e0863300ff74579429e3961", "schema_version": 2, "started_at": "2026-07-28T04:09:56.406175+00:00", "target": null}


======================================================================
FAIL: test_replay_rejects_forged_declared_or_target_exit (test_attack_runner.AttackRunnerTests.test_replay_rejects_forged_declared_or_target_exit)
----------------------------------------------------------------------
Traceback (most recent call last):
  File "/private/tmp/ids-fed7-audit.kowOr4/repo/MyBrain/projects/investment-discipline-system/governance_tests/test_attack_runner.py", line 178, in test_replay_rejects_forged_declared_or_target_exit
    self.assertEqual(completed.returncode, 0, completed.stdout)
    ~~~~~~~~~~~~~~~~^^^^^^^^^^^^^^^^^^^^^^^^^^^^^^^^^^^^^^^^^^^
AssertionError: 2 != 0 : {"baseline": {"argv": ["PYTHON", "scripts/verify_governance.py", "--allow-candidate"], "exit_code": 1, "stdout": "governance verification: FAIL\n- research sufficiency executable verification failed: research sufficiency current_evaluation differs\n- assurance metadata executable verification failed: ground-truth manifest: stale artifact hash for governance/ACCEPTANCE_CONTRACT_V1.json; ground-truth manifest: stale artifact hash for governance/AI_PROJECT_RESEARCH_REGISTER_V1.json; ground-truth manifest: stale artifact hash for governance/ASSURANCE_SUBJECTS_V1.json; ground-truth manifest: stale artifact hash for governance/FROZEN_TEST_MANIFEST_V1.json; ground-truth manifest: stale artifact hash for governance/NO_LIVE_SCOPE_POLICY_V1.json; ground-truth manifest: stale artifact hash for governance/PROJECT_METHOD_POLICY_V1.json; ground-truth manifest: missing research primary artifact audits/PROJECT_METHOD_GAP_CLOSURE_REVIEW_R8_2026-07-25.md; ground-truth manifest: missing research primary artifact audits/PROJECT_GOVERNANCE_ADVERSARIAL_REVIEW_R10_2026-07-25.md\n- context recovery executable verification failed: {'message': \"STATUS.md is missing marker '## 当前裁决'\", 'oracle_id': 'CTX02-STATE-MARKER-MISSING'}; {'message': \"STATUS.md is missing marker '## 已有且仍然有效'\", 'oracle_id': 'CTX02-STATE-MARKER-MISSING'}; {'message': \"STATUS.md is missing marker '## 进行中'\", 'oracle_id': 'CTX02-STATE-MARKER-MISSING'}; {'message': \"STATUS.md is missing marker '## 当前下一步'\", 'oracle_id': 'CTX02-STATE-MARKER-MISSING'}; {'message': \"STATUS.md is missing marker '## 主要残余风险'\", 'oracle_id': 'CTX02-STATE-MARKER-MISSING'}; {'message': \"TASK_BOARD.md is missing marker '## 进行中'\", 'oracle_id': 'CTX02-STATE-MARKER-MISSING'}; {'message': \"TASK_BOARD.md is missing marker '## 已排队'\", 'oracle_id': 'CTX02-STATE-MARKER-MISSING'}; {'message': \"TASK_BOARD.md is missing marker '## 条件性任务'\", 'oracle_id': 'CTX02-STATE-MARKER-MISSING'}; {'message': \"TASK_BOARD.md is missing marker '## 已完成且证据仍有效'\", 'oracle_id': 'CTX02-STATE-MARKER-MISSING'}; {'message': \"TASK_BOARD.md is missing marker '## 工作规则'\", 'oracle_id': 'CTX02-STATE-MARKER-MISSING'}\n- component registry executable verification failed: components[0].contract_interface.locators[0].sha256 is stale for governance/ACCEPTANCE_CONTRACT_V1.json: declared=628dc791951d3e83d27ccfe30d04a2c067731b6dc5e5eccabdf3761dc824f2d6, actual=1e8603b78b2479fc200c20f673bb09fc15b35a6f39c806a988d16098dd1a0c1d; components[0].contract_interface.locators[1].sha256 is stale for governance/PROJECT_METHOD_POLICY_V1.json: declared=232c2830ba2109cd7b3cfa6a9450f2d736352b45f088f4eb0918c5d004d87dbb, actual=16521aed0eb3e865212440522ec2a6ae19eb346ab9f7d2faf3a735f46465fd7f; components[0].observability.locators[0].sha256 is stale for scripts/verify_governance.py: declared=314c71c6c3d138aa37e4501defb44a11de71385f963ffb14860aa5e246c4cc0c, actual=7488baca8f30675f2c8a4b119b6aa3b76cc38d2b0ff8cdf7930f95083d2749b9; components[0].dependencies[0].evidence_locators[0].sha256 is stale for governance/ACCEPTANCE_CONTRACT_V1.json: declared=628dc791951d3e83d27ccfe30d04a2c067731b6dc5e5eccabdf3761dc824f2d6, actual=1e8603b78b2479fc200c20f673bb09fc15b35a6f39c806a988d16098dd1a0c1d; components[0].dependencies[1].evidence_locators[0].sha256 is stale for governance/ACCEPTANCE_CONTRACT_V1.json: declared=628dc791951d3e83d27ccfe30d04a2c067731b6dc5e5eccabdf3761dc824f2d6, actual=1e8603b78b2479fc200c20f673bb09fc15b35a6f39c806a988d16098dd1a0c1d; components[0].removal_path.blocker_locators[0].sha256 is stale for governance/ACCEPTANCE_CONTRACT_V1.json: declared=628dc791951d3e83d27ccfe30d04a2c067731b6dc5e5eccabdf3761dc824f2d6, actual=1e8603b78b2479fc200c20f673bb09fc15b35a6f39c806a988d16098dd1a0c1d; components[0].evidence_locators[0].sha256 is stale for governance/PROJECT_METHOD_POLICY_V1.json: declared=232c2830ba2109cd7b3cfa6a9450f2d736352b45f088f4eb0918c5d004d87dbb, actual=16521aed0eb3e865212440522ec2a6ae19eb346ab9f7d2faf3a735f46465fd7f\n- work packets executable verification failed: DAG edge WP-CONTRACT-SUPERSESSION-CLOSURE-POLICY -> WP-METHOD-RUNTIME-FOUNDATION-S1: depends_on is not matched by activates; DAG edge WP-METHOD-RUNTIME-FOUNDATION-S1 -> WP-METHOD-INTEGRATION: activates is not matched by depends_on; goal METHOD-GOVERNANCE-CLOSURE: expected exactly one live root; found ['WP-CONTRACT-SUPERSESSION-CLOSURE-POLICY', 'WP-METHOD-INTEGRATION', 'WP-METHOD-RUNTIME-FOUNDATION-S1']; goal METHOD-GOVERNANCE-CLOSURE: expected exactly one live sink; found ['WP-CONTRACT-SUPERSESSION-CLOSURE-POLICY', 'WP-FREEZE-CLOSURE-PROTOCOL', 'WP-METHOD-RUNTIME-FOUNDATION-S1']; packet WP-CONTRACT-SUPERSESSION-CLOSURE-POLICY: activates packet 'WP-METHOD-RUNTIME-FOUNDATION' is superseded without an exact recovery alias; packet WP-METHOD-INTEGRATION: depends_on packet 'WP-METHOD-RUNTIME-FOUNDATION' is superseded without an exact recovery alias; packet WP-METHOD-RUNTIME-FOUNDATION: acceptance receipt is required before state superseded; packet WP-METHOD-RUNTIME-FOUNDATION: checkpoint receipt is required before state superseded; parallel packets WP-CONTRACT-SUPERSESSION-CLOSURE-POLICY and WP-FREEZE-CLOSURE-PROTOCOL: read/write conflict; WP-FREEZE-CLOSURE-PROTOCOL reads 'scripts/verify_contract_supersession.py' while WP-CONTRACT-SUPERSESSION-CLOSURE-POLICY writes 'scripts/verify_contract_supersession.py'; parallel packets WP-CONTRACT-SUPERSESSION-CLOSURE-POLICY and WP-METHOD-INTEGRATION: read/write conflict; WP-CONTRACT-SUPERSESSION-CLOSURE-POLICY reads 'governance/ACCEPTANCE_CONTRACT_V1.json' while WP-METHOD-INTEGRATION writes 'governance/ACCEPTANCE_CONTRACT_V1.json'; parallel packets WP-CONTRACT-SUPERSESSION-CLOSURE-POLICY and WP-METHOD-INTEGRATION: read/write conflict; WP-CONTRACT-SUPERSESSION-CLOSURE-POLICY reads 'governance/PROJECT_METHOD_POLICY_V1.json' while WP-METHOD-INTEGRATION writes 'governance/PROJECT_METHOD_POLICY_V1.json'; parallel packets WP-CONTRACT-SUPERSESSION-CLOSURE-POLICY and WP-METHOD-INTEGRATION: read/write conflict; WP-METHOD-INTEGRATION reads 'scripts/verify_contract_supersession.py' while WP-CONTRACT-SUPERSESSION-CLOSURE-POLICY writes 'scripts/verify_contract_supersession.py'; parallel packets WP-FREEZE-CLOSURE-PROTOCOL and WP-METHOD-RUNTIME-FOUNDATION-S1: read/write conflict; WP-FREEZE-CLOSURE-PROTOCOL reads 'scripts/verify_governance.py' while WP-METHOD-RUNTIME-FOUNDATION-S1 writes 'scripts/verify_governance.py'; parallel packets WP-METHOD-INTEGRATION and WP-METHOD-RUNTIME-FOUNDATION-S1: read/write conflict; WP-METHOD-INTEGRATION reads 'governance/PROJECT_STATE_VIEW_POLICY_V1.json' while WP-METHOD-RUNTIME-FOUNDATION-S1 writes 'governance/PROJECT_STATE_VIEW_POLICY_V1.json'; parallel packets WP-METHOD-INTEGRATION and WP-METHOD-RUNTIME-FOUNDATION-S1: read/write conflict; WP-METHOD-RUNTIME-FOUNDATION-S1 reads 'governance/AI_PROJECT_RESEARCH_REGISTER_V1.json' while WP-METHOD-INTEGRATION writes 'governance/AI_PROJECT_RESEARCH_REGISTER_V1.json'; parallel packets WP-METHOD-INTEGRATION and WP-METHOD-RUNTIME-FOUNDATION-S1: read/write conflict; WP-METHOD-RUNTIME-FOUNDATION-S1 reads 'governance/WORK_PACKET_POLICY_V2.json' while WP-METHOD-INTEGRATION writes 'governance/WORK_PACKET_POLICY_V2.json'; parallel packets WP-METHOD-INTEGRATION and WP-METHOD-RUNTIME-FOUNDATION-S1: read/write conflict; WP-METHOD-RUNTIME-FOUNDATION-S1 reads 'scripts/verify_work_packets.py' while WP-METHOD-INTEGRATION writes 'scripts/verify_work_packets.py'; unrecordable recovery: Git alternate object store is not allowed; unrecordable recovery: candidate snapshot could not be verified; unrecordable recovery: review envelope ref: git exited 128: fatal: 'refs/tags/foundation-successor-recovery-review-2026-07-27-r3' - not a valid ref\n- frozen tests executable verification failed: source sha256 mismatch for frozen-test file: governance_tests/test_governance_regression_runner.py; class AST sha256 mismatch for frozen-test class: governance_tests/test_governance_regression_runner.py::GovernanceRegressionRunnerTests\n- execution loop executable verification failed: V2 work-packet verification failed: DAG edge WP-CONTRACT-SUPERSESSION-CLOSURE-POLICY -> WP-METHOD-RUNTIME-FOUNDATION-S1: depends_on is not matched by activates; DAG edge WP-METHOD-RUNTIME-FOUNDATION-S1 -> WP-METHOD-INTEGRATION: activates is not matched by depends_on; goal METHOD-GOVERNANCE-CLOSURE: expected exactly one live root; found ['WP-CONTRACT-SUPERSESSION-CLOSURE-POLICY', 'WP-METHOD-INTEGRATION', 'WP-METHOD-RUNTIME-FOUNDATION-S1']; goal METHOD-GOVERNANCE-CLOSURE: expected exactly one live sink; found ['WP-CONTRACT-SUPERSESSION-CLOSURE-POLICY', 'WP-FREEZE-CLOSURE-PROTOCOL', 'WP-METHOD-RUNTIME-FOUNDATION-S1']; packet WP-CONTRACT-SUPERSESSION-CLOSURE-POLICY: activates packet 'WP-METHOD-RUNTIME-FOUNDATION' is superseded without an exact recovery alias; packet WP-METHOD-INTEGRATION: depends_on packet 'WP-METHOD-RUNTIME-FOUNDATION' is superseded without an exact recovery alias; packet WP-METHOD-RUNTIME-FOUNDATION: acceptance receipt is required before state superseded; packet WP-METHOD-RUNTIME-FOUNDATION: checkpoint receipt is required before state superseded; parallel packets WP-CONTRACT-SUPERSESSION-CLOSURE-POLICY and WP-FREEZE-CLOSURE-PROTOCOL: read/write conflict; WP-FREEZE-CLOSURE-PROTOCOL reads 'scripts/verify_contract_supersession.py' while WP-CONTRACT-SUPERSESSION-CLOSURE-POLICY writes 'scripts/verify_contract_supersession.py'; parallel packets WP-CONTRACT-SUPERSESSION-CLOSURE-POLICY and WP-METHOD-INTEGRATION: read/write conflict; WP-CONTRACT-SUPERSESSION-CLOSURE-POLICY reads 'governance/ACCEPTANCE_CONTRACT_V1.json' while WP-METHOD-INTEGRATION writes 'governance/ACCEPTANCE_CONTRACT_V1.json'; parallel packets WP-CONTRACT-SUPERSESSION-CLOSURE-POLICY and WP-METHOD-INTEGRATION: read/write conflict; WP-CONTRACT-SUPERSESSION-CLOSURE-POLICY reads 'governance/PROJECT_METHOD_POLICY_V1.json' while WP-METHOD-INTEGRATION writes 'governance/PROJECT_METHOD_POLICY_V1.json'; parallel packets WP-CONTRACT-SUPERSESSION-CLOSURE-POLICY and WP-METHOD-INTEGRATION: read/write conflict; WP-METHOD-INTEGRATION reads 'scripts/verify_contract_supersession.py' while WP-CONTRACT-SUPERSESSION-CLOSURE-POLICY writes 'scripts/verify_contract_supersession.py'; parallel packets WP-FREEZE-CLOSURE-PROTOCOL and WP-METHOD-RUNTIME-FOUNDATION-S1: read/write conflict; WP-FREEZE-CLOSURE-PROTOCOL reads 'scripts/verify_governance.py' while WP-METHOD-RUNTIME-FOUNDATION-S1 writes 'scripts/verify_governance.py'; parallel packets WP-METHOD-INTEGRATION and WP-METHOD-RUNTIME-FOUNDATION-S1: read/write conflict; WP-METHOD-INTEGRATION reads 'governance/PROJECT_STATE_VIEW_POLICY_V1.json' while WP-METHOD-RUNTIME-FOUNDATION-S1 writes 'governance/PROJECT_STATE_VIEW_POLICY_V1.json'; parallel packets WP-METHOD-INTEGRATION and WP-METHOD-RUNTIME-FOUNDATION-S1: read/write conflict; WP-METHOD-RUNTIME-FOUNDATION-S1 reads 'governance/AI_PROJECT_RESEARCH_REGISTER_V1.json' while WP-METHOD-INTEGRATION writes 'governance/AI_PROJECT_RESEARCH_REGISTER_V1.json'; parallel packets WP-METHOD-INTEGRATION and WP-METHOD-RUNTIME-FOUNDATION-S1: read/write conflict; WP-METHOD-RUNTIME-FOUNDATION-S1 reads 'governance/WORK_PACKET_POLICY_V2.json' while WP-METHOD-INTEGRATION writes 'governance/WORK_PACKET_POLICY_V2.json'; parallel packets WP-METHOD-INTEGRATION and WP-METHOD-RUNTIME-FOUNDATION-S1: read/write conflict; WP-METHOD-RUNTIME-FOUNDATION-S1 reads 'scripts/verify_work_packets.py' while WP-METHOD-INTEGRATION writes 'scripts/verify_work_packets.py'; unrecordable recovery: Git alternate object store is not allowed; unrecordable recovery: candidate snapshot could not be verified; unrecordable recovery: review envelope ref: git exited 128: fatal: 'refs/tags/foundation-successor-recovery-review-2026-07-27-r3' - not a valid ref\n- git rev-parse aa0a5966e114d6d7c87aa14fe2c27253f9f89f26^{tree} failed (128): fatal: ambiguous argument 'aa0a5966e114d6d7c87aa14fe2c27253f9f89f26^{tree}': unknown revision or path not in the working tree.\nUse '--' to separate paths from revisions, like this:\n'git <command> [<revision>...] -- [<file>...]'\n- normative frozen file boundary differs: expected=['PRODUCT_ASSURANCE_BLUEPRINT_V2.md', 'governance/ACCEPTANCE_CASES_V1.json', 'governance/ACCEPTANCE_CONTRACT_V1.json', 'governance/AI_PROJECT_RESEARCH_REGISTER_V1.json', 'governance/ASSURANCE_SUBJECTS_V1.json', 'governance/ASSURANCE_TRUST_MODEL_V1.json', 'governance/COMPONENT_REGISTRY_V1.json', 'governance/CONTEXT_RECOVERY_SPEC_V1.json', 'governance/DECISION_AUTHORITY_V1.json', 'governance/DEPENDENCY_BOUNDARY_V1.json', 'governance/EXECUTION_LOOP_POLICY_V1.json', 'governance/EXECUTION_LOOP_POLICY_V2.json', 'governance/FAILURE_CLASSES_V1.json', 'governance/FIELD_USE_PROTOCOL_V1.json', 'governance/FROZEN_TEST_MANIFEST_V1.json', 'governance/GROUND_TRUTH_MANIFEST_V1.json', 'governance/IMPLEMENTATION_TARGETS_V1.json', 'governance/MARKET_SIMULATION_POLICY_V1.json', 'governance/MIGRATION_DRILL_SPEC_V1.json', 'governance/MONEY_AND_CORPORATE_ACTIONS_SPEC_V1.json', 'governance/NO_LIVE_SCOPE_POLICY_V1.json', 'governance/PRIVATE_DATA_POLICY_V1.json', 'governance/PROJECT_METHOD_POLICY_V1.json', 'governance/RESEARCH_SUFFICIENCY_V1.json', 'governance/RUFF_CI_CONFIG_V1.toml', 'governance/TRACEABILITY_V1.json', 'governance/USER_INTENT_V1.json', 'governance/USER_SOURCE_EXCERPTS_V1.json', 'governance/VERIFICATION_SPECS_V1.json', 'governance/WORK_PACKET_POLICY_V1.json', 'governance/WORK_PACKET_POLICY_V2.json', 'governance/requirements-ci.txt', 'research/SAME_TASK_METHOD_COMPARISON_PREREGISTRATION_R9_2026-07-25.json'], actual=['PRODUCT_ASSURANCE_BLUEPRINT_V2.md', 'governance/ACCEPTANCE_CASES_V1.json', 'governance/ACCEPTANCE_CONTRACT_V1.json', 'governance/AI_PROJECT_RESEARCH_REGISTER_V1.json', 'governance/ASSURANCE_SUBJECTS_V1.json', 'governance/ASSURANCE_TRUST_MODEL_V1.json', 'governance/COMPONENT_REGISTRY_V1.json', 'governance/CONTEXT_RECOVERY_SPEC_V1.json', 'governance/DECISION_AUTHORITY_V1.json', 'governance/DEPENDENCY_BOUNDARY_V1.json', 'governance/EXECUTION_LOOP_POLICY_V1.json', 'governance/FAILURE_CLASSES_V1.json', 'governance/FIELD_USE_PROTOCOL_V1.json', 'governance/FROZEN_TEST_MANIFEST_V1.json', 'governance/GROUND_TRUTH_MANIFEST_V1.json', 'governance/IMPLEMENTATION_TARGETS_V1.json', 'governance/MARKET_SIMULATION_POLICY_V1.json', 'governance/MIGRATION_DRILL_SPEC_V1.json', 'governance/MONEY_AND_CORPORATE_ACTIONS_SPEC_V1.json', 'governance/NO_LIVE_SCOPE_POLICY_V1.json', 'governance/PRIVATE_DATA_POLICY_V1.json', 'governance/PROJECT_METHOD_POLICY_V1.json', 'governance/RESEARCH_SUFFICIENCY_V1.json', 'governance/RUFF_CI_CONFIG_V1.toml', 'governance/TRACEABILITY_V1.json', 'governance/USER_INTENT_V1.json', 'governance/USER_SOURCE_EXCERPTS_V1.json', 'governance/VERIFICATION_SPECS_V1.json', 'governance/WORK_PACKET_POLICY_V1.json', 'governance/requirements-ci.txt', 'research/SAME_TASK_METHOD_COMPARISON_PREREGISTRATION_R9_2026-07-25.json']\n", "stdout_sha256": "dd10100bef1a59408755443ef91da495b22b8b08d417ab4e6c8fb4e37c006791"}, "candidate_commit": "65b2bdbaa08d963fee594bebfc31dade01514d7c", "candidate_tree": "4d04f2f8c4807fe2443d3935a564ec7c092ad86a", "completed_at": "2026-07-28T04:10:03.516677+00:00", "execution_fingerprint": "456d897d12a2718fa59b2172961b41beda41f305dd2ddd2252301ee4b16bcee6", "expected_rejection_substring": "CASE-PIT-LATE-RETRIEVAL freeze-critical semantics differ", "mode": "canonical", "mutation_observation": null, "mutation_spec_sha256": "1baaf7fd5239f872de52d3f0c1d3df18c037512a5931ac9691f1003c2537fa7e", "probe_id": "ATTACK-PIT-ORACLE-INVERSION", "project_prefix": "MyBrain/projects/investment-discipline-system/", "result": "invalid_baseline", "runner_exit_code": 2, "runner_id": "ids-design-freeze-attack-runner-v1", "runner_sha256": "6f704c4dce4f4f44c9779b6c5ca63499aae37ba27e0863300ff74579429e3961", "schema_version": 2, "started_at": "2026-07-28T04:10:00.073776+00:00", "target": null}


======================================================================
FAIL: test_benign_registry_passes (test_component_registry.ComponentRegistryTests.test_benign_registry_passes)
----------------------------------------------------------------------
Traceback (most recent call last):
  File "/private/tmp/ids-fed7-audit.kowOr4/repo/MyBrain/projects/investment-discipline-system/governance_tests/test_component_registry.py", line 331, in test_benign_registry_passes
    self.assertEqual(
    ~~~~~~~~~~~~~~~~^
        verify_registry(PROJECT_ROOT, registry, today=FIXED_TODAY),
        ^^^^^^^^^^^^^^^^^^^^^^^^^^^^^^^^^^^^^^^^^^^^^^^^^^^^^^^^^^^
        [],
        ^^^
    )
    ^
AssertionError: Lists differ: ['components[0].contract_interface.locator[1731 chars]d7f'] != []

First list contains 7 additional elements.
First extra element 0:
'components[0].contract_interface.locators[0].sha256 is stale for governance/ACCEPTANCE_CONTRACT_V1.json: declared=628dc791951d3e83d27ccfe30d04a2c067731b6dc5e5eccabdf3761dc824f2d6, actual=1e8603b78b2479fc200c20f673bb09fc15b35a6f39c806a988d16098dd1a0c1d'

Diff is 1930 characters long. Set self.maxDiff to None to see it.

======================================================================
FAIL: test_benign_fixture_exercises_every_required_recovery (test_context_recovery.ContextRecoveryDesignFreezeTests.test_benign_fixture_exercises_every_required_recovery)
----------------------------------------------------------------------
Traceback (most recent call last):
  File "/private/tmp/ids-fed7-audit.kowOr4/repo/MyBrain/projects/investment-discipline-system/governance_tests/test_context_recovery.py", line 109, in test_benign_fixture_exercises_every_required_recovery
    self.assertEqual(0, result.returncode, result.stdout + result.stderr)
    ~~~~~~~~~~~~~~~~^^^^^^^^^^^^^^^^^^^^^^^^^^^^^^^^^^^^^^^^^^^^^^^^^^^^^
AssertionError: 0 != 1 : {"claim_boundary": {"does_not_prove": ["real LLM recall", "unknown-position statistical coverage", "production incident rate", "model- or harness-independent behavior"], "proof_scope": "A deterministic standard-library oracle reads the required state-packet file bytes, checks frozen ordered section markers, replays six bounded recovery probes, and compares the derived observations with an explicit frozen receipt.", "residual_limitation": "This design freeze proves only the specified byte checks and deterministic fixture behavior. Retrieval by a real model, arbitrary context lengths and positions, compaction implementations, and future harness revisions require separately pinned empirical runs."}, "derived_from": {"spec_byte_count": 11261, "spec_path": "governance/CONTEXT_RECOVERY_SPEC_V1.json", "spec_sha256": "bfc7d844bec9652890b0137759306b006ac279e4d523779d680302e803ccd4cd", "state_packet_files": [{"byte_count": 3301, "marker_offsets": [0, 37, 790, 1214, 1671], "path": "PROJECT_CHARTER.md", "sha256": "3ea9139f8647119cafbbce05404b77c50afcd688a5731a315032eb41b1201ca8"}, {"byte_count": 7546, "marker_offsets": [0], "path": "STATUS.md", "sha256": "14e2b4ad3f41a1c8d6a23985e111941c5039a838edc68412f855a06fbe51a84e"}, {"byte_count": 7543, "marker_offsets": [0], "path": "TASK_BOARD.md", "sha256": "802bcaded02f3316d97fe43bf0003c96d4a4932a09e9d330bb0bfed4da687443"}, {"byte_count": 6771, "marker_offsets": [0, 174, 203, 538, 1299, 6502], "path": "DECISIONS.md", "sha256": "db6734d68a04c953cb34c2066873d1b7f5aaee40253c27a2a8b436860af5fce7"}, {"byte_count": 8945, "marker_offsets": [0, 657, 1684, 4869, 4886, 7534, 7904, 8571], "path": "AI_COLLABORATION_METHOD.md", "sha256": "2351a0bbd9f5f7449feec7aee4cb3a7046438c26b293a26ffb5af30c84f09cfb"}]}, "errors": [{"message": "STATUS.md is missing marker '## 当前裁决'", "oracle_id": "CTX02-STATE-MARKER-MISSING"}, {"message": "STATUS.md is missing marker '## 已有且仍然有效'", "oracle_id": "CTX02-STATE-MARKER-MISSING"}, {"message": "STATUS.md is missing marker '## 进行中'", "oracle_id": "CTX02-STATE-MARKER-MISSING"}, {"message": "STATUS.md is missing marker '## 当前下一步'", "oracle_id": "CTX02-STATE-MARKER-MISSING"}, {"message": "STATUS.md is missing marker '## 主要残余风险'", "oracle_id": "CTX02-STATE-MARKER-MISSING"}, {"message": "TASK_BOARD.md is missing marker '## 进行中'", "oracle_id": "CTX02-STATE-MARKER-MISSING"}, {"message": "TASK_BOARD.md is missing marker '## 已排队'", "oracle_id": "CTX02-STATE-MARKER-MISSING"}, {"message": "TASK_BOARD.md is missing marker '## 条件性任务'", "oracle_id": "CTX02-STATE-MARKER-MISSING"}, {"message": "TASK_BOARD.md is missing marker '## 已完成且证据仍有效'", "oracle_id": "CTX02-STATE-MARKER-MISSING"}, {"message": "TASK_BOARD.md is missing marker '## 工作规则'", "oracle_id": "CTX02-STATE-MARKER-MISSING"}], "failure_id": "CTX-02", "mechanism_id": "CTX-02-CONTEXT-RECOVERY-DESIGN-FREEZE-V1", "probe_receipt": {"fixture_id": "CTX02-FIXTURE-001", "fixture_sha256": "22f7eadd618ceb154d2ed5b99dec1c0e785c1f672c5de3fb6db2a6dfaba50cc2", "observations": [{"probe_id": "start", "recovered_request_id": "REQ-CTX02-CURRENT", "recovered_target_id": "TARGET-CTX02-DESIGN-FREEZE", "recovery_source": "context_segments", "segment_count": 5, "sentinel_index": 0}, {"probe_id": "middle", "recovered_request_id": "REQ-CTX02-CURRENT", "recovered_target_id": "TARGET-CTX02-DESIGN-FREEZE", "recovery_source": "context_segments", "segment_count": 5, "sentinel_index": 2}, {"probe_id": "end", "recovered_request_id": "REQ-CTX02-CURRENT", "recovered_target_id": "TARGET-CTX02-DESIGN-FREEZE", "recovery_source": "context_segments", "segment_count": 5, "sentinel_index": 4}, {"context_was_empty": false, "probe_id": "post_compaction", "recovered_request_id": "REQ-CTX02-CURRENT", "recovered_target_id": "TARGET-CTX02-DESIGN-FREEZE", "recovery_source": "compaction_receipt", "stale_request_disposition": "not_in_compacted_input"}, {"context_was_empty": true, "probe_id": "empty_context_restart", "recovered_request_id": "REQ-CTX02-CURRENT", "recovered_target_id": "TARGET-CTX02-DESIGN-FREEZE", "recovery_source": "required_state_packet"}, {"probe_id": "stale_request_regression", "recovery_source": "request_supersession", "selected_request_id": "REQ-CTX02-CURRENT", "selected_target_id": "TARGET-CTX02-DESIGN-FREEZE", "stale_request_disposition": "rejected_superseded"}]}, "schema_version": 1, "status": "fail"}


======================================================================
FAIL: test_contradicted_middle_sentinel_hits_content_oracle (test_context_recovery.ContextRecoveryDesignFreezeTests.test_contradicted_middle_sentinel_hits_content_oracle)
----------------------------------------------------------------------
Traceback (most recent call last):
  File "/private/tmp/ids-fed7-audit.kowOr4/repo/MyBrain/projects/investment-discipline-system/governance_tests/test_context_recovery.py", line 171, in test_contradicted_middle_sentinel_hits_content_oracle
    self.assert_spec_mutation_rejected(
    ~~~~~~~~~~~~~~~~~~~~~~~~~~~~~~~~~~^
        mutate,
        ^^^^^^^
        "CTX02-PROBE-MIDDLE-SENTINEL-CONTRADICTED",
        ^^^^^^^^^^^^^^^^^^^^^^^^^^^^^^^^^^^^^^^^^^^
    )
    ^
  File "/private/tmp/ids-fed7-audit.kowOr4/repo/MyBrain/projects/investment-discipline-system/governance_tests/test_context_recovery.py", line 101, in assert_spec_mutation_rejected
    self.assertEqual(0, baseline.returncode, baseline.stdout + baseline.stderr)
    ~~~~~~~~~~~~~~~~^^^^^^^^^^^^^^^^^^^^^^^^^^^^^^^^^^^^^^^^^^^^^^^^^^^^^^^^^^^
AssertionError: 0 != 1 : {"claim_boundary": {"does_not_prove": ["real LLM recall", "unknown-position statistical coverage", "production incident rate", "model- or harness-independent behavior"], "proof_scope": "A deterministic standard-library oracle reads the required state-packet file bytes, checks frozen ordered section markers, replays six bounded recovery probes, and compares the derived observations with an explicit frozen receipt.", "residual_limitation": "This design freeze proves only the specified byte checks and deterministic fixture behavior. Retrieval by a real model, arbitrary context lengths and positions, compaction implementations, and future harness revisions require separately pinned empirical runs."}, "derived_from": {"spec_byte_count": 11261, "spec_path": "governance/CONTEXT_RECOVERY_SPEC_V1.json", "spec_sha256": "bfc7d844bec9652890b0137759306b006ac279e4d523779d680302e803ccd4cd", "state_packet_files": [{"byte_count": 3301, "marker_offsets": [0, 37, 790, 1214, 1671], "path": "PROJECT_CHARTER.md", "sha256": "3ea9139f8647119cafbbce05404b77c50afcd688a5731a315032eb41b1201ca8"}, {"byte_count": 7546, "marker_offsets": [0], "path": "STATUS.md", "sha256": "14e2b4ad3f41a1c8d6a23985e111941c5039a838edc68412f855a06fbe51a84e"}, {"byte_count": 7543, "marker_offsets": [0], "path": "TASK_BOARD.md", "sha256": "802bcaded02f3316d97fe43bf0003c96d4a4932a09e9d330bb0bfed4da687443"}, {"byte_count": 6771, "marker_offsets": [0, 174, 203, 538, 1299, 6502], "path": "DECISIONS.md", "sha256": "db6734d68a04c953cb34c2066873d1b7f5aaee40253c27a2a8b436860af5fce7"}, {"byte_count": 8945, "marker_offsets": [0, 657, 1684, 4869, 4886, 7534, 7904, 8571], "path": "AI_COLLABORATION_METHOD.md", "sha256": "2351a0bbd9f5f7449feec7aee4cb3a7046438c26b293a26ffb5af30c84f09cfb"}]}, "errors": [{"message": "STATUS.md is missing marker '## 当前裁决'", "oracle_id": "CTX02-STATE-MARKER-MISSING"}, {"message": "STATUS.md is missing marker '## 已有且仍然有效'", "oracle_id": "CTX02-STATE-MARKER-MISSING"}, {"message": "STATUS.md is missing marker '## 进行中'", "oracle_id": "CTX02-STATE-MARKER-MISSING"}, {"message": "STATUS.md is missing marker '## 当前下一步'", "oracle_id": "CTX02-STATE-MARKER-MISSING"}, {"message": "STATUS.md is missing marker '## 主要残余风险'", "oracle_id": "CTX02-STATE-MARKER-MISSING"}, {"message": "TASK_BOARD.md is missing marker '## 进行中'", "oracle_id": "CTX02-STATE-MARKER-MISSING"}, {"message": "TASK_BOARD.md is missing marker '## 已排队'", "oracle_id": "CTX02-STATE-MARKER-MISSING"}, {"message": "TASK_BOARD.md is missing marker '## 条件性任务'", "oracle_id": "CTX02-STATE-MARKER-MISSING"}, {"message": "TASK_BOARD.md is missing marker '## 已完成且证据仍有效'", "oracle_id": "CTX02-STATE-MARKER-MISSING"}, {"message": "TASK_BOARD.md is missing marker '## 工作规则'", "oracle_id": "CTX02-STATE-MARKER-MISSING"}], "failure_id": "CTX-02", "mechanism_id": "CTX-02-CONTEXT-RECOVERY-DESIGN-FREEZE-V1", "probe_receipt": {"fixture_id": "CTX02-FIXTURE-001", "fixture_sha256": "22f7eadd618ceb154d2ed5b99dec1c0e785c1f672c5de3fb6db2a6dfaba50cc2", "observations": [{"probe_id": "start", "recovered_request_id": "REQ-CTX02-CURRENT", "recovered_target_id": "TARGET-CTX02-DESIGN-FREEZE", "recovery_source": "context_segments", "segment_count": 5, "sentinel_index": 0}, {"probe_id": "middle", "recovered_request_id": "REQ-CTX02-CURRENT", "recovered_target_id": "TARGET-CTX02-DESIGN-FREEZE", "recovery_source": "context_segments", "segment_count": 5, "sentinel_index": 2}, {"probe_id": "end", "recovered_request_id": "REQ-CTX02-CURRENT", "recovered_target_id": "TARGET-CTX02-DESIGN-FREEZE", "recovery_source": "context_segments", "segment_count": 5, "sentinel_index": 4}, {"context_was_empty": false, "probe_id": "post_compaction", "recovered_request_id": "REQ-CTX02-CURRENT", "recovered_target_id": "TARGET-CTX02-DESIGN-FREEZE", "recovery_source": "compaction_receipt", "stale_request_disposition": "not_in_compacted_input"}, {"context_was_empty": true, "probe_id": "empty_context_restart", "recovered_request_id": "REQ-CTX02-CURRENT", "recovered_target_id": "TARGET-CTX02-DESIGN-FREEZE", "recovery_source": "required_state_packet"}, {"probe_id": "stale_request_regression", "recovery_source": "request_supersession", "selected_request_id": "REQ-CTX02-CURRENT", "selected_target_id": "TARGET-CTX02-DESIGN-FREEZE", "stale_request_disposition": "rejected_superseded"}]}, "schema_version": 1, "status": "fail"}


======================================================================
FAIL: test_duplicate_json_key_is_rejected_fail_closed (test_context_recovery.ContextRecoveryDesignFreezeTests.test_duplicate_json_key_is_rejected_fail_closed)
----------------------------------------------------------------------
Traceback (most recent call last):
  File "/private/tmp/ids-fed7-audit.kowOr4/repo/MyBrain/projects/investment-discipline-system/governance_tests/test_context_recovery.py", line 232, in test_duplicate_json_key_is_rejected_fail_closed
    self.assertEqual(0, baseline.returncode, baseline.stdout + baseline.stderr)
    ~~~~~~~~~~~~~~~~^^^^^^^^^^^^^^^^^^^^^^^^^^^^^^^^^^^^^^^^^^^^^^^^^^^^^^^^^^^
AssertionError: 0 != 1 : {"claim_boundary": {"does_not_prove": ["real LLM recall", "unknown-position statistical coverage", "production incident rate", "model- or harness-independent behavior"], "proof_scope": "A deterministic standard-library oracle reads the required state-packet file bytes, checks frozen ordered section markers, replays six bounded recovery probes, and compares the derived observations with an explicit frozen receipt.", "residual_limitation": "This design freeze proves only the specified byte checks and deterministic fixture behavior. Retrieval by a real model, arbitrary context lengths and positions, compaction implementations, and future harness revisions require separately pinned empirical runs."}, "derived_from": {"spec_byte_count": 11261, "spec_path": "governance/CONTEXT_RECOVERY_SPEC_V1.json", "spec_sha256": "bfc7d844bec9652890b0137759306b006ac279e4d523779d680302e803ccd4cd", "state_packet_files": [{"byte_count": 3301, "marker_offsets": [0, 37, 790, 1214, 1671], "path": "PROJECT_CHARTER.md", "sha256": "3ea9139f8647119cafbbce05404b77c50afcd688a5731a315032eb41b1201ca8"}, {"byte_count": 7546, "marker_offsets": [0], "path": "STATUS.md", "sha256": "14e2b4ad3f41a1c8d6a23985e111941c5039a838edc68412f855a06fbe51a84e"}, {"byte_count": 7543, "marker_offsets": [0], "path": "TASK_BOARD.md", "sha256": "802bcaded02f3316d97fe43bf0003c96d4a4932a09e9d330bb0bfed4da687443"}, {"byte_count": 6771, "marker_offsets": [0, 174, 203, 538, 1299, 6502], "path": "DECISIONS.md", "sha256": "db6734d68a04c953cb34c2066873d1b7f5aaee40253c27a2a8b436860af5fce7"}, {"byte_count": 8945, "marker_offsets": [0, 657, 1684, 4869, 4886, 7534, 7904, 8571], "path": "AI_COLLABORATION_METHOD.md", "sha256": "2351a0bbd9f5f7449feec7aee4cb3a7046438c26b293a26ffb5af30c84f09cfb"}]}, "errors": [{"message": "STATUS.md is missing marker '## 当前裁决'", "oracle_id": "CTX02-STATE-MARKER-MISSING"}, {"message": "STATUS.md is missing marker '## 已有且仍然有效'", "oracle_id": "CTX02-STATE-MARKER-MISSING"}, {"message": "STATUS.md is missing marker '## 进行中'", "oracle_id": "CTX02-STATE-MARKER-MISSING"}, {"message": "STATUS.md is missing marker '## 当前下一步'", "oracle_id": "CTX02-STATE-MARKER-MISSING"}, {"message": "STATUS.md is missing marker '## 主要残余风险'", "oracle_id": "CTX02-STATE-MARKER-MISSING"}, {"message": "TASK_BOARD.md is missing marker '## 进行中'", "oracle_id": "CTX02-STATE-MARKER-MISSING"}, {"message": "TASK_BOARD.md is missing marker '## 已排队'", "oracle_id": "CTX02-STATE-MARKER-MISSING"}, {"message": "TASK_BOARD.md is missing marker '## 条件性任务'", "oracle_id": "CTX02-STATE-MARKER-MISSING"}, {"message": "TASK_BOARD.md is missing marker '## 已完成且证据仍有效'", "oracle_id": "CTX02-STATE-MARKER-MISSING"}, {"message": "TASK_BOARD.md is missing marker '## 工作规则'", "oracle_id": "CTX02-STATE-MARKER-MISSING"}], "failure_id": "CTX-02", "mechanism_id": "CTX-02-CONTEXT-RECOVERY-DESIGN-FREEZE-V1", "probe_receipt": {"fixture_id": "CTX02-FIXTURE-001", "fixture_sha256": "22f7eadd618ceb154d2ed5b99dec1c0e785c1f672c5de3fb6db2a6dfaba50cc2", "observations": [{"probe_id": "start", "recovered_request_id": "REQ-CTX02-CURRENT", "recovered_target_id": "TARGET-CTX02-DESIGN-FREEZE", "recovery_source": "context_segments", "segment_count": 5, "sentinel_index": 0}, {"probe_id": "middle", "recovered_request_id": "REQ-CTX02-CURRENT", "recovered_target_id": "TARGET-CTX02-DESIGN-FREEZE", "recovery_source": "context_segments", "segment_count": 5, "sentinel_index": 2}, {"probe_id": "end", "recovered_request_id": "REQ-CTX02-CURRENT", "recovered_target_id": "TARGET-CTX02-DESIGN-FREEZE", "recovery_source": "context_segments", "segment_count": 5, "sentinel_index": 4}, {"context_was_empty": false, "probe_id": "post_compaction", "recovered_request_id": "REQ-CTX02-CURRENT", "recovered_target_id": "TARGET-CTX02-DESIGN-FREEZE", "recovery_source": "compaction_receipt", "stale_request_disposition": "not_in_compacted_input"}, {"context_was_empty": true, "probe_id": "empty_context_restart", "recovered_request_id": "REQ-CTX02-CURRENT", "recovered_target_id": "TARGET-CTX02-DESIGN-FREEZE", "recovery_source": "required_state_packet"}, {"probe_id": "stale_request_regression", "recovery_source": "request_supersession", "selected_request_id": "REQ-CTX02-CURRENT", "selected_target_id": "TARGET-CTX02-DESIGN-FREEZE", "stale_request_disposition": "rejected_superseded"}]}, "schema_version": 1, "status": "fail"}


======================================================================
FAIL: test_empty_required_state_file_hits_byte_oracle (test_context_recovery.ContextRecoveryDesignFreezeTests.test_empty_required_state_file_hits_byte_oracle)
----------------------------------------------------------------------
Traceback (most recent call last):
  File "/private/tmp/ids-fed7-audit.kowOr4/repo/MyBrain/projects/investment-discipline-system/governance_tests/test_context_recovery.py", line 178, in test_empty_required_state_file_hits_byte_oracle
    self.assertEqual(0, baseline.returncode, baseline.stdout + baseline.stderr)
    ~~~~~~~~~~~~~~~~^^^^^^^^^^^^^^^^^^^^^^^^^^^^^^^^^^^^^^^^^^^^^^^^^^^^^^^^^^^
AssertionError: 0 != 1 : {"claim_boundary": {"does_not_prove": ["real LLM recall", "unknown-position statistical coverage", "production incident rate", "model- or harness-independent behavior"], "proof_scope": "A deterministic standard-library oracle reads the required state-packet file bytes, checks frozen ordered section markers, replays six bounded recovery probes, and compares the derived observations with an explicit frozen receipt.", "residual_limitation": "This design freeze proves only the specified byte checks and deterministic fixture behavior. Retrieval by a real model, arbitrary context lengths and positions, compaction implementations, and future harness revisions require separately pinned empirical runs."}, "derived_from": {"spec_byte_count": 11261, "spec_path": "governance/CONTEXT_RECOVERY_SPEC_V1.json", "spec_sha256": "bfc7d844bec9652890b0137759306b006ac279e4d523779d680302e803ccd4cd", "state_packet_files": [{"byte_count": 3301, "marker_offsets": [0, 37, 790, 1214, 1671], "path": "PROJECT_CHARTER.md", "sha256": "3ea9139f8647119cafbbce05404b77c50afcd688a5731a315032eb41b1201ca8"}, {"byte_count": 7546, "marker_offsets": [0], "path": "STATUS.md", "sha256": "14e2b4ad3f41a1c8d6a23985e111941c5039a838edc68412f855a06fbe51a84e"}, {"byte_count": 7543, "marker_offsets": [0], "path": "TASK_BOARD.md", "sha256": "802bcaded02f3316d97fe43bf0003c96d4a4932a09e9d330bb0bfed4da687443"}, {"byte_count": 6771, "marker_offsets": [0, 174, 203, 538, 1299, 6502], "path": "DECISIONS.md", "sha256": "db6734d68a04c953cb34c2066873d1b7f5aaee40253c27a2a8b436860af5fce7"}, {"byte_count": 8945, "marker_offsets": [0, 657, 1684, 4869, 4886, 7534, 7904, 8571], "path": "AI_COLLABORATION_METHOD.md", "sha256": "2351a0bbd9f5f7449feec7aee4cb3a7046438c26b293a26ffb5af30c84f09cfb"}]}, "errors": [{"message": "STATUS.md is missing marker '## 当前裁决'", "oracle_id": "CTX02-STATE-MARKER-MISSING"}, {"message": "STATUS.md is missing marker '## 已有且仍然有效'", "oracle_id": "CTX02-STATE-MARKER-MISSING"}, {"message": "STATUS.md is missing marker '## 进行中'", "oracle_id": "CTX02-STATE-MARKER-MISSING"}, {"message": "STATUS.md is missing marker '## 当前下一步'", "oracle_id": "CTX02-STATE-MARKER-MISSING"}, {"message": "STATUS.md is missing marker '## 主要残余风险'", "oracle_id": "CTX02-STATE-MARKER-MISSING"}, {"message": "TASK_BOARD.md is missing marker '## 进行中'", "oracle_id": "CTX02-STATE-MARKER-MISSING"}, {"message": "TASK_BOARD.md is missing marker '## 已排队'", "oracle_id": "CTX02-STATE-MARKER-MISSING"}, {"message": "TASK_BOARD.md is missing marker '## 条件性任务'", "oracle_id": "CTX02-STATE-MARKER-MISSING"}, {"message": "TASK_BOARD.md is missing marker '## 已完成且证据仍有效'", "oracle_id": "CTX02-STATE-MARKER-MISSING"}, {"message": "TASK_BOARD.md is missing marker '## 工作规则'", "oracle_id": "CTX02-STATE-MARKER-MISSING"}], "failure_id": "CTX-02", "mechanism_id": "CTX-02-CONTEXT-RECOVERY-DESIGN-FREEZE-V1", "probe_receipt": {"fixture_id": "CTX02-FIXTURE-001", "fixture_sha256": "22f7eadd618ceb154d2ed5b99dec1c0e785c1f672c5de3fb6db2a6dfaba50cc2", "observations": [{"probe_id": "start", "recovered_request_id": "REQ-CTX02-CURRENT", "recovered_target_id": "TARGET-CTX02-DESIGN-FREEZE", "recovery_source": "context_segments", "segment_count": 5, "sentinel_index": 0}, {"probe_id": "middle", "recovered_request_id": "REQ-CTX02-CURRENT", "recovered_target_id": "TARGET-CTX02-DESIGN-FREEZE", "recovery_source": "context_segments", "segment_count": 5, "sentinel_index": 2}, {"probe_id": "end", "recovered_request_id": "REQ-CTX02-CURRENT", "recovered_target_id": "TARGET-CTX02-DESIGN-FREEZE", "recovery_source": "context_segments", "segment_count": 5, "sentinel_index": 4}, {"context_was_empty": false, "probe_id": "post_compaction", "recovered_request_id": "REQ-CTX02-CURRENT", "recovered_target_id": "TARGET-CTX02-DESIGN-FREEZE", "recovery_source": "compaction_receipt", "stale_request_disposition": "not_in_compacted_input"}, {"context_was_empty": true, "probe_id": "empty_context_restart", "recovered_request_id": "REQ-CTX02-CURRENT", "recovered_target_id": "TARGET-CTX02-DESIGN-FREEZE", "recovery_source": "required_state_packet"}, {"probe_id": "stale_request_regression", "recovery_source": "request_supersession", "selected_request_id": "REQ-CTX02-CURRENT", "selected_target_id": "TARGET-CTX02-DESIGN-FREEZE", "stale_request_disposition": "rejected_superseded"}]}, "schema_version": 1, "status": "fail"}


======================================================================
FAIL: test_moved_middle_sentinel_hits_position_oracle (test_context_recovery.ContextRecoveryDesignFreezeTests.test_moved_middle_sentinel_hits_position_oracle)
----------------------------------------------------------------------
Traceback (most recent call last):
  File "/private/tmp/ids-fed7-audit.kowOr4/repo/MyBrain/projects/investment-discipline-system/governance_tests/test_context_recovery.py", line 154, in test_moved_middle_sentinel_hits_position_oracle
    self.assert_spec_mutation_rejected(
    ~~~~~~~~~~~~~~~~~~~~~~~~~~~~~~~~~~^
        mutate,
        ^^^^^^^
        "CTX02-PROBE-MIDDLE-SENTINEL-POSITION",
        ^^^^^^^^^^^^^^^^^^^^^^^^^^^^^^^^^^^^^^^
    )
    ^
  File "/private/tmp/ids-fed7-audit.kowOr4/repo/MyBrain/projects/investment-discipline-system/governance_tests/test_context_recovery.py", line 101, in assert_spec_mutation_rejected
    self.assertEqual(0, baseline.returncode, baseline.stdout + baseline.stderr)
    ~~~~~~~~~~~~~~~~^^^^^^^^^^^^^^^^^^^^^^^^^^^^^^^^^^^^^^^^^^^^^^^^^^^^^^^^^^^
AssertionError: 0 != 1 : {"claim_boundary": {"does_not_prove": ["real LLM recall", "unknown-position statistical coverage", "production incident rate", "model- or harness-independent behavior"], "proof_scope": "A deterministic standard-library oracle reads the required state-packet file bytes, checks frozen ordered section markers, replays six bounded recovery probes, and compares the derived observations with an explicit frozen receipt.", "residual_limitation": "This design freeze proves only the specified byte checks and deterministic fixture behavior. Retrieval by a real model, arbitrary context lengths and positions, compaction implementations, and future harness revisions require separately pinned empirical runs."}, "derived_from": {"spec_byte_count": 11261, "spec_path": "governance/CONTEXT_RECOVERY_SPEC_V1.json", "spec_sha256": "bfc7d844bec9652890b0137759306b006ac279e4d523779d680302e803ccd4cd", "state_packet_files": [{"byte_count": 3301, "marker_offsets": [0, 37, 790, 1214, 1671], "path": "PROJECT_CHARTER.md", "sha256": "3ea9139f8647119cafbbce05404b77c50afcd688a5731a315032eb41b1201ca8"}, {"byte_count": 7546, "marker_offsets": [0], "path": "STATUS.md", "sha256": "14e2b4ad3f41a1c8d6a23985e111941c5039a838edc68412f855a06fbe51a84e"}, {"byte_count": 7543, "marker_offsets": [0], "path": "TASK_BOARD.md", "sha256": "802bcaded02f3316d97fe43bf0003c96d4a4932a09e9d330bb0bfed4da687443"}, {"byte_count": 6771, "marker_offsets": [0, 174, 203, 538, 1299, 6502], "path": "DECISIONS.md", "sha256": "db6734d68a04c953cb34c2066873d1b7f5aaee40253c27a2a8b436860af5fce7"}, {"byte_count": 8945, "marker_offsets": [0, 657, 1684, 4869, 4886, 7534, 7904, 8571], "path": "AI_COLLABORATION_METHOD.md", "sha256": "2351a0bbd9f5f7449feec7aee4cb3a7046438c26b293a26ffb5af30c84f09cfb"}]}, "errors": [{"message": "STATUS.md is missing marker '## 当前裁决'", "oracle_id": "CTX02-STATE-MARKER-MISSING"}, {"message": "STATUS.md is missing marker '## 已有且仍然有效'", "oracle_id": "CTX02-STATE-MARKER-MISSING"}, {"message": "STATUS.md is missing marker '## 进行中'", "oracle_id": "CTX02-STATE-MARKER-MISSING"}, {"message": "STATUS.md is missing marker '## 当前下一步'", "oracle_id": "CTX02-STATE-MARKER-MISSING"}, {"message": "STATUS.md is missing marker '## 主要残余风险'", "oracle_id": "CTX02-STATE-MARKER-MISSING"}, {"message": "TASK_BOARD.md is missing marker '## 进行中'", "oracle_id": "CTX02-STATE-MARKER-MISSING"}, {"message": "TASK_BOARD.md is missing marker '## 已排队'", "oracle_id": "CTX02-STATE-MARKER-MISSING"}, {"message": "TASK_BOARD.md is missing marker '## 条件性任务'", "oracle_id": "CTX02-STATE-MARKER-MISSING"}, {"message": "TASK_BOARD.md is missing marker '## 已完成且证据仍有效'", "oracle_id": "CTX02-STATE-MARKER-MISSING"}, {"message": "TASK_BOARD.md is missing marker '## 工作规则'", "oracle_id": "CTX02-STATE-MARKER-MISSING"}], "failure_id": "CTX-02", "mechanism_id": "CTX-02-CONTEXT-RECOVERY-DESIGN-FREEZE-V1", "probe_receipt": {"fixture_id": "CTX02-FIXTURE-001", "fixture_sha256": "22f7eadd618ceb154d2ed5b99dec1c0e785c1f672c5de3fb6db2a6dfaba50cc2", "observations": [{"probe_id": "start", "recovered_request_id": "REQ-CTX02-CURRENT", "recovered_target_id": "TARGET-CTX02-DESIGN-FREEZE", "recovery_source": "context_segments", "segment_count": 5, "sentinel_index": 0}, {"probe_id": "middle", "recovered_request_id": "REQ-CTX02-CURRENT", "recovered_target_id": "TARGET-CTX02-DESIGN-FREEZE", "recovery_source": "context_segments", "segment_count": 5, "sentinel_index": 2}, {"probe_id": "end", "recovered_request_id": "REQ-CTX02-CURRENT", "recovered_target_id": "TARGET-CTX02-DESIGN-FREEZE", "recovery_source": "context_segments", "segment_count": 5, "sentinel_index": 4}, {"context_was_empty": false, "probe_id": "post_compaction", "recovered_request_id": "REQ-CTX02-CURRENT", "recovered_target_id": "TARGET-CTX02-DESIGN-FREEZE", "recovery_source": "compaction_receipt", "stale_request_disposition": "not_in_compacted_input"}, {"context_was_empty": true, "probe_id": "empty_context_restart", "recovered_request_id": "REQ-CTX02-CURRENT", "recovered_target_id": "TARGET-CTX02-DESIGN-FREEZE", "recovery_source": "required_state_packet"}, {"probe_id": "stale_request_regression", "recovery_source": "request_supersession", "selected_request_id": "REQ-CTX02-CURRENT", "selected_target_id": "TARGET-CTX02-DESIGN-FREEZE", "stale_request_disposition": "rejected_superseded"}]}, "schema_version": 1, "status": "fail"}


======================================================================
FAIL: test_omitted_post_compaction_recovery_hits_compaction_oracle (test_context_recovery.ContextRecoveryDesignFreezeTests.test_omitted_post_compaction_recovery_hits_compaction_oracle)
----------------------------------------------------------------------
Traceback (most recent call last):
  File "/private/tmp/ids-fed7-audit.kowOr4/repo/MyBrain/projects/investment-discipline-system/governance_tests/test_context_recovery.py", line 209, in test_omitted_post_compaction_recovery_hits_compaction_oracle
    self.assert_spec_mutation_rejected(
    ~~~~~~~~~~~~~~~~~~~~~~~~~~~~~~~~~~^
        mutate,
        ^^^^^^^
        "CTX02-PROBE-COMPACTION-RECOVERY-MISSING",
        ^^^^^^^^^^^^^^^^^^^^^^^^^^^^^^^^^^^^^^^^^^
    )
    ^
  File "/private/tmp/ids-fed7-audit.kowOr4/repo/MyBrain/projects/investment-discipline-system/governance_tests/test_context_recovery.py", line 101, in assert_spec_mutation_rejected
    self.assertEqual(0, baseline.returncode, baseline.stdout + baseline.stderr)
    ~~~~~~~~~~~~~~~~^^^^^^^^^^^^^^^^^^^^^^^^^^^^^^^^^^^^^^^^^^^^^^^^^^^^^^^^^^^
AssertionError: 0 != 1 : {"claim_boundary": {"does_not_prove": ["real LLM recall", "unknown-position statistical coverage", "production incident rate", "model- or harness-independent behavior"], "proof_scope": "A deterministic standard-library oracle reads the required state-packet file bytes, checks frozen ordered section markers, replays six bounded recovery probes, and compares the derived observations with an explicit frozen receipt.", "residual_limitation": "This design freeze proves only the specified byte checks and deterministic fixture behavior. Retrieval by a real model, arbitrary context lengths and positions, compaction implementations, and future harness revisions require separately pinned empirical runs."}, "derived_from": {"spec_byte_count": 11261, "spec_path": "governance/CONTEXT_RECOVERY_SPEC_V1.json", "spec_sha256": "bfc7d844bec9652890b0137759306b006ac279e4d523779d680302e803ccd4cd", "state_packet_files": [{"byte_count": 3301, "marker_offsets": [0, 37, 790, 1214, 1671], "path": "PROJECT_CHARTER.md", "sha256": "3ea9139f8647119cafbbce05404b77c50afcd688a5731a315032eb41b1201ca8"}, {"byte_count": 7546, "marker_offsets": [0], "path": "STATUS.md", "sha256": "14e2b4ad3f41a1c8d6a23985e111941c5039a838edc68412f855a06fbe51a84e"}, {"byte_count": 7543, "marker_offsets": [0], "path": "TASK_BOARD.md", "sha256": "802bcaded02f3316d97fe43bf0003c96d4a4932a09e9d330bb0bfed4da687443"}, {"byte_count": 6771, "marker_offsets": [0, 174, 203, 538, 1299, 6502], "path": "DECISIONS.md", "sha256": "db6734d68a04c953cb34c2066873d1b7f5aaee40253c27a2a8b436860af5fce7"}, {"byte_count": 8945, "marker_offsets": [0, 657, 1684, 4869, 4886, 7534, 7904, 8571], "path": "AI_COLLABORATION_METHOD.md", "sha256": "2351a0bbd9f5f7449feec7aee4cb3a7046438c26b293a26ffb5af30c84f09cfb"}]}, "errors": [{"message": "STATUS.md is missing marker '## 当前裁决'", "oracle_id": "CTX02-STATE-MARKER-MISSING"}, {"message": "STATUS.md is missing marker '## 已有且仍然有效'", "oracle_id": "CTX02-STATE-MARKER-MISSING"}, {"message": "STATUS.md is missing marker '## 进行中'", "oracle_id": "CTX02-STATE-MARKER-MISSING"}, {"message": "STATUS.md is missing marker '## 当前下一步'", "oracle_id": "CTX02-STATE-MARKER-MISSING"}, {"message": "STATUS.md is missing marker '## 主要残余风险'", "oracle_id": "CTX02-STATE-MARKER-MISSING"}, {"message": "TASK_BOARD.md is missing marker '## 进行中'", "oracle_id": "CTX02-STATE-MARKER-MISSING"}, {"message": "TASK_BOARD.md is missing marker '## 已排队'", "oracle_id": "CTX02-STATE-MARKER-MISSING"}, {"message": "TASK_BOARD.md is missing marker '## 条件性任务'", "oracle_id": "CTX02-STATE-MARKER-MISSING"}, {"message": "TASK_BOARD.md is missing marker '## 已完成且证据仍有效'", "oracle_id": "CTX02-STATE-MARKER-MISSING"}, {"message": "TASK_BOARD.md is missing marker '## 工作规则'", "oracle_id": "CTX02-STATE-MARKER-MISSING"}], "failure_id": "CTX-02", "mechanism_id": "CTX-02-CONTEXT-RECOVERY-DESIGN-FREEZE-V1", "probe_receipt": {"fixture_id": "CTX02-FIXTURE-001", "fixture_sha256": "22f7eadd618ceb154d2ed5b99dec1c0e785c1f672c5de3fb6db2a6dfaba50cc2", "observations": [{"probe_id": "start", "recovered_request_id": "REQ-CTX02-CURRENT", "recovered_target_id": "TARGET-CTX02-DESIGN-FREEZE", "recovery_source": "context_segments", "segment_count": 5, "sentinel_index": 0}, {"probe_id": "middle", "recovered_request_id": "REQ-CTX02-CURRENT", "recovered_target_id": "TARGET-CTX02-DESIGN-FREEZE", "recovery_source": "context_segments", "segment_count": 5, "sentinel_index": 2}, {"probe_id": "end", "recovered_request_id": "REQ-CTX02-CURRENT", "recovered_target_id": "TARGET-CTX02-DESIGN-FREEZE", "recovery_source": "context_segments", "segment_count": 5, "sentinel_index": 4}, {"context_was_empty": false, "probe_id": "post_compaction", "recovered_request_id": "REQ-CTX02-CURRENT", "recovered_target_id": "TARGET-CTX02-DESIGN-FREEZE", "recovery_source": "compaction_receipt", "stale_request_disposition": "not_in_compacted_input"}, {"context_was_empty": true, "probe_id": "empty_context_restart", "recovered_request_id": "REQ-CTX02-CURRENT", "recovered_target_id": "TARGET-CTX02-DESIGN-FREEZE", "recovery_source": "required_state_packet"}, {"probe_id": "stale_request_regression", "recovery_source": "request_supersession", "selected_request_id": "REQ-CTX02-CURRENT", "selected_target_id": "TARGET-CTX02-DESIGN-FREEZE", "stale_request_disposition": "rejected_superseded"}]}, "schema_version": 1, "status": "fail"}


======================================================================
FAIL: test_omitted_restart_recovery_hits_restart_oracle (test_context_recovery.ContextRecoveryDesignFreezeTests.test_omitted_restart_recovery_hits_restart_oracle)
----------------------------------------------------------------------
Traceback (most recent call last):
  File "/private/tmp/ids-fed7-audit.kowOr4/repo/MyBrain/projects/investment-discipline-system/governance_tests/test_context_recovery.py", line 200, in test_omitted_restart_recovery_hits_restart_oracle
    self.assert_spec_mutation_rejected(
    ~~~~~~~~~~~~~~~~~~~~~~~~~~~~~~~~~~^
        mutate,
        ^^^^^^^
        "CTX02-PROBE-RESTART-RECOVERY-MISSING",
        ^^^^^^^^^^^^^^^^^^^^^^^^^^^^^^^^^^^^^^^
    )
    ^
  File "/private/tmp/ids-fed7-audit.kowOr4/repo/MyBrain/projects/investment-discipline-system/governance_tests/test_context_recovery.py", line 101, in assert_spec_mutation_rejected
    self.assertEqual(0, baseline.returncode, baseline.stdout + baseline.stderr)
    ~~~~~~~~~~~~~~~~^^^^^^^^^^^^^^^^^^^^^^^^^^^^^^^^^^^^^^^^^^^^^^^^^^^^^^^^^^^
AssertionError: 0 != 1 : {"claim_boundary": {"does_not_prove": ["real LLM recall", "unknown-position statistical coverage", "production incident rate", "model- or harness-independent behavior"], "proof_scope": "A deterministic standard-library oracle reads the required state-packet file bytes, checks frozen ordered section markers, replays six bounded recovery probes, and compares the derived observations with an explicit frozen receipt.", "residual_limitation": "This design freeze proves only the specified byte checks and deterministic fixture behavior. Retrieval by a real model, arbitrary context lengths and positions, compaction implementations, and future harness revisions require separately pinned empirical runs."}, "derived_from": {"spec_byte_count": 11261, "spec_path": "governance/CONTEXT_RECOVERY_SPEC_V1.json", "spec_sha256": "bfc7d844bec9652890b0137759306b006ac279e4d523779d680302e803ccd4cd", "state_packet_files": [{"byte_count": 3301, "marker_offsets": [0, 37, 790, 1214, 1671], "path": "PROJECT_CHARTER.md", "sha256": "3ea9139f8647119cafbbce05404b77c50afcd688a5731a315032eb41b1201ca8"}, {"byte_count": 7546, "marker_offsets": [0], "path": "STATUS.md", "sha256": "14e2b4ad3f41a1c8d6a23985e111941c5039a838edc68412f855a06fbe51a84e"}, {"byte_count": 7543, "marker_offsets": [0], "path": "TASK_BOARD.md", "sha256": "802bcaded02f3316d97fe43bf0003c96d4a4932a09e9d330bb0bfed4da687443"}, {"byte_count": 6771, "marker_offsets": [0, 174, 203, 538, 1299, 6502], "path": "DECISIONS.md", "sha256": "db6734d68a04c953cb34c2066873d1b7f5aaee40253c27a2a8b436860af5fce7"}, {"byte_count": 8945, "marker_offsets": [0, 657, 1684, 4869, 4886, 7534, 7904, 8571], "path": "AI_COLLABORATION_METHOD.md", "sha256": "2351a0bbd9f5f7449feec7aee4cb3a7046438c26b293a26ffb5af30c84f09cfb"}]}, "errors": [{"message": "STATUS.md is missing marker '## 当前裁决'", "oracle_id": "CTX02-STATE-MARKER-MISSING"}, {"message": "STATUS.md is missing marker '## 已有且仍然有效'", "oracle_id": "CTX02-STATE-MARKER-MISSING"}, {"message": "STATUS.md is missing marker '## 进行中'", "oracle_id": "CTX02-STATE-MARKER-MISSING"}, {"message": "STATUS.md is missing marker '## 当前下一步'", "oracle_id": "CTX02-STATE-MARKER-MISSING"}, {"message": "STATUS.md is missing marker '## 主要残余风险'", "oracle_id": "CTX02-STATE-MARKER-MISSING"}, {"message": "TASK_BOARD.md is missing marker '## 进行中'", "oracle_id": "CTX02-STATE-MARKER-MISSING"}, {"message": "TASK_BOARD.md is missing marker '## 已排队'", "oracle_id": "CTX02-STATE-MARKER-MISSING"}, {"message": "TASK_BOARD.md is missing marker '## 条件性任务'", "oracle_id": "CTX02-STATE-MARKER-MISSING"}, {"message": "TASK_BOARD.md is missing marker '## 已完成且证据仍有效'", "oracle_id": "CTX02-STATE-MARKER-MISSING"}, {"message": "TASK_BOARD.md is missing marker '## 工作规则'", "oracle_id": "CTX02-STATE-MARKER-MISSING"}], "failure_id": "CTX-02", "mechanism_id": "CTX-02-CONTEXT-RECOVERY-DESIGN-FREEZE-V1", "probe_receipt": {"fixture_id": "CTX02-FIXTURE-001", "fixture_sha256": "22f7eadd618ceb154d2ed5b99dec1c0e785c1f672c5de3fb6db2a6dfaba50cc2", "observations": [{"probe_id": "start", "recovered_request_id": "REQ-CTX02-CURRENT", "recovered_target_id": "TARGET-CTX02-DESIGN-FREEZE", "recovery_source": "context_segments", "segment_count": 5, "sentinel_index": 0}, {"probe_id": "middle", "recovered_request_id": "REQ-CTX02-CURRENT", "recovered_target_id": "TARGET-CTX02-DESIGN-FREEZE", "recovery_source": "context_segments", "segment_count": 5, "sentinel_index": 2}, {"probe_id": "end", "recovered_request_id": "REQ-CTX02-CURRENT", "recovered_target_id": "TARGET-CTX02-DESIGN-FREEZE", "recovery_source": "context_segments", "segment_count": 5, "sentinel_index": 4}, {"context_was_empty": false, "probe_id": "post_compaction", "recovered_request_id": "REQ-CTX02-CURRENT", "recovered_target_id": "TARGET-CTX02-DESIGN-FREEZE", "recovery_source": "compaction_receipt", "stale_request_disposition": "not_in_compacted_input"}, {"context_was_empty": true, "probe_id": "empty_context_restart", "recovered_request_id": "REQ-CTX02-CURRENT", "recovered_target_id": "TARGET-CTX02-DESIGN-FREEZE", "recovery_source": "required_state_packet"}, {"probe_id": "stale_request_regression", "recovery_source": "request_supersession", "selected_request_id": "REQ-CTX02-CURRENT", "selected_target_id": "TARGET-CTX02-DESIGN-FREEZE", "stale_request_disposition": "rejected_superseded"}]}, "schema_version": 1, "status": "fail"}


======================================================================
FAIL: test_receipt_claim_cannot_override_derived_observation (test_context_recovery.ContextRecoveryDesignFreezeTests.test_receipt_claim_cannot_override_derived_observation)
----------------------------------------------------------------------
Traceback (most recent call last):
  File "/private/tmp/ids-fed7-audit.kowOr4/repo/MyBrain/projects/investment-discipline-system/governance_tests/test_context_recovery.py", line 225, in test_receipt_claim_cannot_override_derived_observation
    self.assert_spec_mutation_rejected(
    ~~~~~~~~~~~~~~~~~~~~~~~~~~~~~~~~~~^
        mutate,
        ^^^^^^^
        "CTX02-RECEIPT-CONTRACT",
        ^^^^^^^^^^^^^^^^^^^^^^^^^
    )
    ^
  File "/private/tmp/ids-fed7-audit.kowOr4/repo/MyBrain/projects/investment-discipline-system/governance_tests/test_context_recovery.py", line 101, in assert_spec_mutation_rejected
    self.assertEqual(0, baseline.returncode, baseline.stdout + baseline.stderr)
    ~~~~~~~~~~~~~~~~^^^^^^^^^^^^^^^^^^^^^^^^^^^^^^^^^^^^^^^^^^^^^^^^^^^^^^^^^^^
AssertionError: 0 != 1 : {"claim_boundary": {"does_not_prove": ["real LLM recall", "unknown-position statistical coverage", "production incident rate", "model- or harness-independent behavior"], "proof_scope": "A deterministic standard-library oracle reads the required state-packet file bytes, checks frozen ordered section markers, replays six bounded recovery probes, and compares the derived observations with an explicit frozen receipt.", "residual_limitation": "This design freeze proves only the specified byte checks and deterministic fixture behavior. Retrieval by a real model, arbitrary context lengths and positions, compaction implementations, and future harness revisions require separately pinned empirical runs."}, "derived_from": {"spec_byte_count": 11261, "spec_path": "governance/CONTEXT_RECOVERY_SPEC_V1.json", "spec_sha256": "bfc7d844bec9652890b0137759306b006ac279e4d523779d680302e803ccd4cd", "state_packet_files": [{"byte_count": 3301, "marker_offsets": [0, 37, 790, 1214, 1671], "path": "PROJECT_CHARTER.md", "sha256": "3ea9139f8647119cafbbce05404b77c50afcd688a5731a315032eb41b1201ca8"}, {"byte_count": 7546, "marker_offsets": [0], "path": "STATUS.md", "sha256": "14e2b4ad3f41a1c8d6a23985e111941c5039a838edc68412f855a06fbe51a84e"}, {"byte_count": 7543, "marker_offsets": [0], "path": "TASK_BOARD.md", "sha256": "802bcaded02f3316d97fe43bf0003c96d4a4932a09e9d330bb0bfed4da687443"}, {"byte_count": 6771, "marker_offsets": [0, 174, 203, 538, 1299, 6502], "path": "DECISIONS.md", "sha256": "db6734d68a04c953cb34c2066873d1b7f5aaee40253c27a2a8b436860af5fce7"}, {"byte_count": 8945, "marker_offsets": [0, 657, 1684, 4869, 4886, 7534, 7904, 8571], "path": "AI_COLLABORATION_METHOD.md", "sha256": "2351a0bbd9f5f7449feec7aee4cb3a7046438c26b293a26ffb5af30c84f09cfb"}]}, "errors": [{"message": "STATUS.md is missing marker '## 当前裁决'", "oracle_id": "CTX02-STATE-MARKER-MISSING"}, {"message": "STATUS.md is missing marker '## 已有且仍然有效'", "oracle_id": "CTX02-STATE-MARKER-MISSING"}, {"message": "STATUS.md is missing marker '## 进行中'", "oracle_id": "CTX02-STATE-MARKER-MISSING"}, {"message": "STATUS.md is missing marker '## 当前下一步'", "oracle_id": "CTX02-STATE-MARKER-MISSING"}, {"message": "STATUS.md is missing marker '## 主要残余风险'", "oracle_id": "CTX02-STATE-MARKER-MISSING"}, {"message": "TASK_BOARD.md is missing marker '## 进行中'", "oracle_id": "CTX02-STATE-MARKER-MISSING"}, {"message": "TASK_BOARD.md is missing marker '## 已排队'", "oracle_id": "CTX02-STATE-MARKER-MISSING"}, {"message": "TASK_BOARD.md is missing marker '## 条件性任务'", "oracle_id": "CTX02-STATE-MARKER-MISSING"}, {"message": "TASK_BOARD.md is missing marker '## 已完成且证据仍有效'", "oracle_id": "CTX02-STATE-MARKER-MISSING"}, {"message": "TASK_BOARD.md is missing marker '## 工作规则'", "oracle_id": "CTX02-STATE-MARKER-MISSING"}], "failure_id": "CTX-02", "mechanism_id": "CTX-02-CONTEXT-RECOVERY-DESIGN-FREEZE-V1", "probe_receipt": {"fixture_id": "CTX02-FIXTURE-001", "fixture_sha256": "22f7eadd618ceb154d2ed5b99dec1c0e785c1f672c5de3fb6db2a6dfaba50cc2", "observations": [{"probe_id": "start", "recovered_request_id": "REQ-CTX02-CURRENT", "recovered_target_id": "TARGET-CTX02-DESIGN-FREEZE", "recovery_source": "context_segments", "segment_count": 5, "sentinel_index": 0}, {"probe_id": "middle", "recovered_request_id": "REQ-CTX02-CURRENT", "recovered_target_id": "TARGET-CTX02-DESIGN-FREEZE", "recovery_source": "context_segments", "segment_count": 5, "sentinel_index": 2}, {"probe_id": "end", "recovered_request_id": "REQ-CTX02-CURRENT", "recovered_target_id": "TARGET-CTX02-DESIGN-FREEZE", "recovery_source": "context_segments", "segment_count": 5, "sentinel_index": 4}, {"context_was_empty": false, "probe_id": "post_compaction", "recovered_request_id": "REQ-CTX02-CURRENT", "recovered_target_id": "TARGET-CTX02-DESIGN-FREEZE", "recovery_source": "compaction_receipt", "stale_request_disposition": "not_in_compacted_input"}, {"context_was_empty": true, "probe_id": "empty_context_restart", "recovered_request_id": "REQ-CTX02-CURRENT", "recovered_target_id": "TARGET-CTX02-DESIGN-FREEZE", "recovery_source": "required_state_packet"}, {"probe_id": "stale_request_regression", "recovery_source": "request_supersession", "selected_request_id": "REQ-CTX02-CURRENT", "selected_target_id": "TARGET-CTX02-DESIGN-FREEZE", "stale_request_disposition": "rejected_superseded"}]}, "schema_version": 1, "status": "fail"}


======================================================================
FAIL: test_removed_middle_sentinel_hits_missing_sentinel_oracle (test_context_recovery.ContextRecoveryDesignFreezeTests.test_removed_middle_sentinel_hits_missing_sentinel_oracle)
----------------------------------------------------------------------
Traceback (most recent call last):
  File "/private/tmp/ids-fed7-audit.kowOr4/repo/MyBrain/projects/investment-discipline-system/governance_tests/test_context_recovery.py", line 143, in test_removed_middle_sentinel_hits_missing_sentinel_oracle
    self.assert_spec_mutation_rejected(
    ~~~~~~~~~~~~~~~~~~~~~~~~~~~~~~~~~~^
        mutate,
        ^^^^^^^
        "CTX02-PROBE-MIDDLE-SENTINEL-MISSING",
        ^^^^^^^^^^^^^^^^^^^^^^^^^^^^^^^^^^^^^^
    )
    ^
  File "/private/tmp/ids-fed7-audit.kowOr4/repo/MyBrain/projects/investment-discipline-system/governance_tests/test_context_recovery.py", line 101, in assert_spec_mutation_rejected
    self.assertEqual(0, baseline.returncode, baseline.stdout + baseline.stderr)
    ~~~~~~~~~~~~~~~~^^^^^^^^^^^^^^^^^^^^^^^^^^^^^^^^^^^^^^^^^^^^^^^^^^^^^^^^^^^
AssertionError: 0 != 1 : {"claim_boundary": {"does_not_prove": ["real LLM recall", "unknown-position statistical coverage", "production incident rate", "model- or harness-independent behavior"], "proof_scope": "A deterministic standard-library oracle reads the required state-packet file bytes, checks frozen ordered section markers, replays six bounded recovery probes, and compares the derived observations with an explicit frozen receipt.", "residual_limitation": "This design freeze proves only the specified byte checks and deterministic fixture behavior. Retrieval by a real model, arbitrary context lengths and positions, compaction implementations, and future harness revisions require separately pinned empirical runs."}, "derived_from": {"spec_byte_count": 11261, "spec_path": "governance/CONTEXT_RECOVERY_SPEC_V1.json", "spec_sha256": "bfc7d844bec9652890b0137759306b006ac279e4d523779d680302e803ccd4cd", "state_packet_files": [{"byte_count": 3301, "marker_offsets": [0, 37, 790, 1214, 1671], "path": "PROJECT_CHARTER.md", "sha256": "3ea9139f8647119cafbbce05404b77c50afcd688a5731a315032eb41b1201ca8"}, {"byte_count": 7546, "marker_offsets": [0], "path": "STATUS.md", "sha256": "14e2b4ad3f41a1c8d6a23985e111941c5039a838edc68412f855a06fbe51a84e"}, {"byte_count": 7543, "marker_offsets": [0], "path": "TASK_BOARD.md", "sha256": "802bcaded02f3316d97fe43bf0003c96d4a4932a09e9d330bb0bfed4da687443"}, {"byte_count": 6771, "marker_offsets": [0, 174, 203, 538, 1299, 6502], "path": "DECISIONS.md", "sha256": "db6734d68a04c953cb34c2066873d1b7f5aaee40253c27a2a8b436860af5fce7"}, {"byte_count": 8945, "marker_offsets": [0, 657, 1684, 4869, 4886, 7534, 7904, 8571], "path": "AI_COLLABORATION_METHOD.md", "sha256": "2351a0bbd9f5f7449feec7aee4cb3a7046438c26b293a26ffb5af30c84f09cfb"}]}, "errors": [{"message": "STATUS.md is missing marker '## 当前裁决'", "oracle_id": "CTX02-STATE-MARKER-MISSING"}, {"message": "STATUS.md is missing marker '## 已有且仍然有效'", "oracle_id": "CTX02-STATE-MARKER-MISSING"}, {"message": "STATUS.md is missing marker '## 进行中'", "oracle_id": "CTX02-STATE-MARKER-MISSING"}, {"message": "STATUS.md is missing marker '## 当前下一步'", "oracle_id": "CTX02-STATE-MARKER-MISSING"}, {"message": "STATUS.md is missing marker '## 主要残余风险'", "oracle_id": "CTX02-STATE-MARKER-MISSING"}, {"message": "TASK_BOARD.md is missing marker '## 进行中'", "oracle_id": "CTX02-STATE-MARKER-MISSING"}, {"message": "TASK_BOARD.md is missing marker '## 已排队'", "oracle_id": "CTX02-STATE-MARKER-MISSING"}, {"message": "TASK_BOARD.md is missing marker '## 条件性任务'", "oracle_id": "CTX02-STATE-MARKER-MISSING"}, {"message": "TASK_BOARD.md is missing marker '## 已完成且证据仍有效'", "oracle_id": "CTX02-STATE-MARKER-MISSING"}, {"message": "TASK_BOARD.md is missing marker '## 工作规则'", "oracle_id": "CTX02-STATE-MARKER-MISSING"}], "failure_id": "CTX-02", "mechanism_id": "CTX-02-CONTEXT-RECOVERY-DESIGN-FREEZE-V1", "probe_receipt": {"fixture_id": "CTX02-FIXTURE-001", "fixture_sha256": "22f7eadd618ceb154d2ed5b99dec1c0e785c1f672c5de3fb6db2a6dfaba50cc2", "observations": [{"probe_id": "start", "recovered_request_id": "REQ-CTX02-CURRENT", "recovered_target_id": "TARGET-CTX02-DESIGN-FREEZE", "recovery_source": "context_segments", "segment_count": 5, "sentinel_index": 0}, {"probe_id": "middle", "recovered_request_id": "REQ-CTX02-CURRENT", "recovered_target_id": "TARGET-CTX02-DESIGN-FREEZE", "recovery_source": "context_segments", "segment_count": 5, "sentinel_index": 2}, {"probe_id": "end", "recovered_request_id": "REQ-CTX02-CURRENT", "recovered_target_id": "TARGET-CTX02-DESIGN-FREEZE", "recovery_source": "context_segments", "segment_count": 5, "sentinel_index": 4}, {"context_was_empty": false, "probe_id": "post_compaction", "recovered_request_id": "REQ-CTX02-CURRENT", "recovered_target_id": "TARGET-CTX02-DESIGN-FREEZE", "recovery_source": "compaction_receipt", "stale_request_disposition": "not_in_compacted_input"}, {"context_was_empty": true, "probe_id": "empty_context_restart", "recovered_request_id": "REQ-CTX02-CURRENT", "recovered_target_id": "TARGET-CTX02-DESIGN-FREEZE", "recovery_source": "required_state_packet"}, {"probe_id": "stale_request_regression", "recovery_source": "request_supersession", "selected_request_id": "REQ-CTX02-CURRENT", "selected_target_id": "TARGET-CTX02-DESIGN-FREEZE", "stale_request_disposition": "rejected_superseded"}]}, "schema_version": 1, "status": "fail"}


======================================================================
FAIL: test_stale_current_target_hits_current_target_oracle (test_context_recovery.ContextRecoveryDesignFreezeTests.test_stale_current_target_hits_current_target_oracle)
----------------------------------------------------------------------
Traceback (most recent call last):
  File "/private/tmp/ids-fed7-audit.kowOr4/repo/MyBrain/projects/investment-discipline-system/governance_tests/test_context_recovery.py", line 191, in test_stale_current_target_hits_current_target_oracle
    self.assert_spec_mutation_rejected(
    ~~~~~~~~~~~~~~~~~~~~~~~~~~~~~~~~~~^
        mutate,
        ^^^^^^^
        "CTX02-CURRENT-TARGET-STALE",
        ^^^^^^^^^^^^^^^^^^^^^^^^^^^^^
    )
    ^
  File "/private/tmp/ids-fed7-audit.kowOr4/repo/MyBrain/projects/investment-discipline-system/governance_tests/test_context_recovery.py", line 101, in assert_spec_mutation_rejected
    self.assertEqual(0, baseline.returncode, baseline.stdout + baseline.stderr)
    ~~~~~~~~~~~~~~~~^^^^^^^^^^^^^^^^^^^^^^^^^^^^^^^^^^^^^^^^^^^^^^^^^^^^^^^^^^^
AssertionError: 0 != 1 : {"claim_boundary": {"does_not_prove": ["real LLM recall", "unknown-position statistical coverage", "production incident rate", "model- or harness-independent behavior"], "proof_scope": "A deterministic standard-library oracle reads the required state-packet file bytes, checks frozen ordered section markers, replays six bounded recovery probes, and compares the derived observations with an explicit frozen receipt.", "residual_limitation": "This design freeze proves only the specified byte checks and deterministic fixture behavior. Retrieval by a real model, arbitrary context lengths and positions, compaction implementations, and future harness revisions require separately pinned empirical runs."}, "derived_from": {"spec_byte_count": 11261, "spec_path": "governance/CONTEXT_RECOVERY_SPEC_V1.json", "spec_sha256": "bfc7d844bec9652890b0137759306b006ac279e4d523779d680302e803ccd4cd", "state_packet_files": [{"byte_count": 3301, "marker_offsets": [0, 37, 790, 1214, 1671], "path": "PROJECT_CHARTER.md", "sha256": "3ea9139f8647119cafbbce05404b77c50afcd688a5731a315032eb41b1201ca8"}, {"byte_count": 7546, "marker_offsets": [0], "path": "STATUS.md", "sha256": "14e2b4ad3f41a1c8d6a23985e111941c5039a838edc68412f855a06fbe51a84e"}, {"byte_count": 7543, "marker_offsets": [0], "path": "TASK_BOARD.md", "sha256": "802bcaded02f3316d97fe43bf0003c96d4a4932a09e9d330bb0bfed4da687443"}, {"byte_count": 6771, "marker_offsets": [0, 174, 203, 538, 1299, 6502], "path": "DECISIONS.md", "sha256": "db6734d68a04c953cb34c2066873d1b7f5aaee40253c27a2a8b436860af5fce7"}, {"byte_count": 8945, "marker_offsets": [0, 657, 1684, 4869, 4886, 7534, 7904, 8571], "path": "AI_COLLABORATION_METHOD.md", "sha256": "2351a0bbd9f5f7449feec7aee4cb3a7046438c26b293a26ffb5af30c84f09cfb"}]}, "errors": [{"message": "STATUS.md is missing marker '## 当前裁决'", "oracle_id": "CTX02-STATE-MARKER-MISSING"}, {"message": "STATUS.md is missing marker '## 已有且仍然有效'", "oracle_id": "CTX02-STATE-MARKER-MISSING"}, {"message": "STATUS.md is missing marker '## 进行中'", "oracle_id": "CTX02-STATE-MARKER-MISSING"}, {"message": "STATUS.md is missing marker '## 当前下一步'", "oracle_id": "CTX02-STATE-MARKER-MISSING"}, {"message": "STATUS.md is missing marker '## 主要残余风险'", "oracle_id": "CTX02-STATE-MARKER-MISSING"}, {"message": "TASK_BOARD.md is missing marker '## 进行中'", "oracle_id": "CTX02-STATE-MARKER-MISSING"}, {"message": "TASK_BOARD.md is missing marker '## 已排队'", "oracle_id": "CTX02-STATE-MARKER-MISSING"}, {"message": "TASK_BOARD.md is missing marker '## 条件性任务'", "oracle_id": "CTX02-STATE-MARKER-MISSING"}, {"message": "TASK_BOARD.md is missing marker '## 已完成且证据仍有效'", "oracle_id": "CTX02-STATE-MARKER-MISSING"}, {"message": "TASK_BOARD.md is missing marker '## 工作规则'", "oracle_id": "CTX02-STATE-MARKER-MISSING"}], "failure_id": "CTX-02", "mechanism_id": "CTX-02-CONTEXT-RECOVERY-DESIGN-FREEZE-V1", "probe_receipt": {"fixture_id": "CTX02-FIXTURE-001", "fixture_sha256": "22f7eadd618ceb154d2ed5b99dec1c0e785c1f672c5de3fb6db2a6dfaba50cc2", "observations": [{"probe_id": "start", "recovered_request_id": "REQ-CTX02-CURRENT", "recovered_target_id": "TARGET-CTX02-DESIGN-FREEZE", "recovery_source": "context_segments", "segment_count": 5, "sentinel_index": 0}, {"probe_id": "middle", "recovered_request_id": "REQ-CTX02-CURRENT", "recovered_target_id": "TARGET-CTX02-DESIGN-FREEZE", "recovery_source": "context_segments", "segment_count": 5, "sentinel_index": 2}, {"probe_id": "end", "recovered_request_id": "REQ-CTX02-CURRENT", "recovered_target_id": "TARGET-CTX02-DESIGN-FREEZE", "recovery_source": "context_segments", "segment_count": 5, "sentinel_index": 4}, {"context_was_empty": false, "probe_id": "post_compaction", "recovered_request_id": "REQ-CTX02-CURRENT", "recovered_target_id": "TARGET-CTX02-DESIGN-FREEZE", "recovery_source": "compaction_receipt", "stale_request_disposition": "not_in_compacted_input"}, {"context_was_empty": true, "probe_id": "empty_context_restart", "recovered_request_id": "REQ-CTX02-CURRENT", "recovered_target_id": "TARGET-CTX02-DESIGN-FREEZE", "recovery_source": "required_state_packet"}, {"probe_id": "stale_request_regression", "recovery_source": "request_supersession", "selected_request_id": "REQ-CTX02-CURRENT", "selected_target_id": "TARGET-CTX02-DESIGN-FREEZE", "stale_request_disposition": "rejected_superseded"}]}, "schema_version": 1, "status": "fail"}


======================================================================
FAIL: test_conditional_schema_self_weakening_is_rejected (test_final_review_attacks.FinalReviewAttackTests.test_conditional_schema_self_weakening_is_rejected)
----------------------------------------------------------------------
Traceback (most recent call last):
  File "/private/tmp/ids-fed7-audit.kowOr4/repo/MyBrain/projects/investment-discipline-system/governance_tests/test_final_review_attacks.py", line 128, in setUp
    self.assertEqual(
    ~~~~~~~~~~~~~~~~^
        baseline.returncode,
        ^^^^^^^^^^^^^^^^^^^^
    ...<2 lines>...
        f"{baseline.stdout}",
        ^^^^^^^^^^^^^^^^^^^^^
    )
    ^
AssertionError: 1 != 0 : canonical attack fixture must pass before an isolated mutation:
governance verification: FAIL
- research sufficiency executable verification failed: research sufficiency current_evaluation differs
- assurance metadata executable verification failed: assurance trust model: configured Git fetch URL differs from the acceptance contract; ground-truth manifest: stale artifact hash for governance/ACCEPTANCE_CONTRACT_V1.json; ground-truth manifest: stale artifact hash for governance/AI_PROJECT_RESEARCH_REGISTER_V1.json; ground-truth manifest: stale artifact hash for governance/ASSURANCE_SUBJECTS_V1.json; ground-truth manifest: stale artifact hash for governance/FROZEN_TEST_MANIFEST_V1.json; ground-truth manifest: stale artifact hash for governance/NO_LIVE_SCOPE_POLICY_V1.json; ground-truth manifest: stale artifact hash for governance/PROJECT_METHOD_POLICY_V1.json; ground-truth manifest: missing research primary artifact audits/PROJECT_METHOD_GAP_CLOSURE_REVIEW_R8_2026-07-25.md; ground-truth manifest: missing research primary artifact audits/PROJECT_GOVERNANCE_ADVERSARIAL_REVIEW_R10_2026-07-25.md
- context recovery executable verification failed: {'message': "STATUS.md is missing marker '## 当前裁决'", 'oracle_id': 'CTX02-STATE-MARKER-MISSING'}; {'message': "STATUS.md is missing marker '## 已有且仍然有效'", 'oracle_id': 'CTX02-STATE-MARKER-MISSING'}; {'message': "STATUS.md is missing marker '## 进行中'", 'oracle_id': 'CTX02-STATE-MARKER-MISSING'}; {'message': "STATUS.md is missing marker '## 当前下一步'", 'oracle_id': 'CTX02-STATE-MARKER-MISSING'}; {'message': "STATUS.md is missing marker '## 主要残余风险'", 'oracle_id': 'CTX02-STATE-MARKER-MISSING'}; {'message': "TASK_BOARD.md is missing marker '## 进行中'", 'oracle_id': 'CTX02-STATE-MARKER-MISSING'}; {'message': "TASK_BOARD.md is missing marker '## 已排队'", 'oracle_id': 'CTX02-STATE-MARKER-MISSING'}; {'message': "TASK_BOARD.md is missing marker '## 条件性任务'", 'oracle_id': 'CTX02-STATE-MARKER-MISSING'}; {'message': "TASK_BOARD.md is missing marker '## 已完成且证据仍有效'", 'oracle_id': 'CTX02-STATE-MARKER-MISSING'}; {'message': "TASK_BOARD.md is missing marker '## 工作规则'", 'oracle_id': 'CTX02-STATE-MARKER-MISSING'}
- component registry executable verification failed: components[0].contract_interface.locators[0].sha256 is stale for governance/ACCEPTANCE_CONTRACT_V1.json: declared=628dc791951d3e83d27ccfe30d04a2c067731b6dc5e5eccabdf3761dc824f2d6, actual=1e8603b78b2479fc200c20f673bb09fc15b35a6f39c806a988d16098dd1a0c1d; components[0].contract_interface.locators[1].sha256 is stale for governance/PROJECT_METHOD_POLICY_V1.json: declared=232c2830ba2109cd7b3cfa6a9450f2d736352b45f088f4eb0918c5d004d87dbb, actual=16521aed0eb3e865212440522ec2a6ae19eb346ab9f7d2faf3a735f46465fd7f; components[0].observability.locators[0].sha256 is stale for scripts/verify_governance.py: declared=314c71c6c3d138aa37e4501defb44a11de71385f963ffb14860aa5e246c4cc0c, actual=7488baca8f30675f2c8a4b119b6aa3b76cc38d2b0ff8cdf7930f95083d2749b9; components[0].dependencies[0].evidence_locators[0].sha256 is stale for governance/ACCEPTANCE_CONTRACT_V1.json: declared=628dc791951d3e83d27ccfe30d04a2c067731b6dc5e5eccabdf3761dc824f2d6, actual=1e8603b78b2479fc200c20f673bb09fc15b35a6f39c806a988d16098dd1a0c1d; components[0].dependencies[1].evidence_locators[0].sha256 is stale for governance/ACCEPTANCE_CONTRACT_V1.json: declared=628dc791951d3e83d27ccfe30d04a2c067731b6dc5e5eccabdf3761dc824f2d6, actual=1e8603b78b2479fc200c20f673bb09fc15b35a6f39c806a988d16098dd1a0c1d; components[0].removal_path.blocker_locators[0].sha256 is stale for governance/ACCEPTANCE_CONTRACT_V1.json: declared=628dc791951d3e83d27ccfe30d04a2c067731b6dc5e5eccabdf3761dc824f2d6, actual=1e8603b78b2479fc200c20f673bb09fc15b35a6f39c806a988d16098dd1a0c1d; components[0].evidence_locators[0].sha256 is stale for governance/PROJECT_METHOD_POLICY_V1.json: declared=232c2830ba2109cd7b3cfa6a9450f2d736352b45f088f4eb0918c5d004d87dbb, actual=16521aed0eb3e865212440522ec2a6ae19eb346ab9f7d2faf3a735f46465fd7f
- work packets executable verification failed: DAG edge WP-CONTRACT-SUPERSESSION-CLOSURE-POLICY -> WP-METHOD-RUNTIME-FOUNDATION-S1: depends_on is not matched by activates; DAG edge WP-METHOD-RUNTIME-FOUNDATION-S1 -> WP-METHOD-INTEGRATION: activates is not matched by depends_on; goal METHOD-GOVERNANCE-CLOSURE: expected exactly one live root; found ['WP-CONTRACT-SUPERSESSION-CLOSURE-POLICY', 'WP-METHOD-INTEGRATION', 'WP-METHOD-RUNTIME-FOUNDATION-S1']; goal METHOD-GOVERNANCE-CLOSURE: expected exactly one live sink; found ['WP-CONTRACT-SUPERSESSION-CLOSURE-POLICY', 'WP-FREEZE-CLOSURE-PROTOCOL', 'WP-METHOD-RUNTIME-FOUNDATION-S1']; packet WP-CONTRACT-SUPERSESSION-CLOSURE-POLICY: activates packet 'WP-METHOD-RUNTIME-FOUNDATION' is superseded without an exact recovery alias; packet WP-METHOD-INTEGRATION: depends_on packet 'WP-METHOD-RUNTIME-FOUNDATION' is superseded without an exact recovery alias; packet WP-METHOD-RUNTIME-FOUNDATION: acceptance receipt is required before state superseded; packet WP-METHOD-RUNTIME-FOUNDATION: checkpoint receipt is required before state superseded; parallel packets WP-CONTRACT-SUPERSESSION-CLOSURE-POLICY and WP-FREEZE-CLOSURE-PROTOCOL: read/write conflict; WP-FREEZE-CLOSURE-PROTOCOL reads 'scripts/verify_contract_supersession.py' while WP-CONTRACT-SUPERSESSION-CLOSURE-POLICY writes 'scripts/verify_contract_supersession.py'; parallel packets WP-CONTRACT-SUPERSESSION-CLOSURE-POLICY and WP-METHOD-INTEGRATION: read/write conflict; WP-CONTRACT-SUPERSESSION-CLOSURE-POLICY reads 'governance/ACCEPTANCE_CONTRACT_V1.json' while WP-METHOD-INTEGRATION writes 'governance/ACCEPTANCE_CONTRACT_V1.json'; parallel packets WP-CONTRACT-SUPERSESSION-CLOSURE-POLICY and WP-METHOD-INTEGRATION: read/write conflict; WP-CONTRACT-SUPERSESSION-CLOSURE-POLICY reads 'governance/PROJECT_METHOD_POLICY_V1.json' while WP-METHOD-INTEGRATION writes 'governance/PROJECT_METHOD_POLICY_V1.json'; parallel packets WP-CONTRACT-SUPERSESSION-CLOSURE-POLICY and WP-METHOD-INTEGRATION: read/write conflict; WP-METHOD-INTEGRATION reads 'scripts/verify_contract_supersession.py' while WP-CONTRACT-SUPERSESSION-CLOSURE-POLICY writes 'scripts/verify_contract_supersession.py'; parallel packets WP-FREEZE-CLOSURE-PROTOCOL and WP-METHOD-RUNTIME-FOUNDATION-S1: read/write conflict; WP-FREEZE-CLOSURE-PROTOCOL reads 'scripts/verify_governance.py' while WP-METHOD-RUNTIME-FOUNDATION-S1 writes 'scripts/verify_governance.py'; parallel packets WP-METHOD-INTEGRATION and WP-METHOD-RUNTIME-FOUNDATION-S1: read/write conflict; WP-METHOD-INTEGRATION reads 'governance/PROJECT_STATE_VIEW_POLICY_V1.json' while WP-METHOD-RUNTIME-FOUNDATION-S1 writes 'governance/PROJECT_STATE_VIEW_POLICY_V1.json'; parallel packets WP-METHOD-INTEGRATION and WP-METHOD-RUNTIME-FOUNDATION-S1: read/write conflict; WP-METHOD-RUNTIME-FOUNDATION-S1 reads 'governance/AI_PROJECT_RESEARCH_REGISTER_V1.json' while WP-METHOD-INTEGRATION writes 'governance/AI_PROJECT_RESEARCH_REGISTER_V1.json'; parallel packets WP-METHOD-INTEGRATION and WP-METHOD-RUNTIME-FOUNDATION-S1: read/write conflict; WP-METHOD-RUNTIME-FOUNDATION-S1 reads 'governance/WORK_PACKET_POLICY_V2.json' while WP-METHOD-INTEGRATION writes 'governance/WORK_PACKET_POLICY_V2.json'; parallel packets WP-METHOD-INTEGRATION and WP-METHOD-RUNTIME-FOUNDATION-S1: read/write conflict; WP-METHOD-RUNTIME-FOUNDATION-S1 reads 'scripts/verify_work_packets.py' while WP-METHOD-INTEGRATION writes 'scripts/verify_work_packets.py'; unrecordable recovery: Git alternate object store is not allowed; unrecordable recovery: candidate snapshot could not be verified; unrecordable recovery: review envelope ref: git exited 128: fatal: 'refs/tags/foundation-successor-recovery-review-2026-07-27-r3' - not a valid ref
- frozen tests executable verification failed: source sha256 mismatch for frozen-test file: governance_tests/test_governance_regression_runner.py; class AST sha256 mismatch for frozen-test class: governance_tests/test_governance_regression_runner.py::GovernanceRegressionRunnerTests
- execution loop executable verification failed: V2 work-packet verification failed: DAG edge WP-CONTRACT-SUPERSESSION-CLOSURE-POLICY -> WP-METHOD-RUNTIME-FOUNDATION-S1: depends_on is not matched by activates; DAG edge WP-METHOD-RUNTIME-FOUNDATION-S1 -> WP-METHOD-INTEGRATION: activates is not matched by depends_on; goal METHOD-GOVERNANCE-CLOSURE: expected exactly one live root; found ['WP-CONTRACT-SUPERSESSION-CLOSURE-POLICY', 'WP-METHOD-INTEGRATION', 'WP-METHOD-RUNTIME-FOUNDATION-S1']; goal METHOD-GOVERNANCE-CLOSURE: expected exactly one live sink; found ['WP-CONTRACT-SUPERSESSION-CLOSURE-POLICY', 'WP-FREEZE-CLOSURE-PROTOCOL', 'WP-METHOD-RUNTIME-FOUNDATION-S1']; packet WP-CONTRACT-SUPERSESSION-CLOSURE-POLICY: activates packet 'WP-METHOD-RUNTIME-FOUNDATION' is superseded without an exact recovery alias; packet WP-METHOD-INTEGRATION: depends_on packet 'WP-METHOD-RUNTIME-FOUNDATION' is superseded without an exact recovery alias; packet WP-METHOD-RUNTIME-FOUNDATION: acceptance receipt is required before state superseded; packet WP-METHOD-RUNTIME-FOUNDATION: checkpoint receipt is required before state superseded; parallel packets WP-CONTRACT-SUPERSESSION-CLOSURE-POLICY and WP-FREEZE-CLOSURE-PROTOCOL: read/write conflict; WP-FREEZE-CLOSURE-PROTOCOL reads 'scripts/verify_contract_supersession.py' while WP-CONTRACT-SUPERSESSION-CLOSURE-POLICY writes 'scripts/verify_contract_supersession.py'; parallel packets WP-CONTRACT-SUPERSESSION-CLOSURE-POLICY and WP-METHOD-INTEGRATION: read/write conflict; WP-CONTRACT-SUPERSESSION-CLOSURE-POLICY reads 'governance/ACCEPTANCE_CONTRACT_V1.json' while WP-METHOD-INTEGRATION writes 'governance/ACCEPTANCE_CONTRACT_V1.json'; parallel packets WP-CONTRACT-SUPERSESSION-CLOSURE-POLICY and WP-METHOD-INTEGRATION: read/write conflict; WP-CONTRACT-SUPERSESSION-CLOSURE-POLICY reads 'governance/PROJECT_METHOD_POLICY_V1.json' while WP-METHOD-INTEGRATION writes 'governance/PROJECT_METHOD_POLICY_V1.json'; parallel packets WP-CONTRACT-SUPERSESSION-CLOSURE-POLICY and WP-METHOD-INTEGRATION: read/write conflict; WP-METHOD-INTEGRATION reads 'scripts/verify_contract_supersession.py' while WP-CONTRACT-SUPERSESSION-CLOSURE-POLICY writes 'scripts/verify_contract_supersession.py'; parallel packets WP-FREEZE-CLOSURE-PROTOCOL and WP-METHOD-RUNTIME-FOUNDATION-S1: read/write conflict; WP-FREEZE-CLOSURE-PROTOCOL reads 'scripts/verify_governance.py' while WP-METHOD-RUNTIME-FOUNDATION-S1 writes 'scripts/verify_governance.py'; parallel packets WP-METHOD-INTEGRATION and WP-METHOD-RUNTIME-FOUNDATION-S1: read/write conflict; WP-METHOD-INTEGRATION reads 'governance/PROJECT_STATE_VIEW_POLICY_V1.json' while WP-METHOD-RUNTIME-FOUNDATION-S1 writes 'governance/PROJECT_STATE_VIEW_POLICY_V1.json'; parallel packets WP-METHOD-INTEGRATION and WP-METHOD-RUNTIME-FOUNDATION-S1: read/write conflict; WP-METHOD-RUNTIME-FOUNDATION-S1 reads 'governance/AI_PROJECT_RESEARCH_REGISTER_V1.json' while WP-METHOD-INTEGRATION writes 'governance/AI_PROJECT_RESEARCH_REGISTER_V1.json'; parallel packets WP-METHOD-INTEGRATION and WP-METHOD-RUNTIME-FOUNDATION-S1: read/write conflict; WP-METHOD-RUNTIME-FOUNDATION-S1 reads 'governance/WORK_PACKET_POLICY_V2.json' while WP-METHOD-INTEGRATION writes 'governance/WORK_PACKET_POLICY_V2.json'; parallel packets WP-METHOD-INTEGRATION and WP-METHOD-RUNTIME-FOUNDATION-S1: read/write conflict; WP-METHOD-RUNTIME-FOUNDATION-S1 reads 'scripts/verify_work_packets.py' while WP-METHOD-INTEGRATION writes 'scripts/verify_work_packets.py'; unrecordable recovery: Git alternate object store is not allowed; unrecordable recovery: candidate snapshot could not be verified; unrecordable recovery: review envelope ref: git exited 128: fatal: 'refs/tags/foundation-successor-recovery-review-2026-07-27-r3' - not a valid ref
- normative frozen file boundary differs: expected=['PRODUCT_ASSURANCE_BLUEPRINT_V2.md', 'governance/ACCEPTANCE_CASES_V1.json', 'governance/ACCEPTANCE_CONTRACT_V1.json', 'governance/AI_PROJECT_RESEARCH_REGISTER_V1.json', 'governance/ASSURANCE_SUBJECTS_V1.json', 'governance/ASSURANCE_TRUST_MODEL_V1.json', 'governance/COMPONENT_REGISTRY_V1.json', 'governance/CONTEXT_RECOVERY_SPEC_V1.json', 'governance/DECISION_AUTHORITY_V1.json', 'governance/DEPENDENCY_BOUNDARY_V1.json', 'governance/EXECUTION_LOOP_POLICY_V1.json', 'governance/EXECUTION_LOOP_POLICY_V2.json', 'governance/FAILURE_CLASSES_V1.json', 'governance/FIELD_USE_PROTOCOL_V1.json', 'governance/FROZEN_TEST_MANIFEST_V1.json', 'governance/GROUND_TRUTH_MANIFEST_V1.json', 'governance/IMPLEMENTATION_TARGETS_V1.json', 'governance/MARKET_SIMULATION_POLICY_V1.json', 'governance/MIGRATION_DRILL_SPEC_V1.json', 'governance/MONEY_AND_CORPORATE_ACTIONS_SPEC_V1.json', 'governance/NO_LIVE_SCOPE_POLICY_V1.json', 'governance/PRIVATE_DATA_POLICY_V1.json', 'governance/PROJECT_METHOD_POLICY_V1.json', 'governance/RESEARCH_SUFFICIENCY_V1.json', 'governance/RUFF_CI_CONFIG_V1.toml', 'governance/TRACEABILITY_V1.json', 'governance/USER_INTENT_V1.json', 'governance/USER_SOURCE_EXCERPTS_V1.json', 'governance/VERIFICATION_SPECS_V1.json', 'governance/WORK_PACKET_POLICY_V1.json', 'governance/WORK_PACKET_POLICY_V2.json', 'governance/requirements-ci.txt', 'research/SAME_TASK_METHOD_COMPARISON_PREREGISTRATION_R9_2026-07-25.json'], actual=['PRODUCT_ASSURANCE_BLUEPRINT_V2.md', 'governance/ACCEPTANCE_CASES_V1.json', 'governance/ACCEPTANCE_CONTRACT_V1.json', 'governance/AI_PROJECT_RESEARCH_REGISTER_V1.json', 'governance/ASSURANCE_SUBJECTS_V1.json', 'governance/ASSURANCE_TRUST_MODEL_V1.json', 'governance/COMPONENT_REGISTRY_V1.json', 'governance/CONTEXT_RECOVERY_SPEC_V1.json', 'governance/DECISION_AUTHORITY_V1.json', 'governance/DEPENDENCY_BOUNDARY_V1.json', 'governance/EXECUTION_LOOP_POLICY_V1.json', 'governance/FAILURE_CLASSES_V1.json', 'governance/FIELD_USE_PROTOCOL_V1.json', 'governance/FROZEN_TEST_MANIFEST_V1.json', 'governance/GROUND_TRUTH_MANIFEST_V1.json', 'governance/IMPLEMENTATION_TARGETS_V1.json', 'governance/MARKET_SIMULATION_POLICY_V1.json', 'governance/MIGRATION_DRILL_SPEC_V1.json', 'governance/MONEY_AND_CORPORATE_ACTIONS_SPEC_V1.json', 'governance/NO_LIVE_SCOPE_POLICY_V1.json', 'governance/PRIVATE_DATA_POLICY_V1.json', 'governance/PROJECT_METHOD_POLICY_V1.json', 'governance/RESEARCH_SUFFICIENCY_V1.json', 'governance/RUFF_CI_CONFIG_V1.toml', 'governance/TRACEABILITY_V1.json', 'governance/USER_INTENT_V1.json', 'governance/USER_SOURCE_EXCERPTS_V1.json', 'governance/VERIFICATION_SPECS_V1.json', 'governance/WORK_PACKET_POLICY_V1.json', 'governance/requirements-ci.txt', 'research/SAME_TASK_METHOD_COMPARISON_PREREGISTRATION_R9_2026-07-25.json']


======================================================================
FAIL: test_conditional_self_attestation_is_rejected (test_final_review_attacks.FinalReviewAttackTests.test_conditional_self_attestation_is_rejected)
----------------------------------------------------------------------
Traceback (most recent call last):
  File "/private/tmp/ids-fed7-audit.kowOr4/repo/MyBrain/projects/investment-discipline-system/governance_tests/test_final_review_attacks.py", line 128, in setUp
    self.assertEqual(
    ~~~~~~~~~~~~~~~~^
        baseline.returncode,
        ^^^^^^^^^^^^^^^^^^^^
    ...<2 lines>...
        f"{baseline.stdout}",
        ^^^^^^^^^^^^^^^^^^^^^
    )
    ^
AssertionError: 1 != 0 : canonical attack fixture must pass before an isolated mutation:
governance verification: FAIL
- research sufficiency executable verification failed: research sufficiency current_evaluation differs
- assurance metadata executable verification failed: assurance trust model: configured Git fetch URL differs from the acceptance contract; ground-truth manifest: stale artifact hash for governance/ACCEPTANCE_CONTRACT_V1.json; ground-truth manifest: stale artifact hash for governance/AI_PROJECT_RESEARCH_REGISTER_V1.json; ground-truth manifest: stale artifact hash for governance/ASSURANCE_SUBJECTS_V1.json; ground-truth manifest: stale artifact hash for governance/FROZEN_TEST_MANIFEST_V1.json; ground-truth manifest: stale artifact hash for governance/NO_LIVE_SCOPE_POLICY_V1.json; ground-truth manifest: stale artifact hash for governance/PROJECT_METHOD_POLICY_V1.json; ground-truth manifest: missing research primary artifact audits/PROJECT_METHOD_GAP_CLOSURE_REVIEW_R8_2026-07-25.md; ground-truth manifest: missing research primary artifact audits/PROJECT_GOVERNANCE_ADVERSARIAL_REVIEW_R10_2026-07-25.md
- context recovery executable verification failed: {'message': "STATUS.md is missing marker '## 当前裁决'", 'oracle_id': 'CTX02-STATE-MARKER-MISSING'}; {'message': "STATUS.md is missing marker '## 已有且仍然有效'", 'oracle_id': 'CTX02-STATE-MARKER-MISSING'}; {'message': "STATUS.md is missing marker '## 进行中'", 'oracle_id': 'CTX02-STATE-MARKER-MISSING'}; {'message': "STATUS.md is missing marker '## 当前下一步'", 'oracle_id': 'CTX02-STATE-MARKER-MISSING'}; {'message': "STATUS.md is missing marker '## 主要残余风险'", 'oracle_id': 'CTX02-STATE-MARKER-MISSING'}; {'message': "TASK_BOARD.md is missing marker '## 进行中'", 'oracle_id': 'CTX02-STATE-MARKER-MISSING'}; {'message': "TASK_BOARD.md is missing marker '## 已排队'", 'oracle_id': 'CTX02-STATE-MARKER-MISSING'}; {'message': "TASK_BOARD.md is missing marker '## 条件性任务'", 'oracle_id': 'CTX02-STATE-MARKER-MISSING'}; {'message': "TASK_BOARD.md is missing marker '## 已完成且证据仍有效'", 'oracle_id': 'CTX02-STATE-MARKER-MISSING'}; {'message': "TASK_BOARD.md is missing marker '## 工作规则'", 'oracle_id': 'CTX02-STATE-MARKER-MISSING'}
- component registry executable verification failed: components[0].contract_interface.locators[0].sha256 is stale for governance/ACCEPTANCE_CONTRACT_V1.json: declared=628dc791951d3e83d27ccfe30d04a2c067731b6dc5e5eccabdf3761dc824f2d6, actual=1e8603b78b2479fc200c20f673bb09fc15b35a6f39c806a988d16098dd1a0c1d; components[0].contract_interface.locators[1].sha256 is stale for governance/PROJECT_METHOD_POLICY_V1.json: declared=232c2830ba2109cd7b3cfa6a9450f2d736352b45f088f4eb0918c5d004d87dbb, actual=16521aed0eb3e865212440522ec2a6ae19eb346ab9f7d2faf3a735f46465fd7f; components[0].observability.locators[0].sha256 is stale for scripts/verify_governance.py: declared=314c71c6c3d138aa37e4501defb44a11de71385f963ffb14860aa5e246c4cc0c, actual=7488baca8f30675f2c8a4b119b6aa3b76cc38d2b0ff8cdf7930f95083d2749b9; components[0].dependencies[0].evidence_locators[0].sha256 is stale for governance/ACCEPTANCE_CONTRACT_V1.json: declared=628dc791951d3e83d27ccfe30d04a2c067731b6dc5e5eccabdf3761dc824f2d6, actual=1e8603b78b2479fc200c20f673bb09fc15b35a6f39c806a988d16098dd1a0c1d; components[0].dependencies[1].evidence_locators[0].sha256 is stale for governance/ACCEPTANCE_CONTRACT_V1.json: declared=628dc791951d3e83d27ccfe30d04a2c067731b6dc5e5eccabdf3761dc824f2d6, actual=1e8603b78b2479fc200c20f673bb09fc15b35a6f39c806a988d16098dd1a0c1d; components[0].removal_path.blocker_locators[0].sha256 is stale for governance/ACCEPTANCE_CONTRACT_V1.json: declared=628dc791951d3e83d27ccfe30d04a2c067731b6dc5e5eccabdf3761dc824f2d6, actual=1e8603b78b2479fc200c20f673bb09fc15b35a6f39c806a988d16098dd1a0c1d; components[0].evidence_locators[0].sha256 is stale for governance/PROJECT_METHOD_POLICY_V1.json: declared=232c2830ba2109cd7b3cfa6a9450f2d736352b45f088f4eb0918c5d004d87dbb, actual=16521aed0eb3e865212440522ec2a6ae19eb346ab9f7d2faf3a735f46465fd7f
- work packets executable verification failed: DAG edge WP-CONTRACT-SUPERSESSION-CLOSURE-POLICY -> WP-METHOD-RUNTIME-FOUNDATION-S1: depends_on is not matched by activates; DAG edge WP-METHOD-RUNTIME-FOUNDATION-S1 -> WP-METHOD-INTEGRATION: activates is not matched by depends_on; goal METHOD-GOVERNANCE-CLOSURE: expected exactly one live root; found ['WP-CONTRACT-SUPERSESSION-CLOSURE-POLICY', 'WP-METHOD-INTEGRATION', 'WP-METHOD-RUNTIME-FOUNDATION-S1']; goal METHOD-GOVERNANCE-CLOSURE: expected exactly one live sink; found ['WP-CONTRACT-SUPERSESSION-CLOSURE-POLICY', 'WP-FREEZE-CLOSURE-PROTOCOL', 'WP-METHOD-RUNTIME-FOUNDATION-S1']; packet WP-CONTRACT-SUPERSESSION-CLOSURE-POLICY: activates packet 'WP-METHOD-RUNTIME-FOUNDATION' is superseded without an exact recovery alias; packet WP-METHOD-INTEGRATION: depends_on packet 'WP-METHOD-RUNTIME-FOUNDATION' is superseded without an exact recovery alias; packet WP-METHOD-RUNTIME-FOUNDATION: acceptance receipt is required before state superseded; packet WP-METHOD-RUNTIME-FOUNDATION: checkpoint receipt is required before state superseded; parallel packets WP-CONTRACT-SUPERSESSION-CLOSURE-POLICY and WP-FREEZE-CLOSURE-PROTOCOL: read/write conflict; WP-FREEZE-CLOSURE-PROTOCOL reads 'scripts/verify_contract_supersession.py' while WP-CONTRACT-SUPERSESSION-CLOSURE-POLICY writes 'scripts/verify_contract_supersession.py'; parallel packets WP-CONTRACT-SUPERSESSION-CLOSURE-POLICY and WP-METHOD-INTEGRATION: read/write conflict; WP-CONTRACT-SUPERSESSION-CLOSURE-POLICY reads 'governance/ACCEPTANCE_CONTRACT_V1.json' while WP-METHOD-INTEGRATION writes 'governance/ACCEPTANCE_CONTRACT_V1.json'; parallel packets WP-CONTRACT-SUPERSESSION-CLOSURE-POLICY and WP-METHOD-INTEGRATION: read/write conflict; WP-CONTRACT-SUPERSESSION-CLOSURE-POLICY reads 'governance/PROJECT_METHOD_POLICY_V1.json' while WP-METHOD-INTEGRATION writes 'governance/PROJECT_METHOD_POLICY_V1.json'; parallel packets WP-CONTRACT-SUPERSESSION-CLOSURE-POLICY and WP-METHOD-INTEGRATION: read/write conflict; WP-METHOD-INTEGRATION reads 'scripts/verify_contract_supersession.py' while WP-CONTRACT-SUPERSESSION-CLOSURE-POLICY writes 'scripts/verify_contract_supersession.py'; parallel packets WP-FREEZE-CLOSURE-PROTOCOL and WP-METHOD-RUNTIME-FOUNDATION-S1: read/write conflict; WP-FREEZE-CLOSURE-PROTOCOL reads 'scripts/verify_governance.py' while WP-METHOD-RUNTIME-FOUNDATION-S1 writes 'scripts/verify_governance.py'; parallel packets WP-METHOD-INTEGRATION and WP-METHOD-RUNTIME-FOUNDATION-S1: read/write conflict; WP-METHOD-INTEGRATION reads 'governance/PROJECT_STATE_VIEW_POLICY_V1.json' while WP-METHOD-RUNTIME-FOUNDATION-S1 writes 'governance/PROJECT_STATE_VIEW_POLICY_V1.json'; parallel packets WP-METHOD-INTEGRATION and WP-METHOD-RUNTIME-FOUNDATION-S1: read/write conflict; WP-METHOD-RUNTIME-FOUNDATION-S1 reads 'governance/AI_PROJECT_RESEARCH_REGISTER_V1.json' while WP-METHOD-INTEGRATION writes 'governance/AI_PROJECT_RESEARCH_REGISTER_V1.json'; parallel packets WP-METHOD-INTEGRATION and WP-METHOD-RUNTIME-FOUNDATION-S1: read/write conflict; WP-METHOD-RUNTIME-FOUNDATION-S1 reads 'governance/WORK_PACKET_POLICY_V2.json' while WP-METHOD-INTEGRATION writes 'governance/WORK_PACKET_POLICY_V2.json'; parallel packets WP-METHOD-INTEGRATION and WP-METHOD-RUNTIME-FOUNDATION-S1: read/write conflict; WP-METHOD-RUNTIME-FOUNDATION-S1 reads 'scripts/verify_work_packets.py' while WP-METHOD-INTEGRATION writes 'scripts/verify_work_packets.py'; unrecordable recovery: Git alternate object store is not allowed; unrecordable recovery: candidate snapshot could not be verified; unrecordable recovery: review envelope ref: git exited 128: fatal: 'refs/tags/foundation-successor-recovery-review-2026-07-27-r3' - not a valid ref
- frozen tests executable verification failed: source sha256 mismatch for frozen-test file: governance_tests/test_governance_regression_runner.py; class AST sha256 mismatch for frozen-test class: governance_tests/test_governance_regression_runner.py::GovernanceRegressionRunnerTests
- execution loop executable verification failed: V2 work-packet verification failed: DAG edge WP-CONTRACT-SUPERSESSION-CLOSURE-POLICY -> WP-METHOD-RUNTIME-FOUNDATION-S1: depends_on is not matched by activates; DAG edge WP-METHOD-RUNTIME-FOUNDATION-S1 -> WP-METHOD-INTEGRATION: activates is not matched by depends_on; goal METHOD-GOVERNANCE-CLOSURE: expected exactly one live root; found ['WP-CONTRACT-SUPERSESSION-CLOSURE-POLICY', 'WP-METHOD-INTEGRATION', 'WP-METHOD-RUNTIME-FOUNDATION-S1']; goal METHOD-GOVERNANCE-CLOSURE: expected exactly one live sink; found ['WP-CONTRACT-SUPERSESSION-CLOSURE-POLICY', 'WP-FREEZE-CLOSURE-PROTOCOL', 'WP-METHOD-RUNTIME-FOUNDATION-S1']; packet WP-CONTRACT-SUPERSESSION-CLOSURE-POLICY: activates packet 'WP-METHOD-RUNTIME-FOUNDATION' is superseded without an exact recovery alias; packet WP-METHOD-INTEGRATION: depends_on packet 'WP-METHOD-RUNTIME-FOUNDATION' is superseded without an exact recovery alias; packet WP-METHOD-RUNTIME-FOUNDATION: acceptance receipt is required before state superseded; packet WP-METHOD-RUNTIME-FOUNDATION: checkpoint receipt is required before state superseded; parallel packets WP-CONTRACT-SUPERSESSION-CLOSURE-POLICY and WP-FREEZE-CLOSURE-PROTOCOL: read/write conflict; WP-FREEZE-CLOSURE-PROTOCOL reads 'scripts/verify_contract_supersession.py' while WP-CONTRACT-SUPERSESSION-CLOSURE-POLICY writes 'scripts/verify_contract_supersession.py'; parallel packets WP-CONTRACT-SUPERSESSION-CLOSURE-POLICY and WP-METHOD-INTEGRATION: read/write conflict; WP-CONTRACT-SUPERSESSION-CLOSURE-POLICY reads 'governance/ACCEPTANCE_CONTRACT_V1.json' while WP-METHOD-INTEGRATION writes 'governance/ACCEPTANCE_CONTRACT_V1.json'; parallel packets WP-CONTRACT-SUPERSESSION-CLOSURE-POLICY and WP-METHOD-INTEGRATION: read/write conflict; WP-CONTRACT-SUPERSESSION-CLOSURE-POLICY reads 'governance/PROJECT_METHOD_POLICY_V1.json' while WP-METHOD-INTEGRATION writes 'governance/PROJECT_METHOD_POLICY_V1.json'; parallel packets WP-CONTRACT-SUPERSESSION-CLOSURE-POLICY and WP-METHOD-INTEGRATION: read/write conflict; WP-METHOD-INTEGRATION reads 'scripts/verify_contract_supersession.py' while WP-CONTRACT-SUPERSESSION-CLOSURE-POLICY writes 'scripts/verify_contract_supersession.py'; parallel packets WP-FREEZE-CLOSURE-PROTOCOL and WP-METHOD-RUNTIME-FOUNDATION-S1: read/write conflict; WP-FREEZE-CLOSURE-PROTOCOL reads 'scripts/verify_governance.py' while WP-METHOD-RUNTIME-FOUNDATION-S1 writes 'scripts/verify_governance.py'; parallel packets WP-METHOD-INTEGRATION and WP-METHOD-RUNTIME-FOUNDATION-S1: read/write conflict; WP-METHOD-INTEGRATION reads 'governance/PROJECT_STATE_VIEW_POLICY_V1.json' while WP-METHOD-RUNTIME-FOUNDATION-S1 writes 'governance/PROJECT_STATE_VIEW_POLICY_V1.json'; parallel packets WP-METHOD-INTEGRATION and WP-METHOD-RUNTIME-FOUNDATION-S1: read/write conflict; WP-METHOD-RUNTIME-FOUNDATION-S1 reads 'governance/AI_PROJECT_RESEARCH_REGISTER_V1.json' while WP-METHOD-INTEGRATION writes 'governance/AI_PROJECT_RESEARCH_REGISTER_V1.json'; parallel packets WP-METHOD-INTEGRATION and WP-METHOD-RUNTIME-FOUNDATION-S1: read/write conflict; WP-METHOD-RUNTIME-FOUNDATION-S1 reads 'governance/WORK_PACKET_POLICY_V2.json' while WP-METHOD-INTEGRATION writes 'governance/WORK_PACKET_POLICY_V2.json'; parallel packets WP-METHOD-INTEGRATION and WP-METHOD-RUNTIME-FOUNDATION-S1: read/write conflict; WP-METHOD-RUNTIME-FOUNDATION-S1 reads 'scripts/verify_work_packets.py' while WP-METHOD-INTEGRATION writes 'scripts/verify_work_packets.py'; unrecordable recovery: Git alternate object store is not allowed; unrecordable recovery: candidate snapshot could not be verified; unrecordable recovery: review envelope ref: git exited 128: fatal: 'refs/tags/foundation-successor-recovery-review-2026-07-27-r3' - not a valid ref
- normative frozen file boundary differs: expected=['PRODUCT_ASSURANCE_BLUEPRINT_V2.md', 'governance/ACCEPTANCE_CASES_V1.json', 'governance/ACCEPTANCE_CONTRACT_V1.json', 'governance/AI_PROJECT_RESEARCH_REGISTER_V1.json', 'governance/ASSURANCE_SUBJECTS_V1.json', 'governance/ASSURANCE_TRUST_MODEL_V1.json', 'governance/COMPONENT_REGISTRY_V1.json', 'governance/CONTEXT_RECOVERY_SPEC_V1.json', 'governance/DECISION_AUTHORITY_V1.json', 'governance/DEPENDENCY_BOUNDARY_V1.json', 'governance/EXECUTION_LOOP_POLICY_V1.json', 'governance/EXECUTION_LOOP_POLICY_V2.json', 'governance/FAILURE_CLASSES_V1.json', 'governance/FIELD_USE_PROTOCOL_V1.json', 'governance/FROZEN_TEST_MANIFEST_V1.json', 'governance/GROUND_TRUTH_MANIFEST_V1.json', 'governance/IMPLEMENTATION_TARGETS_V1.json', 'governance/MARKET_SIMULATION_POLICY_V1.json', 'governance/MIGRATION_DRILL_SPEC_V1.json', 'governance/MONEY_AND_CORPORATE_ACTIONS_SPEC_V1.json', 'governance/NO_LIVE_SCOPE_POLICY_V1.json', 'governance/PRIVATE_DATA_POLICY_V1.json', 'governance/PROJECT_METHOD_POLICY_V1.json', 'governance/RESEARCH_SUFFICIENCY_V1.json', 'governance/RUFF_CI_CONFIG_V1.toml', 'governance/TRACEABILITY_V1.json', 'governance/USER_INTENT_V1.json', 'governance/USER_SOURCE_EXCERPTS_V1.json', 'governance/VERIFICATION_SPECS_V1.json', 'governance/WORK_PACKET_POLICY_V1.json', 'governance/WORK_PACKET_POLICY_V2.json', 'governance/requirements-ci.txt', 'research/SAME_TASK_METHOD_COMPARISON_PREREGISTRATION_R9_2026-07-25.json'], actual=['PRODUCT_ASSURANCE_BLUEPRINT_V2.md', 'governance/ACCEPTANCE_CASES_V1.json', 'governance/ACCEPTANCE_CONTRACT_V1.json', 'governance/AI_PROJECT_RESEARCH_REGISTER_V1.json', 'governance/ASSURANCE_SUBJECTS_V1.json', 'governance/ASSURANCE_TRUST_MODEL_V1.json', 'governance/COMPONENT_REGISTRY_V1.json', 'governance/CONTEXT_RECOVERY_SPEC_V1.json', 'governance/DECISION_AUTHORITY_V1.json', 'governance/DEPENDENCY_BOUNDARY_V1.json', 'governance/EXECUTION_LOOP_POLICY_V1.json', 'governance/FAILURE_CLASSES_V1.json', 'governance/FIELD_USE_PROTOCOL_V1.json', 'governance/FROZEN_TEST_MANIFEST_V1.json', 'governance/GROUND_TRUTH_MANIFEST_V1.json', 'governance/IMPLEMENTATION_TARGETS_V1.json', 'governance/MARKET_SIMULATION_POLICY_V1.json', 'governance/MIGRATION_DRILL_SPEC_V1.json', 'governance/MONEY_AND_CORPORATE_ACTIONS_SPEC_V1.json', 'governance/NO_LIVE_SCOPE_POLICY_V1.json', 'governance/PRIVATE_DATA_POLICY_V1.json', 'governance/PROJECT_METHOD_POLICY_V1.json', 'governance/RESEARCH_SUFFICIENCY_V1.json', 'governance/RUFF_CI_CONFIG_V1.toml', 'governance/TRACEABILITY_V1.json', 'governance/USER_INTENT_V1.json', 'governance/USER_SOURCE_EXCERPTS_V1.json', 'governance/VERIFICATION_SPECS_V1.json', 'governance/WORK_PACKET_POLICY_V1.json', 'governance/requirements-ci.txt', 'research/SAME_TASK_METHOD_COMPARISON_PREREGISTRATION_R9_2026-07-25.json']


======================================================================
FAIL: test_final_review_schema_self_weakening_is_rejected (test_final_review_attacks.FinalReviewAttackTests.test_final_review_schema_self_weakening_is_rejected)
----------------------------------------------------------------------
Traceback (most recent call last):
  File "/private/tmp/ids-fed7-audit.kowOr4/repo/MyBrain/projects/investment-discipline-system/governance_tests/test_final_review_attacks.py", line 128, in setUp
    self.assertEqual(
    ~~~~~~~~~~~~~~~~^
        baseline.returncode,
        ^^^^^^^^^^^^^^^^^^^^
    ...<2 lines>...
        f"{baseline.stdout}",
        ^^^^^^^^^^^^^^^^^^^^^
    )
    ^
AssertionError: 1 != 0 : canonical attack fixture must pass before an isolated mutation:
governance verification: FAIL
- research sufficiency executable verification failed: research sufficiency current_evaluation differs
- assurance metadata executable verification failed: assurance trust model: configured Git fetch URL differs from the acceptance contract; ground-truth manifest: stale artifact hash for governance/ACCEPTANCE_CONTRACT_V1.json; ground-truth manifest: stale artifact hash for governance/AI_PROJECT_RESEARCH_REGISTER_V1.json; ground-truth manifest: stale artifact hash for governance/ASSURANCE_SUBJECTS_V1.json; ground-truth manifest: stale artifact hash for governance/FROZEN_TEST_MANIFEST_V1.json; ground-truth manifest: stale artifact hash for governance/NO_LIVE_SCOPE_POLICY_V1.json; ground-truth manifest: stale artifact hash for governance/PROJECT_METHOD_POLICY_V1.json; ground-truth manifest: missing research primary artifact audits/PROJECT_METHOD_GAP_CLOSURE_REVIEW_R8_2026-07-25.md; ground-truth manifest: missing research primary artifact audits/PROJECT_GOVERNANCE_ADVERSARIAL_REVIEW_R10_2026-07-25.md
- context recovery executable verification failed: {'message': "STATUS.md is missing marker '## 当前裁决'", 'oracle_id': 'CTX02-STATE-MARKER-MISSING'}; {'message': "STATUS.md is missing marker '## 已有且仍然有效'", 'oracle_id': 'CTX02-STATE-MARKER-MISSING'}; {'message': "STATUS.md is missing marker '## 进行中'", 'oracle_id': 'CTX02-STATE-MARKER-MISSING'}; {'message': "STATUS.md is missing marker '## 当前下一步'", 'oracle_id': 'CTX02-STATE-MARKER-MISSING'}; {'message': "STATUS.md is missing marker '## 主要残余风险'", 'oracle_id': 'CTX02-STATE-MARKER-MISSING'}; {'message': "TASK_BOARD.md is missing marker '## 进行中'", 'oracle_id': 'CTX02-STATE-MARKER-MISSING'}; {'message': "TASK_BOARD.md is missing marker '## 已排队'", 'oracle_id': 'CTX02-STATE-MARKER-MISSING'}; {'message': "TASK_BOARD.md is missing marker '## 条件性任务'", 'oracle_id': 'CTX02-STATE-MARKER-MISSING'}; {'message': "TASK_BOARD.md is missing marker '## 已完成且证据仍有效'", 'oracle_id': 'CTX02-STATE-MARKER-MISSING'}; {'message': "TASK_BOARD.md is missing marker '## 工作规则'", 'oracle_id': 'CTX02-STATE-MARKER-MISSING'}
- component registry executable verification failed: components[0].contract_interface.locators[0].sha256 is stale for governance/ACCEPTANCE_CONTRACT_V1.json: declared=628dc791951d3e83d27ccfe30d04a2c067731b6dc5e5eccabdf3761dc824f2d6, actual=1e8603b78b2479fc200c20f673bb09fc15b35a6f39c806a988d16098dd1a0c1d; components[0].contract_interface.locators[1].sha256 is stale for governance/PROJECT_METHOD_POLICY_V1.json: declared=232c2830ba2109cd7b3cfa6a9450f2d736352b45f088f4eb0918c5d004d87dbb, actual=16521aed0eb3e865212440522ec2a6ae19eb346ab9f7d2faf3a735f46465fd7f; components[0].observability.locators[0].sha256 is stale for scripts/verify_governance.py: declared=314c71c6c3d138aa37e4501defb44a11de71385f963ffb14860aa5e246c4cc0c, actual=7488baca8f30675f2c8a4b119b6aa3b76cc38d2b0ff8cdf7930f95083d2749b9; components[0].dependencies[0].evidence_locators[0].sha256 is stale for governance/ACCEPTANCE_CONTRACT_V1.json: declared=628dc791951d3e83d27ccfe30d04a2c067731b6dc5e5eccabdf3761dc824f2d6, actual=1e8603b78b2479fc200c20f673bb09fc15b35a6f39c806a988d16098dd1a0c1d; components[0].dependencies[1].evidence_locators[0].sha256 is stale for governance/ACCEPTANCE_CONTRACT_V1.json: declared=628dc791951d3e83d27ccfe30d04a2c067731b6dc5e5eccabdf3761dc824f2d6, actual=1e8603b78b2479fc200c20f673bb09fc15b35a6f39c806a988d16098dd1a0c1d; components[0].removal_path.blocker_locators[0].sha256 is stale for governance/ACCEPTANCE_CONTRACT_V1.json: declared=628dc791951d3e83d27ccfe30d04a2c067731b6dc5e5eccabdf3761dc824f2d6, actual=1e8603b78b2479fc200c20f673bb09fc15b35a6f39c806a988d16098dd1a0c1d; components[0].evidence_locators[0].sha256 is stale for governance/PROJECT_METHOD_POLICY_V1.json: declared=232c2830ba2109cd7b3cfa6a9450f2d736352b45f088f4eb0918c5d004d87dbb, actual=16521aed0eb3e865212440522ec2a6ae19eb346ab9f7d2faf3a735f46465fd7f
- work packets executable verification failed: DAG edge WP-CONTRACT-SUPERSESSION-CLOSURE-POLICY -> WP-METHOD-RUNTIME-FOUNDATION-S1: depends_on is not matched by activates; DAG edge WP-METHOD-RUNTIME-FOUNDATION-S1 -> WP-METHOD-INTEGRATION: activates is not matched by depends_on; goal METHOD-GOVERNANCE-CLOSURE: expected exactly one live root; found ['WP-CONTRACT-SUPERSESSION-CLOSURE-POLICY', 'WP-METHOD-INTEGRATION', 'WP-METHOD-RUNTIME-FOUNDATION-S1']; goal METHOD-GOVERNANCE-CLOSURE: expected exactly one live sink; found ['WP-CONTRACT-SUPERSESSION-CLOSURE-POLICY', 'WP-FREEZE-CLOSURE-PROTOCOL', 'WP-METHOD-RUNTIME-FOUNDATION-S1']; packet WP-CONTRACT-SUPERSESSION-CLOSURE-POLICY: activates packet 'WP-METHOD-RUNTIME-FOUNDATION' is superseded without an exact recovery alias; packet WP-METHOD-INTEGRATION: depends_on packet 'WP-METHOD-RUNTIME-FOUNDATION' is superseded without an exact recovery alias; packet WP-METHOD-RUNTIME-FOUNDATION: acceptance receipt is required before state superseded; packet WP-METHOD-RUNTIME-FOUNDATION: checkpoint receipt is required before state superseded; parallel packets WP-CONTRACT-SUPERSESSION-CLOSURE-POLICY and WP-FREEZE-CLOSURE-PROTOCOL: read/write conflict; WP-FREEZE-CLOSURE-PROTOCOL reads 'scripts/verify_contract_supersession.py' while WP-CONTRACT-SUPERSESSION-CLOSURE-POLICY writes 'scripts/verify_contract_supersession.py'; parallel packets WP-CONTRACT-SUPERSESSION-CLOSURE-POLICY and WP-METHOD-INTEGRATION: read/write conflict; WP-CONTRACT-SUPERSESSION-CLOSURE-POLICY reads 'governance/ACCEPTANCE_CONTRACT_V1.json' while WP-METHOD-INTEGRATION writes 'governance/ACCEPTANCE_CONTRACT_V1.json'; parallel packets WP-CONTRACT-SUPERSESSION-CLOSURE-POLICY and WP-METHOD-INTEGRATION: read/write conflict; WP-CONTRACT-SUPERSESSION-CLOSURE-POLICY reads 'governance/PROJECT_METHOD_POLICY_V1.json' while WP-METHOD-INTEGRATION writes 'governance/PROJECT_METHOD_POLICY_V1.json'; parallel packets WP-CONTRACT-SUPERSESSION-CLOSURE-POLICY and WP-METHOD-INTEGRATION: read/write conflict; WP-METHOD-INTEGRATION reads 'scripts/verify_contract_supersession.py' while WP-CONTRACT-SUPERSESSION-CLOSURE-POLICY writes 'scripts/verify_contract_supersession.py'; parallel packets WP-FREEZE-CLOSURE-PROTOCOL and WP-METHOD-RUNTIME-FOUNDATION-S1: read/write conflict; WP-FREEZE-CLOSURE-PROTOCOL reads 'scripts/verify_governance.py' while WP-METHOD-RUNTIME-FOUNDATION-S1 writes 'scripts/verify_governance.py'; parallel packets WP-METHOD-INTEGRATION and WP-METHOD-RUNTIME-FOUNDATION-S1: read/write conflict; WP-METHOD-INTEGRATION reads 'governance/PROJECT_STATE_VIEW_POLICY_V1.json' while WP-METHOD-RUNTIME-FOUNDATION-S1 writes 'governance/PROJECT_STATE_VIEW_POLICY_V1.json'; parallel packets WP-METHOD-INTEGRATION and WP-METHOD-RUNTIME-FOUNDATION-S1: read/write conflict; WP-METHOD-RUNTIME-FOUNDATION-S1 reads 'governance/AI_PROJECT_RESEARCH_REGISTER_V1.json' while WP-METHOD-INTEGRATION writes 'governance/AI_PROJECT_RESEARCH_REGISTER_V1.json'; parallel packets WP-METHOD-INTEGRATION and WP-METHOD-RUNTIME-FOUNDATION-S1: read/write conflict; WP-METHOD-RUNTIME-FOUNDATION-S1 reads 'governance/WORK_PACKET_POLICY_V2.json' while WP-METHOD-INTEGRATION writes 'governance/WORK_PACKET_POLICY_V2.json'; parallel packets WP-METHOD-INTEGRATION and WP-METHOD-RUNTIME-FOUNDATION-S1: read/write conflict; WP-METHOD-RUNTIME-FOUNDATION-S1 reads 'scripts/verify_work_packets.py' while WP-METHOD-INTEGRATION writes 'scripts/verify_work_packets.py'; unrecordable recovery: Git alternate object store is not allowed; unrecordable recovery: candidate snapshot could not be verified; unrecordable recovery: review envelope ref: git exited 128: fatal: 'refs/tags/foundation-successor-recovery-review-2026-07-27-r3' - not a valid ref
- frozen tests executable verification failed: source sha256 mismatch for frozen-test file: governance_tests/test_governance_regression_runner.py; class AST sha256 mismatch for frozen-test class: governance_tests/test_governance_regression_runner.py::GovernanceRegressionRunnerTests
- execution loop executable verification failed: V2 work-packet verification failed: DAG edge WP-CONTRACT-SUPERSESSION-CLOSURE-POLICY -> WP-METHOD-RUNTIME-FOUNDATION-S1: depends_on is not matched by activates; DAG edge WP-METHOD-RUNTIME-FOUNDATION-S1 -> WP-METHOD-INTEGRATION: activates is not matched by depends_on; goal METHOD-GOVERNANCE-CLOSURE: expected exactly one live root; found ['WP-CONTRACT-SUPERSESSION-CLOSURE-POLICY', 'WP-METHOD-INTEGRATION', 'WP-METHOD-RUNTIME-FOUNDATION-S1']; goal METHOD-GOVERNANCE-CLOSURE: expected exactly one live sink; found ['WP-CONTRACT-SUPERSESSION-CLOSURE-POLICY', 'WP-FREEZE-CLOSURE-PROTOCOL', 'WP-METHOD-RUNTIME-FOUNDATION-S1']; packet WP-CONTRACT-SUPERSESSION-CLOSURE-POLICY: activates packet 'WP-METHOD-RUNTIME-FOUNDATION' is superseded without an exact recovery alias; packet WP-METHOD-INTEGRATION: depends_on packet 'WP-METHOD-RUNTIME-FOUNDATION' is superseded without an exact recovery alias; packet WP-METHOD-RUNTIME-FOUNDATION: acceptance receipt is required before state superseded; packet WP-METHOD-RUNTIME-FOUNDATION: checkpoint receipt is required before state superseded; parallel packets WP-CONTRACT-SUPERSESSION-CLOSURE-POLICY and WP-FREEZE-CLOSURE-PROTOCOL: read/write conflict; WP-FREEZE-CLOSURE-PROTOCOL reads 'scripts/verify_contract_supersession.py' while WP-CONTRACT-SUPERSESSION-CLOSURE-POLICY writes 'scripts/verify_contract_supersession.py'; parallel packets WP-CONTRACT-SUPERSESSION-CLOSURE-POLICY and WP-METHOD-INTEGRATION: read/write conflict; WP-CONTRACT-SUPERSESSION-CLOSURE-POLICY reads 'governance/ACCEPTANCE_CONTRACT_V1.json' while WP-METHOD-INTEGRATION writes 'governance/ACCEPTANCE_CONTRACT_V1.json'; parallel packets WP-CONTRACT-SUPERSESSION-CLOSURE-POLICY and WP-METHOD-INTEGRATION: read/write conflict; WP-CONTRACT-SUPERSESSION-CLOSURE-POLICY reads 'governance/PROJECT_METHOD_POLICY_V1.json' while WP-METHOD-INTEGRATION writes 'governance/PROJECT_METHOD_POLICY_V1.json'; parallel packets WP-CONTRACT-SUPERSESSION-CLOSURE-POLICY and WP-METHOD-INTEGRATION: read/write conflict; WP-METHOD-INTEGRATION reads 'scripts/verify_contract_supersession.py' while WP-CONTRACT-SUPERSESSION-CLOSURE-POLICY writes 'scripts/verify_contract_supersession.py'; parallel packets WP-FREEZE-CLOSURE-PROTOCOL and WP-METHOD-RUNTIME-FOUNDATION-S1: read/write conflict; WP-FREEZE-CLOSURE-PROTOCOL reads 'scripts/verify_governance.py' while WP-METHOD-RUNTIME-FOUNDATION-S1 writes 'scripts/verify_governance.py'; parallel packets WP-METHOD-INTEGRATION and WP-METHOD-RUNTIME-FOUNDATION-S1: read/write conflict; WP-METHOD-INTEGRATION reads 'governance/PROJECT_STATE_VIEW_POLICY_V1.json' while WP-METHOD-RUNTIME-FOUNDATION-S1 writes 'governance/PROJECT_STATE_VIEW_POLICY_V1.json'; parallel packets WP-METHOD-INTEGRATION and WP-METHOD-RUNTIME-FOUNDATION-S1: read/write conflict; WP-METHOD-RUNTIME-FOUNDATION-S1 reads 'governance/AI_PROJECT_RESEARCH_REGISTER_V1.json' while WP-METHOD-INTEGRATION writes 'governance/AI_PROJECT_RESEARCH_REGISTER_V1.json'; parallel packets WP-METHOD-INTEGRATION and WP-METHOD-RUNTIME-FOUNDATION-S1: read/write conflict; WP-METHOD-RUNTIME-FOUNDATION-S1 reads 'governance/WORK_PACKET_POLICY_V2.json' while WP-METHOD-INTEGRATION writes 'governance/WORK_PACKET_POLICY_V2.json'; parallel packets WP-METHOD-INTEGRATION and WP-METHOD-RUNTIME-FOUNDATION-S1: read/write conflict; WP-METHOD-RUNTIME-FOUNDATION-S1 reads 'scripts/verify_work_packets.py' while WP-METHOD-INTEGRATION writes 'scripts/verify_work_packets.py'; unrecordable recovery: Git alternate object store is not allowed; unrecordable recovery: candidate snapshot could not be verified; unrecordable recovery: review envelope ref: git exited 128: fatal: 'refs/tags/foundation-successor-recovery-review-2026-07-27-r3' - not a valid ref
- normative frozen file boundary differs: expected=['PRODUCT_ASSURANCE_BLUEPRINT_V2.md', 'governance/ACCEPTANCE_CASES_V1.json', 'governance/ACCEPTANCE_CONTRACT_V1.json', 'governance/AI_PROJECT_RESEARCH_REGISTER_V1.json', 'governance/ASSURANCE_SUBJECTS_V1.json', 'governance/ASSURANCE_TRUST_MODEL_V1.json', 'governance/COMPONENT_REGISTRY_V1.json', 'governance/CONTEXT_RECOVERY_SPEC_V1.json', 'governance/DECISION_AUTHORITY_V1.json', 'governance/DEPENDENCY_BOUNDARY_V1.json', 'governance/EXECUTION_LOOP_POLICY_V1.json', 'governance/EXECUTION_LOOP_POLICY_V2.json', 'governance/FAILURE_CLASSES_V1.json', 'governance/FIELD_USE_PROTOCOL_V1.json', 'governance/FROZEN_TEST_MANIFEST_V1.json', 'governance/GROUND_TRUTH_MANIFEST_V1.json', 'governance/IMPLEMENTATION_TARGETS_V1.json', 'governance/MARKET_SIMULATION_POLICY_V1.json', 'governance/MIGRATION_DRILL_SPEC_V1.json', 'governance/MONEY_AND_CORPORATE_ACTIONS_SPEC_V1.json', 'governance/NO_LIVE_SCOPE_POLICY_V1.json', 'governance/PRIVATE_DATA_POLICY_V1.json', 'governance/PROJECT_METHOD_POLICY_V1.json', 'governance/RESEARCH_SUFFICIENCY_V1.json', 'governance/RUFF_CI_CONFIG_V1.toml', 'governance/TRACEABILITY_V1.json', 'governance/USER_INTENT_V1.json', 'governance/USER_SOURCE_EXCERPTS_V1.json', 'governance/VERIFICATION_SPECS_V1.json', 'governance/WORK_PACKET_POLICY_V1.json', 'governance/WORK_PACKET_POLICY_V2.json', 'governance/requirements-ci.txt', 'research/SAME_TASK_METHOD_COMPARISON_PREREGISTRATION_R9_2026-07-25.json'], actual=['PRODUCT_ASSURANCE_BLUEPRINT_V2.md', 'governance/ACCEPTANCE_CASES_V1.json', 'governance/ACCEPTANCE_CONTRACT_V1.json', 'governance/AI_PROJECT_RESEARCH_REGISTER_V1.json', 'governance/ASSURANCE_SUBJECTS_V1.json', 'governance/ASSURANCE_TRUST_MODEL_V1.json', 'governance/COMPONENT_REGISTRY_V1.json', 'governance/CONTEXT_RECOVERY_SPEC_V1.json', 'governance/DECISION_AUTHORITY_V1.json', 'governance/DEPENDENCY_BOUNDARY_V1.json', 'governance/EXECUTION_LOOP_POLICY_V1.json', 'governance/FAILURE_CLASSES_V1.json', 'governance/FIELD_USE_PROTOCOL_V1.json', 'governance/FROZEN_TEST_MANIFEST_V1.json', 'governance/GROUND_TRUTH_MANIFEST_V1.json', 'governance/IMPLEMENTATION_TARGETS_V1.json', 'governance/MARKET_SIMULATION_POLICY_V1.json', 'governance/MIGRATION_DRILL_SPEC_V1.json', 'governance/MONEY_AND_CORPORATE_ACTIONS_SPEC_V1.json', 'governance/NO_LIVE_SCOPE_POLICY_V1.json', 'governance/PRIVATE_DATA_POLICY_V1.json', 'governance/PROJECT_METHOD_POLICY_V1.json', 'governance/RESEARCH_SUFFICIENCY_V1.json', 'governance/RUFF_CI_CONFIG_V1.toml', 'governance/TRACEABILITY_V1.json', 'governance/USER_INTENT_V1.json', 'governance/USER_SOURCE_EXCERPTS_V1.json', 'governance/VERIFICATION_SPECS_V1.json', 'governance/WORK_PACKET_POLICY_V1.json', 'governance/requirements-ci.txt', 'research/SAME_TASK_METHOD_COMPARISON_PREREGISTRATION_R9_2026-07-25.json']


======================================================================
FAIL: test_pit_oracle_inversion_is_rejected (test_final_review_attacks.FinalReviewAttackTests.test_pit_oracle_inversion_is_rejected)
----------------------------------------------------------------------
Traceback (most recent call last):
  File "/private/tmp/ids-fed7-audit.kowOr4/repo/MyBrain/projects/investment-discipline-system/governance_tests/test_final_review_attacks.py", line 128, in setUp
    self.assertEqual(
    ~~~~~~~~~~~~~~~~^
        baseline.returncode,
        ^^^^^^^^^^^^^^^^^^^^
    ...<2 lines>...
        f"{baseline.stdout}",
        ^^^^^^^^^^^^^^^^^^^^^
    )
    ^
AssertionError: 1 != 0 : canonical attack fixture must pass before an isolated mutation:
governance verification: FAIL
- research sufficiency executable verification failed: research sufficiency current_evaluation differs
- assurance metadata executable verification failed: assurance trust model: configured Git fetch URL differs from the acceptance contract; ground-truth manifest: stale artifact hash for governance/ACCEPTANCE_CONTRACT_V1.json; ground-truth manifest: stale artifact hash for governance/AI_PROJECT_RESEARCH_REGISTER_V1.json; ground-truth manifest: stale artifact hash for governance/ASSURANCE_SUBJECTS_V1.json; ground-truth manifest: stale artifact hash for governance/FROZEN_TEST_MANIFEST_V1.json; ground-truth manifest: stale artifact hash for governance/NO_LIVE_SCOPE_POLICY_V1.json; ground-truth manifest: stale artifact hash for governance/PROJECT_METHOD_POLICY_V1.json; ground-truth manifest: missing research primary artifact audits/PROJECT_METHOD_GAP_CLOSURE_REVIEW_R8_2026-07-25.md; ground-truth manifest: missing research primary artifact audits/PROJECT_GOVERNANCE_ADVERSARIAL_REVIEW_R10_2026-07-25.md
- context recovery executable verification failed: {'message': "STATUS.md is missing marker '## 当前裁决'", 'oracle_id': 'CTX02-STATE-MARKER-MISSING'}; {'message': "STATUS.md is missing marker '## 已有且仍然有效'", 'oracle_id': 'CTX02-STATE-MARKER-MISSING'}; {'message': "STATUS.md is missing marker '## 进行中'", 'oracle_id': 'CTX02-STATE-MARKER-MISSING'}; {'message': "STATUS.md is missing marker '## 当前下一步'", 'oracle_id': 'CTX02-STATE-MARKER-MISSING'}; {'message': "STATUS.md is missing marker '## 主要残余风险'", 'oracle_id': 'CTX02-STATE-MARKER-MISSING'}; {'message': "TASK_BOARD.md is missing marker '## 进行中'", 'oracle_id': 'CTX02-STATE-MARKER-MISSING'}; {'message': "TASK_BOARD.md is missing marker '## 已排队'", 'oracle_id': 'CTX02-STATE-MARKER-MISSING'}; {'message': "TASK_BOARD.md is missing marker '## 条件性任务'", 'oracle_id': 'CTX02-STATE-MARKER-MISSING'}; {'message': "TASK_BOARD.md is missing marker '## 已完成且证据仍有效'", 'oracle_id': 'CTX02-STATE-MARKER-MISSING'}; {'message': "TASK_BOARD.md is missing marker '## 工作规则'", 'oracle_id': 'CTX02-STATE-MARKER-MISSING'}
- component registry executable verification failed: components[0].contract_interface.locators[0].sha256 is stale for governance/ACCEPTANCE_CONTRACT_V1.json: declared=628dc791951d3e83d27ccfe30d04a2c067731b6dc5e5eccabdf3761dc824f2d6, actual=1e8603b78b2479fc200c20f673bb09fc15b35a6f39c806a988d16098dd1a0c1d; components[0].contract_interface.locators[1].sha256 is stale for governance/PROJECT_METHOD_POLICY_V1.json: declared=232c2830ba2109cd7b3cfa6a9450f2d736352b45f088f4eb0918c5d004d87dbb, actual=16521aed0eb3e865212440522ec2a6ae19eb346ab9f7d2faf3a735f46465fd7f; components[0].observability.locators[0].sha256 is stale for scripts/verify_governance.py: declared=314c71c6c3d138aa37e4501defb44a11de71385f963ffb14860aa5e246c4cc0c, actual=7488baca8f30675f2c8a4b119b6aa3b76cc38d2b0ff8cdf7930f95083d2749b9; components[0].dependencies[0].evidence_locators[0].sha256 is stale for governance/ACCEPTANCE_CONTRACT_V1.json: declared=628dc791951d3e83d27ccfe30d04a2c067731b6dc5e5eccabdf3761dc824f2d6, actual=1e8603b78b2479fc200c20f673bb09fc15b35a6f39c806a988d16098dd1a0c1d; components[0].dependencies[1].evidence_locators[0].sha256 is stale for governance/ACCEPTANCE_CONTRACT_V1.json: declared=628dc791951d3e83d27ccfe30d04a2c067731b6dc5e5eccabdf3761dc824f2d6, actual=1e8603b78b2479fc200c20f673bb09fc15b35a6f39c806a988d16098dd1a0c1d; components[0].removal_path.blocker_locators[0].sha256 is stale for governance/ACCEPTANCE_CONTRACT_V1.json: declared=628dc791951d3e83d27ccfe30d04a2c067731b6dc5e5eccabdf3761dc824f2d6, actual=1e8603b78b2479fc200c20f673bb09fc15b35a6f39c806a988d16098dd1a0c1d; components[0].evidence_locators[0].sha256 is stale for governance/PROJECT_METHOD_POLICY_V1.json: declared=232c2830ba2109cd7b3cfa6a9450f2d736352b45f088f4eb0918c5d004d87dbb, actual=16521aed0eb3e865212440522ec2a6ae19eb346ab9f7d2faf3a735f46465fd7f
- work packets executable verification failed: DAG edge WP-CONTRACT-SUPERSESSION-CLOSURE-POLICY -> WP-METHOD-RUNTIME-FOUNDATION-S1: depends_on is not matched by activates; DAG edge WP-METHOD-RUNTIME-FOUNDATION-S1 -> WP-METHOD-INTEGRATION: activates is not matched by depends_on; goal METHOD-GOVERNANCE-CLOSURE: expected exactly one live root; found ['WP-CONTRACT-SUPERSESSION-CLOSURE-POLICY', 'WP-METHOD-INTEGRATION', 'WP-METHOD-RUNTIME-FOUNDATION-S1']; goal METHOD-GOVERNANCE-CLOSURE: expected exactly one live sink; found ['WP-CONTRACT-SUPERSESSION-CLOSURE-POLICY', 'WP-FREEZE-CLOSURE-PROTOCOL', 'WP-METHOD-RUNTIME-FOUNDATION-S1']; packet WP-CONTRACT-SUPERSESSION-CLOSURE-POLICY: activates packet 'WP-METHOD-RUNTIME-FOUNDATION' is superseded without an exact recovery alias; packet WP-METHOD-INTEGRATION: depends_on packet 'WP-METHOD-RUNTIME-FOUNDATION' is superseded without an exact recovery alias; packet WP-METHOD-RUNTIME-FOUNDATION: acceptance receipt is required before state superseded; packet WP-METHOD-RUNTIME-FOUNDATION: checkpoint receipt is required before state superseded; parallel packets WP-CONTRACT-SUPERSESSION-CLOSURE-POLICY and WP-FREEZE-CLOSURE-PROTOCOL: read/write conflict; WP-FREEZE-CLOSURE-PROTOCOL reads 'scripts/verify_contract_supersession.py' while WP-CONTRACT-SUPERSESSION-CLOSURE-POLICY writes 'scripts/verify_contract_supersession.py'; parallel packets WP-CONTRACT-SUPERSESSION-CLOSURE-POLICY and WP-METHOD-INTEGRATION: read/write conflict; WP-CONTRACT-SUPERSESSION-CLOSURE-POLICY reads 'governance/ACCEPTANCE_CONTRACT_V1.json' while WP-METHOD-INTEGRATION writes 'governance/ACCEPTANCE_CONTRACT_V1.json'; parallel packets WP-CONTRACT-SUPERSESSION-CLOSURE-POLICY and WP-METHOD-INTEGRATION: read/write conflict; WP-CONTRACT-SUPERSESSION-CLOSURE-POLICY reads 'governance/PROJECT_METHOD_POLICY_V1.json' while WP-METHOD-INTEGRATION writes 'governance/PROJECT_METHOD_POLICY_V1.json'; parallel packets WP-CONTRACT-SUPERSESSION-CLOSURE-POLICY and WP-METHOD-INTEGRATION: read/write conflict; WP-METHOD-INTEGRATION reads 'scripts/verify_contract_supersession.py' while WP-CONTRACT-SUPERSESSION-CLOSURE-POLICY writes 'scripts/verify_contract_supersession.py'; parallel packets WP-FREEZE-CLOSURE-PROTOCOL and WP-METHOD-RUNTIME-FOUNDATION-S1: read/write conflict; WP-FREEZE-CLOSURE-PROTOCOL reads 'scripts/verify_governance.py' while WP-METHOD-RUNTIME-FOUNDATION-S1 writes 'scripts/verify_governance.py'; parallel packets WP-METHOD-INTEGRATION and WP-METHOD-RUNTIME-FOUNDATION-S1: read/write conflict; WP-METHOD-INTEGRATION reads 'governance/PROJECT_STATE_VIEW_POLICY_V1.json' while WP-METHOD-RUNTIME-FOUNDATION-S1 writes 'governance/PROJECT_STATE_VIEW_POLICY_V1.json'; parallel packets WP-METHOD-INTEGRATION and WP-METHOD-RUNTIME-FOUNDATION-S1: read/write conflict; WP-METHOD-RUNTIME-FOUNDATION-S1 reads 'governance/AI_PROJECT_RESEARCH_REGISTER_V1.json' while WP-METHOD-INTEGRATION writes 'governance/AI_PROJECT_RESEARCH_REGISTER_V1.json'; parallel packets WP-METHOD-INTEGRATION and WP-METHOD-RUNTIME-FOUNDATION-S1: read/write conflict; WP-METHOD-RUNTIME-FOUNDATION-S1 reads 'governance/WORK_PACKET_POLICY_V2.json' while WP-METHOD-INTEGRATION writes 'governance/WORK_PACKET_POLICY_V2.json'; parallel packets WP-METHOD-INTEGRATION and WP-METHOD-RUNTIME-FOUNDATION-S1: read/write conflict; WP-METHOD-RUNTIME-FOUNDATION-S1 reads 'scripts/verify_work_packets.py' while WP-METHOD-INTEGRATION writes 'scripts/verify_work_packets.py'; unrecordable recovery: Git alternate object store is not allowed; unrecordable recovery: candidate snapshot could not be verified; unrecordable recovery: review envelope ref: git exited 128: fatal: 'refs/tags/foundation-successor-recovery-review-2026-07-27-r3' - not a valid ref
- frozen tests executable verification failed: source sha256 mismatch for frozen-test file: governance_tests/test_governance_regression_runner.py; class AST sha256 mismatch for frozen-test class: governance_tests/test_governance_regression_runner.py::GovernanceRegressionRunnerTests
- execution loop executable verification failed: V2 work-packet verification failed: DAG edge WP-CONTRACT-SUPERSESSION-CLOSURE-POLICY -> WP-METHOD-RUNTIME-FOUNDATION-S1: depends_on is not matched by activates; DAG edge WP-METHOD-RUNTIME-FOUNDATION-S1 -> WP-METHOD-INTEGRATION: activates is not matched by depends_on; goal METHOD-GOVERNANCE-CLOSURE: expected exactly one live root; found ['WP-CONTRACT-SUPERSESSION-CLOSURE-POLICY', 'WP-METHOD-INTEGRATION', 'WP-METHOD-RUNTIME-FOUNDATION-S1']; goal METHOD-GOVERNANCE-CLOSURE: expected exactly one live sink; found ['WP-CONTRACT-SUPERSESSION-CLOSURE-POLICY', 'WP-FREEZE-CLOSURE-PROTOCOL', 'WP-METHOD-RUNTIME-FOUNDATION-S1']; packet WP-CONTRACT-SUPERSESSION-CLOSURE-POLICY: activates packet 'WP-METHOD-RUNTIME-FOUNDATION' is superseded without an exact recovery alias; packet WP-METHOD-INTEGRATION: depends_on packet 'WP-METHOD-RUNTIME-FOUNDATION' is superseded without an exact recovery alias; packet WP-METHOD-RUNTIME-FOUNDATION: acceptance receipt is required before state superseded; packet WP-METHOD-RUNTIME-FOUNDATION: checkpoint receipt is required before state superseded; parallel packets WP-CONTRACT-SUPERSESSION-CLOSURE-POLICY and WP-FREEZE-CLOSURE-PROTOCOL: read/write conflict; WP-FREEZE-CLOSURE-PROTOCOL reads 'scripts/verify_contract_supersession.py' while WP-CONTRACT-SUPERSESSION-CLOSURE-POLICY writes 'scripts/verify_contract_supersession.py'; parallel packets WP-CONTRACT-SUPERSESSION-CLOSURE-POLICY and WP-METHOD-INTEGRATION: read/write conflict; WP-CONTRACT-SUPERSESSION-CLOSURE-POLICY reads 'governance/ACCEPTANCE_CONTRACT_V1.json' while WP-METHOD-INTEGRATION writes 'governance/ACCEPTANCE_CONTRACT_V1.json'; parallel packets WP-CONTRACT-SUPERSESSION-CLOSURE-POLICY and WP-METHOD-INTEGRATION: read/write conflict; WP-CONTRACT-SUPERSESSION-CLOSURE-POLICY reads 'governance/PROJECT_METHOD_POLICY_V1.json' while WP-METHOD-INTEGRATION writes 'governance/PROJECT_METHOD_POLICY_V1.json'; parallel packets WP-CONTRACT-SUPERSESSION-CLOSURE-POLICY and WP-METHOD-INTEGRATION: read/write conflict; WP-METHOD-INTEGRATION reads 'scripts/verify_contract_supersession.py' while WP-CONTRACT-SUPERSESSION-CLOSURE-POLICY writes 'scripts/verify_contract_supersession.py'; parallel packets WP-FREEZE-CLOSURE-PROTOCOL and WP-METHOD-RUNTIME-FOUNDATION-S1: read/write conflict; WP-FREEZE-CLOSURE-PROTOCOL reads 'scripts/verify_governance.py' while WP-METHOD-RUNTIME-FOUNDATION-S1 writes 'scripts/verify_governance.py'; parallel packets WP-METHOD-INTEGRATION and WP-METHOD-RUNTIME-FOUNDATION-S1: read/write conflict; WP-METHOD-INTEGRATION reads 'governance/PROJECT_STATE_VIEW_POLICY_V1.json' while WP-METHOD-RUNTIME-FOUNDATION-S1 writes 'governance/PROJECT_STATE_VIEW_POLICY_V1.json'; parallel packets WP-METHOD-INTEGRATION and WP-METHOD-RUNTIME-FOUNDATION-S1: read/write conflict; WP-METHOD-RUNTIME-FOUNDATION-S1 reads 'governance/AI_PROJECT_RESEARCH_REGISTER_V1.json' while WP-METHOD-INTEGRATION writes 'governance/AI_PROJECT_RESEARCH_REGISTER_V1.json'; parallel packets WP-METHOD-INTEGRATION and WP-METHOD-RUNTIME-FOUNDATION-S1: read/write conflict; WP-METHOD-RUNTIME-FOUNDATION-S1 reads 'governance/WORK_PACKET_POLICY_V2.json' while WP-METHOD-INTEGRATION writes 'governance/WORK_PACKET_POLICY_V2.json'; parallel packets WP-METHOD-INTEGRATION and WP-METHOD-RUNTIME-FOUNDATION-S1: read/write conflict; WP-METHOD-RUNTIME-FOUNDATION-S1 reads 'scripts/verify_work_packets.py' while WP-METHOD-INTEGRATION writes 'scripts/verify_work_packets.py'; unrecordable recovery: Git alternate object store is not allowed; unrecordable recovery: candidate snapshot could not be verified; unrecordable recovery: review envelope ref: git exited 128: fatal: 'refs/tags/foundation-successor-recovery-review-2026-07-27-r3' - not a valid ref
- normative frozen file boundary differs: expected=['PRODUCT_ASSURANCE_BLUEPRINT_V2.md', 'governance/ACCEPTANCE_CASES_V1.json', 'governance/ACCEPTANCE_CONTRACT_V1.json', 'governance/AI_PROJECT_RESEARCH_REGISTER_V1.json', 'governance/ASSURANCE_SUBJECTS_V1.json', 'governance/ASSURANCE_TRUST_MODEL_V1.json', 'governance/COMPONENT_REGISTRY_V1.json', 'governance/CONTEXT_RECOVERY_SPEC_V1.json', 'governance/DECISION_AUTHORITY_V1.json', 'governance/DEPENDENCY_BOUNDARY_V1.json', 'governance/EXECUTION_LOOP_POLICY_V1.json', 'governance/EXECUTION_LOOP_POLICY_V2.json', 'governance/FAILURE_CLASSES_V1.json', 'governance/FIELD_USE_PROTOCOL_V1.json', 'governance/FROZEN_TEST_MANIFEST_V1.json', 'governance/GROUND_TRUTH_MANIFEST_V1.json', 'governance/IMPLEMENTATION_TARGETS_V1.json', 'governance/MARKET_SIMULATION_POLICY_V1.json', 'governance/MIGRATION_DRILL_SPEC_V1.json', 'governance/MONEY_AND_CORPORATE_ACTIONS_SPEC_V1.json', 'governance/NO_LIVE_SCOPE_POLICY_V1.json', 'governance/PRIVATE_DATA_POLICY_V1.json', 'governance/PROJECT_METHOD_POLICY_V1.json', 'governance/RESEARCH_SUFFICIENCY_V1.json', 'governance/RUFF_CI_CONFIG_V1.toml', 'governance/TRACEABILITY_V1.json', 'governance/USER_INTENT_V1.json', 'governance/USER_SOURCE_EXCERPTS_V1.json', 'governance/VERIFICATION_SPECS_V1.json', 'governance/WORK_PACKET_POLICY_V1.json', 'governance/WORK_PACKET_POLICY_V2.json', 'governance/requirements-ci.txt', 'research/SAME_TASK_METHOD_COMPARISON_PREREGISTRATION_R9_2026-07-25.json'], actual=['PRODUCT_ASSURANCE_BLUEPRINT_V2.md', 'governance/ACCEPTANCE_CASES_V1.json', 'governance/ACCEPTANCE_CONTRACT_V1.json', 'governance/AI_PROJECT_RESEARCH_REGISTER_V1.json', 'governance/ASSURANCE_SUBJECTS_V1.json', 'governance/ASSURANCE_TRUST_MODEL_V1.json', 'governance/COMPONENT_REGISTRY_V1.json', 'governance/CONTEXT_RECOVERY_SPEC_V1.json', 'governance/DECISION_AUTHORITY_V1.json', 'governance/DEPENDENCY_BOUNDARY_V1.json', 'governance/EXECUTION_LOOP_POLICY_V1.json', 'governance/FAILURE_CLASSES_V1.json', 'governance/FIELD_USE_PROTOCOL_V1.json', 'governance/FROZEN_TEST_MANIFEST_V1.json', 'governance/GROUND_TRUTH_MANIFEST_V1.json', 'governance/IMPLEMENTATION_TARGETS_V1.json', 'governance/MARKET_SIMULATION_POLICY_V1.json', 'governance/MIGRATION_DRILL_SPEC_V1.json', 'governance/MONEY_AND_CORPORATE_ACTIONS_SPEC_V1.json', 'governance/NO_LIVE_SCOPE_POLICY_V1.json', 'governance/PRIVATE_DATA_POLICY_V1.json', 'governance/PROJECT_METHOD_POLICY_V1.json', 'governance/RESEARCH_SUFFICIENCY_V1.json', 'governance/RUFF_CI_CONFIG_V1.toml', 'governance/TRACEABILITY_V1.json', 'governance/USER_INTENT_V1.json', 'governance/USER_SOURCE_EXCERPTS_V1.json', 'governance/VERIFICATION_SPECS_V1.json', 'governance/WORK_PACKET_POLICY_V1.json', 'governance/requirements-ci.txt', 'research/SAME_TASK_METHOD_COMPARISON_PREREGISTRATION_R9_2026-07-25.json']


======================================================================
FAIL: test_same_bar_causality_smuggle_is_rejected (test_final_review_attacks.FinalReviewAttackTests.test_same_bar_causality_smuggle_is_rejected)
----------------------------------------------------------------------
Traceback (most recent call last):
  File "/private/tmp/ids-fed7-audit.kowOr4/repo/MyBrain/projects/investment-discipline-system/governance_tests/test_final_review_attacks.py", line 128, in setUp
    self.assertEqual(
    ~~~~~~~~~~~~~~~~^
        baseline.returncode,
        ^^^^^^^^^^^^^^^^^^^^
    ...<2 lines>...
        f"{baseline.stdout}",
        ^^^^^^^^^^^^^^^^^^^^^
    )
    ^
AssertionError: 1 != 0 : canonical attack fixture must pass before an isolated mutation:
governance verification: FAIL
- research sufficiency executable verification failed: research sufficiency current_evaluation differs
- assurance metadata executable verification failed: assurance trust model: configured Git fetch URL differs from the acceptance contract; ground-truth manifest: stale artifact hash for governance/ACCEPTANCE_CONTRACT_V1.json; ground-truth manifest: stale artifact hash for governance/AI_PROJECT_RESEARCH_REGISTER_V1.json; ground-truth manifest: stale artifact hash for governance/ASSURANCE_SUBJECTS_V1.json; ground-truth manifest: stale artifact hash for governance/FROZEN_TEST_MANIFEST_V1.json; ground-truth manifest: stale artifact hash for governance/NO_LIVE_SCOPE_POLICY_V1.json; ground-truth manifest: stale artifact hash for governance/PROJECT_METHOD_POLICY_V1.json; ground-truth manifest: missing research primary artifact audits/PROJECT_METHOD_GAP_CLOSURE_REVIEW_R8_2026-07-25.md; ground-truth manifest: missing research primary artifact audits/PROJECT_GOVERNANCE_ADVERSARIAL_REVIEW_R10_2026-07-25.md
- context recovery executable verification failed: {'message': "STATUS.md is missing marker '## 当前裁决'", 'oracle_id': 'CTX02-STATE-MARKER-MISSING'}; {'message': "STATUS.md is missing marker '## 已有且仍然有效'", 'oracle_id': 'CTX02-STATE-MARKER-MISSING'}; {'message': "STATUS.md is missing marker '## 进行中'", 'oracle_id': 'CTX02-STATE-MARKER-MISSING'}; {'message': "STATUS.md is missing marker '## 当前下一步'", 'oracle_id': 'CTX02-STATE-MARKER-MISSING'}; {'message': "STATUS.md is missing marker '## 主要残余风险'", 'oracle_id': 'CTX02-STATE-MARKER-MISSING'}; {'message': "TASK_BOARD.md is missing marker '## 进行中'", 'oracle_id': 'CTX02-STATE-MARKER-MISSING'}; {'message': "TASK_BOARD.md is missing marker '## 已排队'", 'oracle_id': 'CTX02-STATE-MARKER-MISSING'}; {'message': "TASK_BOARD.md is missing marker '## 条件性任务'", 'oracle_id': 'CTX02-STATE-MARKER-MISSING'}; {'message': "TASK_BOARD.md is missing marker '## 已完成且证据仍有效'", 'oracle_id': 'CTX02-STATE-MARKER-MISSING'}; {'message': "TASK_BOARD.md is missing marker '## 工作规则'", 'oracle_id': 'CTX02-STATE-MARKER-MISSING'}
- component registry executable verification failed: components[0].contract_interface.locators[0].sha256 is stale for governance/ACCEPTANCE_CONTRACT_V1.json: declared=628dc791951d3e83d27ccfe30d04a2c067731b6dc5e5eccabdf3761dc824f2d6, actual=1e8603b78b2479fc200c20f673bb09fc15b35a6f39c806a988d16098dd1a0c1d; components[0].contract_interface.locators[1].sha256 is stale for governance/PROJECT_METHOD_POLICY_V1.json: declared=232c2830ba2109cd7b3cfa6a9450f2d736352b45f088f4eb0918c5d004d87dbb, actual=16521aed0eb3e865212440522ec2a6ae19eb346ab9f7d2faf3a735f46465fd7f; components[0].observability.locators[0].sha256 is stale for scripts/verify_governance.py: declared=314c71c6c3d138aa37e4501defb44a11de71385f963ffb14860aa5e246c4cc0c, actual=7488baca8f30675f2c8a4b119b6aa3b76cc38d2b0ff8cdf7930f95083d2749b9; components[0].dependencies[0].evidence_locators[0].sha256 is stale for governance/ACCEPTANCE_CONTRACT_V1.json: declared=628dc791951d3e83d27ccfe30d04a2c067731b6dc5e5eccabdf3761dc824f2d6, actual=1e8603b78b2479fc200c20f673bb09fc15b35a6f39c806a988d16098dd1a0c1d; components[0].dependencies[1].evidence_locators[0].sha256 is stale for governance/ACCEPTANCE_CONTRACT_V1.json: declared=628dc791951d3e83d27ccfe30d04a2c067731b6dc5e5eccabdf3761dc824f2d6, actual=1e8603b78b2479fc200c20f673bb09fc15b35a6f39c806a988d16098dd1a0c1d; components[0].removal_path.blocker_locators[0].sha256 is stale for governance/ACCEPTANCE_CONTRACT_V1.json: declared=628dc791951d3e83d27ccfe30d04a2c067731b6dc5e5eccabdf3761dc824f2d6, actual=1e8603b78b2479fc200c20f673bb09fc15b35a6f39c806a988d16098dd1a0c1d; components[0].evidence_locators[0].sha256 is stale for governance/PROJECT_METHOD_POLICY_V1.json: declared=232c2830ba2109cd7b3cfa6a9450f2d736352b45f088f4eb0918c5d004d87dbb, actual=16521aed0eb3e865212440522ec2a6ae19eb346ab9f7d2faf3a735f46465fd7f
- work packets executable verification failed: DAG edge WP-CONTRACT-SUPERSESSION-CLOSURE-POLICY -> WP-METHOD-RUNTIME-FOUNDATION-S1: depends_on is not matched by activates; DAG edge WP-METHOD-RUNTIME-FOUNDATION-S1 -> WP-METHOD-INTEGRATION: activates is not matched by depends_on; goal METHOD-GOVERNANCE-CLOSURE: expected exactly one live root; found ['WP-CONTRACT-SUPERSESSION-CLOSURE-POLICY', 'WP-METHOD-INTEGRATION', 'WP-METHOD-RUNTIME-FOUNDATION-S1']; goal METHOD-GOVERNANCE-CLOSURE: expected exactly one live sink; found ['WP-CONTRACT-SUPERSESSION-CLOSURE-POLICY', 'WP-FREEZE-CLOSURE-PROTOCOL', 'WP-METHOD-RUNTIME-FOUNDATION-S1']; packet WP-CONTRACT-SUPERSESSION-CLOSURE-POLICY: activates packet 'WP-METHOD-RUNTIME-FOUNDATION' is superseded without an exact recovery alias; packet WP-METHOD-INTEGRATION: depends_on packet 'WP-METHOD-RUNTIME-FOUNDATION' is superseded without an exact recovery alias; packet WP-METHOD-RUNTIME-FOUNDATION: acceptance receipt is required before state superseded; packet WP-METHOD-RUNTIME-FOUNDATION: checkpoint receipt is required before state superseded; parallel packets WP-CONTRACT-SUPERSESSION-CLOSURE-POLICY and WP-FREEZE-CLOSURE-PROTOCOL: read/write conflict; WP-FREEZE-CLOSURE-PROTOCOL reads 'scripts/verify_contract_supersession.py' while WP-CONTRACT-SUPERSESSION-CLOSURE-POLICY writes 'scripts/verify_contract_supersession.py'; parallel packets WP-CONTRACT-SUPERSESSION-CLOSURE-POLICY and WP-METHOD-INTEGRATION: read/write conflict; WP-CONTRACT-SUPERSESSION-CLOSURE-POLICY reads 'governance/ACCEPTANCE_CONTRACT_V1.json' while WP-METHOD-INTEGRATION writes 'governance/ACCEPTANCE_CONTRACT_V1.json'; parallel packets WP-CONTRACT-SUPERSESSION-CLOSURE-POLICY and WP-METHOD-INTEGRATION: read/write conflict; WP-CONTRACT-SUPERSESSION-CLOSURE-POLICY reads 'governance/PROJECT_METHOD_POLICY_V1.json' while WP-METHOD-INTEGRATION writes 'governance/PROJECT_METHOD_POLICY_V1.json'; parallel packets WP-CONTRACT-SUPERSESSION-CLOSURE-POLICY and WP-METHOD-INTEGRATION: read/write conflict; WP-METHOD-INTEGRATION reads 'scripts/verify_contract_supersession.py' while WP-CONTRACT-SUPERSESSION-CLOSURE-POLICY writes 'scripts/verify_contract_supersession.py'; parallel packets WP-FREEZE-CLOSURE-PROTOCOL and WP-METHOD-RUNTIME-FOUNDATION-S1: read/write conflict; WP-FREEZE-CLOSURE-PROTOCOL reads 'scripts/verify_governance.py' while WP-METHOD-RUNTIME-FOUNDATION-S1 writes 'scripts/verify_governance.py'; parallel packets WP-METHOD-INTEGRATION and WP-METHOD-RUNTIME-FOUNDATION-S1: read/write conflict; WP-METHOD-INTEGRATION reads 'governance/PROJECT_STATE_VIEW_POLICY_V1.json' while WP-METHOD-RUNTIME-FOUNDATION-S1 writes 'governance/PROJECT_STATE_VIEW_POLICY_V1.json'; parallel packets WP-METHOD-INTEGRATION and WP-METHOD-RUNTIME-FOUNDATION-S1: read/write conflict; WP-METHOD-RUNTIME-FOUNDATION-S1 reads 'governance/AI_PROJECT_RESEARCH_REGISTER_V1.json' while WP-METHOD-INTEGRATION writes 'governance/AI_PROJECT_RESEARCH_REGISTER_V1.json'; parallel packets WP-METHOD-INTEGRATION and WP-METHOD-RUNTIME-FOUNDATION-S1: read/write conflict; WP-METHOD-RUNTIME-FOUNDATION-S1 reads 'governance/WORK_PACKET_POLICY_V2.json' while WP-METHOD-INTEGRATION writes 'governance/WORK_PACKET_POLICY_V2.json'; parallel packets WP-METHOD-INTEGRATION and WP-METHOD-RUNTIME-FOUNDATION-S1: read/write conflict; WP-METHOD-RUNTIME-FOUNDATION-S1 reads 'scripts/verify_work_packets.py' while WP-METHOD-INTEGRATION writes 'scripts/verify_work_packets.py'; unrecordable recovery: Git alternate object store is not allowed; unrecordable recovery: candidate snapshot could not be verified; unrecordable recovery: review envelope ref: git exited 128: fatal: 'refs/tags/foundation-successor-recovery-review-2026-07-27-r3' - not a valid ref
- frozen tests executable verification failed: source sha256 mismatch for frozen-test file: governance_tests/test_governance_regression_runner.py; class AST sha256 mismatch for frozen-test class: governance_tests/test_governance_regression_runner.py::GovernanceRegressionRunnerTests
- execution loop executable verification failed: V2 work-packet verification failed: DAG edge WP-CONTRACT-SUPERSESSION-CLOSURE-POLICY -> WP-METHOD-RUNTIME-FOUNDATION-S1: depends_on is not matched by activates; DAG edge WP-METHOD-RUNTIME-FOUNDATION-S1 -> WP-METHOD-INTEGRATION: activates is not matched by depends_on; goal METHOD-GOVERNANCE-CLOSURE: expected exactly one live root; found ['WP-CONTRACT-SUPERSESSION-CLOSURE-POLICY', 'WP-METHOD-INTEGRATION', 'WP-METHOD-RUNTIME-FOUNDATION-S1']; goal METHOD-GOVERNANCE-CLOSURE: expected exactly one live sink; found ['WP-CONTRACT-SUPERSESSION-CLOSURE-POLICY', 'WP-FREEZE-CLOSURE-PROTOCOL', 'WP-METHOD-RUNTIME-FOUNDATION-S1']; packet WP-CONTRACT-SUPERSESSION-CLOSURE-POLICY: activates packet 'WP-METHOD-RUNTIME-FOUNDATION' is superseded without an exact recovery alias; packet WP-METHOD-INTEGRATION: depends_on packet 'WP-METHOD-RUNTIME-FOUNDATION' is superseded without an exact recovery alias; packet WP-METHOD-RUNTIME-FOUNDATION: acceptance receipt is required before state superseded; packet WP-METHOD-RUNTIME-FOUNDATION: checkpoint receipt is required before state superseded; parallel packets WP-CONTRACT-SUPERSESSION-CLOSURE-POLICY and WP-FREEZE-CLOSURE-PROTOCOL: read/write conflict; WP-FREEZE-CLOSURE-PROTOCOL reads 'scripts/verify_contract_supersession.py' while WP-CONTRACT-SUPERSESSION-CLOSURE-POLICY writes 'scripts/verify_contract_supersession.py'; parallel packets WP-CONTRACT-SUPERSESSION-CLOSURE-POLICY and WP-METHOD-INTEGRATION: read/write conflict; WP-CONTRACT-SUPERSESSION-CLOSURE-POLICY reads 'governance/ACCEPTANCE_CONTRACT_V1.json' while WP-METHOD-INTEGRATION writes 'governance/ACCEPTANCE_CONTRACT_V1.json'; parallel packets WP-CONTRACT-SUPERSESSION-CLOSURE-POLICY and WP-METHOD-INTEGRATION: read/write conflict; WP-CONTRACT-SUPERSESSION-CLOSURE-POLICY reads 'governance/PROJECT_METHOD_POLICY_V1.json' while WP-METHOD-INTEGRATION writes 'governance/PROJECT_METHOD_POLICY_V1.json'; parallel packets WP-CONTRACT-SUPERSESSION-CLOSURE-POLICY and WP-METHOD-INTEGRATION: read/write conflict; WP-METHOD-INTEGRATION reads 'scripts/verify_contract_supersession.py' while WP-CONTRACT-SUPERSESSION-CLOSURE-POLICY writes 'scripts/verify_contract_supersession.py'; parallel packets WP-FREEZE-CLOSURE-PROTOCOL and WP-METHOD-RUNTIME-FOUNDATION-S1: read/write conflict; WP-FREEZE-CLOSURE-PROTOCOL reads 'scripts/verify_governance.py' while WP-METHOD-RUNTIME-FOUNDATION-S1 writes 'scripts/verify_governance.py'; parallel packets WP-METHOD-INTEGRATION and WP-METHOD-RUNTIME-FOUNDATION-S1: read/write conflict; WP-METHOD-INTEGRATION reads 'governance/PROJECT_STATE_VIEW_POLICY_V1.json' while WP-METHOD-RUNTIME-FOUNDATION-S1 writes 'governance/PROJECT_STATE_VIEW_POLICY_V1.json'; parallel packets WP-METHOD-INTEGRATION and WP-METHOD-RUNTIME-FOUNDATION-S1: read/write conflict; WP-METHOD-RUNTIME-FOUNDATION-S1 reads 'governance/AI_PROJECT_RESEARCH_REGISTER_V1.json' while WP-METHOD-INTEGRATION writes 'governance/AI_PROJECT_RESEARCH_REGISTER_V1.json'; parallel packets WP-METHOD-INTEGRATION and WP-METHOD-RUNTIME-FOUNDATION-S1: read/write conflict; WP-METHOD-RUNTIME-FOUNDATION-S1 reads 'governance/WORK_PACKET_POLICY_V2.json' while WP-METHOD-INTEGRATION writes 'governance/WORK_PACKET_POLICY_V2.json'; parallel packets WP-METHOD-INTEGRATION and WP-METHOD-RUNTIME-FOUNDATION-S1: read/write conflict; WP-METHOD-RUNTIME-FOUNDATION-S1 reads 'scripts/verify_work_packets.py' while WP-METHOD-INTEGRATION writes 'scripts/verify_work_packets.py'; unrecordable recovery: Git alternate object store is not allowed; unrecordable recovery: candidate snapshot could not be verified; unrecordable recovery: review envelope ref: git exited 128: fatal: 'refs/tags/foundation-successor-recovery-review-2026-07-27-r3' - not a valid ref
- normative frozen file boundary differs: expected=['PRODUCT_ASSURANCE_BLUEPRINT_V2.md', 'governance/ACCEPTANCE_CASES_V1.json', 'governance/ACCEPTANCE_CONTRACT_V1.json', 'governance/AI_PROJECT_RESEARCH_REGISTER_V1.json', 'governance/ASSURANCE_SUBJECTS_V1.json', 'governance/ASSURANCE_TRUST_MODEL_V1.json', 'governance/COMPONENT_REGISTRY_V1.json', 'governance/CONTEXT_RECOVERY_SPEC_V1.json', 'governance/DECISION_AUTHORITY_V1.json', 'governance/DEPENDENCY_BOUNDARY_V1.json', 'governance/EXECUTION_LOOP_POLICY_V1.json', 'governance/EXECUTION_LOOP_POLICY_V2.json', 'governance/FAILURE_CLASSES_V1.json', 'governance/FIELD_USE_PROTOCOL_V1.json', 'governance/FROZEN_TEST_MANIFEST_V1.json', 'governance/GROUND_TRUTH_MANIFEST_V1.json', 'governance/IMPLEMENTATION_TARGETS_V1.json', 'governance/MARKET_SIMULATION_POLICY_V1.json', 'governance/MIGRATION_DRILL_SPEC_V1.json', 'governance/MONEY_AND_CORPORATE_ACTIONS_SPEC_V1.json', 'governance/NO_LIVE_SCOPE_POLICY_V1.json', 'governance/PRIVATE_DATA_POLICY_V1.json', 'governance/PROJECT_METHOD_POLICY_V1.json', 'governance/RESEARCH_SUFFICIENCY_V1.json', 'governance/RUFF_CI_CONFIG_V1.toml', 'governance/TRACEABILITY_V1.json', 'governance/USER_INTENT_V1.json', 'governance/USER_SOURCE_EXCERPTS_V1.json', 'governance/VERIFICATION_SPECS_V1.json', 'governance/WORK_PACKET_POLICY_V1.json', 'governance/WORK_PACKET_POLICY_V2.json', 'governance/requirements-ci.txt', 'research/SAME_TASK_METHOD_COMPARISON_PREREGISTRATION_R9_2026-07-25.json'], actual=['PRODUCT_ASSURANCE_BLUEPRINT_V2.md', 'governance/ACCEPTANCE_CASES_V1.json', 'governance/ACCEPTANCE_CONTRACT_V1.json', 'governance/AI_PROJECT_RESEARCH_REGISTER_V1.json', 'governance/ASSURANCE_SUBJECTS_V1.json', 'governance/ASSURANCE_TRUST_MODEL_V1.json', 'governance/COMPONENT_REGISTRY_V1.json', 'governance/CONTEXT_RECOVERY_SPEC_V1.json', 'governance/DECISION_AUTHORITY_V1.json', 'governance/DEPENDENCY_BOUNDARY_V1.json', 'governance/EXECUTION_LOOP_POLICY_V1.json', 'governance/FAILURE_CLASSES_V1.json', 'governance/FIELD_USE_PROTOCOL_V1.json', 'governance/FROZEN_TEST_MANIFEST_V1.json', 'governance/GROUND_TRUTH_MANIFEST_V1.json', 'governance/IMPLEMENTATION_TARGETS_V1.json', 'governance/MARKET_SIMULATION_POLICY_V1.json', 'governance/MIGRATION_DRILL_SPEC_V1.json', 'governance/MONEY_AND_CORPORATE_ACTIONS_SPEC_V1.json', 'governance/NO_LIVE_SCOPE_POLICY_V1.json', 'governance/PRIVATE_DATA_POLICY_V1.json', 'governance/PROJECT_METHOD_POLICY_V1.json', 'governance/RESEARCH_SUFFICIENCY_V1.json', 'governance/RUFF_CI_CONFIG_V1.toml', 'governance/TRACEABILITY_V1.json', 'governance/USER_INTENT_V1.json', 'governance/USER_SOURCE_EXCERPTS_V1.json', 'governance/VERIFICATION_SPECS_V1.json', 'governance/WORK_PACKET_POLICY_V1.json', 'governance/requirements-ci.txt', 'research/SAME_TASK_METHOD_COMPARISON_PREREGISTRATION_R9_2026-07-25.json']


======================================================================
FAIL: test_split_accounting_smuggle_is_rejected (test_final_review_attacks.FinalReviewAttackTests.test_split_accounting_smuggle_is_rejected)
----------------------------------------------------------------------
Traceback (most recent call last):
  File "/private/tmp/ids-fed7-audit.kowOr4/repo/MyBrain/projects/investment-discipline-system/governance_tests/test_final_review_attacks.py", line 128, in setUp
    self.assertEqual(
    ~~~~~~~~~~~~~~~~^
        baseline.returncode,
        ^^^^^^^^^^^^^^^^^^^^
    ...<2 lines>...
        f"{baseline.stdout}",
        ^^^^^^^^^^^^^^^^^^^^^
    )
    ^
AssertionError: 1 != 0 : canonical attack fixture must pass before an isolated mutation:
governance verification: FAIL
- research sufficiency executable verification failed: research sufficiency current_evaluation differs
- assurance metadata executable verification failed: assurance trust model: configured Git fetch URL differs from the acceptance contract; ground-truth manifest: stale artifact hash for governance/ACCEPTANCE_CONTRACT_V1.json; ground-truth manifest: stale artifact hash for governance/AI_PROJECT_RESEARCH_REGISTER_V1.json; ground-truth manifest: stale artifact hash for governance/ASSURANCE_SUBJECTS_V1.json; ground-truth manifest: stale artifact hash for governance/FROZEN_TEST_MANIFEST_V1.json; ground-truth manifest: stale artifact hash for governance/NO_LIVE_SCOPE_POLICY_V1.json; ground-truth manifest: stale artifact hash for governance/PROJECT_METHOD_POLICY_V1.json; ground-truth manifest: missing research primary artifact audits/PROJECT_METHOD_GAP_CLOSURE_REVIEW_R8_2026-07-25.md; ground-truth manifest: missing research primary artifact audits/PROJECT_GOVERNANCE_ADVERSARIAL_REVIEW_R10_2026-07-25.md
- context recovery executable verification failed: {'message': "STATUS.md is missing marker '## 当前裁决'", 'oracle_id': 'CTX02-STATE-MARKER-MISSING'}; {'message': "STATUS.md is missing marker '## 已有且仍然有效'", 'oracle_id': 'CTX02-STATE-MARKER-MISSING'}; {'message': "STATUS.md is missing marker '## 进行中'", 'oracle_id': 'CTX02-STATE-MARKER-MISSING'}; {'message': "STATUS.md is missing marker '## 当前下一步'", 'oracle_id': 'CTX02-STATE-MARKER-MISSING'}; {'message': "STATUS.md is missing marker '## 主要残余风险'", 'oracle_id': 'CTX02-STATE-MARKER-MISSING'}; {'message': "TASK_BOARD.md is missing marker '## 进行中'", 'oracle_id': 'CTX02-STATE-MARKER-MISSING'}; {'message': "TASK_BOARD.md is missing marker '## 已排队'", 'oracle_id': 'CTX02-STATE-MARKER-MISSING'}; {'message': "TASK_BOARD.md is missing marker '## 条件性任务'", 'oracle_id': 'CTX02-STATE-MARKER-MISSING'}; {'message': "TASK_BOARD.md is missing marker '## 已完成且证据仍有效'", 'oracle_id': 'CTX02-STATE-MARKER-MISSING'}; {'message': "TASK_BOARD.md is missing marker '## 工作规则'", 'oracle_id': 'CTX02-STATE-MARKER-MISSING'}
- component registry executable verification failed: components[0].contract_interface.locators[0].sha256 is stale for governance/ACCEPTANCE_CONTRACT_V1.json: declared=628dc791951d3e83d27ccfe30d04a2c067731b6dc5e5eccabdf3761dc824f2d6, actual=1e8603b78b2479fc200c20f673bb09fc15b35a6f39c806a988d16098dd1a0c1d; components[0].contract_interface.locators[1].sha256 is stale for governance/PROJECT_METHOD_POLICY_V1.json: declared=232c2830ba2109cd7b3cfa6a9450f2d736352b45f088f4eb0918c5d004d87dbb, actual=16521aed0eb3e865212440522ec2a6ae19eb346ab9f7d2faf3a735f46465fd7f; components[0].observability.locators[0].sha256 is stale for scripts/verify_governance.py: declared=314c71c6c3d138aa37e4501defb44a11de71385f963ffb14860aa5e246c4cc0c, actual=7488baca8f30675f2c8a4b119b6aa3b76cc38d2b0ff8cdf7930f95083d2749b9; components[0].dependencies[0].evidence_locators[0].sha256 is stale for governance/ACCEPTANCE_CONTRACT_V1.json: declared=628dc791951d3e83d27ccfe30d04a2c067731b6dc5e5eccabdf3761dc824f2d6, actual=1e8603b78b2479fc200c20f673bb09fc15b35a6f39c806a988d16098dd1a0c1d; components[0].dependencies[1].evidence_locators[0].sha256 is stale for governance/ACCEPTANCE_CONTRACT_V1.json: declared=628dc791951d3e83d27ccfe30d04a2c067731b6dc5e5eccabdf3761dc824f2d6, actual=1e8603b78b2479fc200c20f673bb09fc15b35a6f39c806a988d16098dd1a0c1d; components[0].removal_path.blocker_locators[0].sha256 is stale for governance/ACCEPTANCE_CONTRACT_V1.json: declared=628dc791951d3e83d27ccfe30d04a2c067731b6dc5e5eccabdf3761dc824f2d6, actual=1e8603b78b2479fc200c20f673bb09fc15b35a6f39c806a988d16098dd1a0c1d; components[0].evidence_locators[0].sha256 is stale for governance/PROJECT_METHOD_POLICY_V1.json: declared=232c2830ba2109cd7b3cfa6a9450f2d736352b45f088f4eb0918c5d004d87dbb, actual=16521aed0eb3e865212440522ec2a6ae19eb346ab9f7d2faf3a735f46465fd7f
- work packets executable verification failed: DAG edge WP-CONTRACT-SUPERSESSION-CLOSURE-POLICY -> WP-METHOD-RUNTIME-FOUNDATION-S1: depends_on is not matched by activates; DAG edge WP-METHOD-RUNTIME-FOUNDATION-S1 -> WP-METHOD-INTEGRATION: activates is not matched by depends_on; goal METHOD-GOVERNANCE-CLOSURE: expected exactly one live root; found ['WP-CONTRACT-SUPERSESSION-CLOSURE-POLICY', 'WP-METHOD-INTEGRATION', 'WP-METHOD-RUNTIME-FOUNDATION-S1']; goal METHOD-GOVERNANCE-CLOSURE: expected exactly one live sink; found ['WP-CONTRACT-SUPERSESSION-CLOSURE-POLICY', 'WP-FREEZE-CLOSURE-PROTOCOL', 'WP-METHOD-RUNTIME-FOUNDATION-S1']; packet WP-CONTRACT-SUPERSESSION-CLOSURE-POLICY: activates packet 'WP-METHOD-RUNTIME-FOUNDATION' is superseded without an exact recovery alias; packet WP-METHOD-INTEGRATION: depends_on packet 'WP-METHOD-RUNTIME-FOUNDATION' is superseded without an exact recovery alias; packet WP-METHOD-RUNTIME-FOUNDATION: acceptance receipt is required before state superseded; packet WP-METHOD-RUNTIME-FOUNDATION: checkpoint receipt is required before state superseded; parallel packets WP-CONTRACT-SUPERSESSION-CLOSURE-POLICY and WP-FREEZE-CLOSURE-PROTOCOL: read/write conflict; WP-FREEZE-CLOSURE-PROTOCOL reads 'scripts/verify_contract_supersession.py' while WP-CONTRACT-SUPERSESSION-CLOSURE-POLICY writes 'scripts/verify_contract_supersession.py'; parallel packets WP-CONTRACT-SUPERSESSION-CLOSURE-POLICY and WP-METHOD-INTEGRATION: read/write conflict; WP-CONTRACT-SUPERSESSION-CLOSURE-POLICY reads 'governance/ACCEPTANCE_CONTRACT_V1.json' while WP-METHOD-INTEGRATION writes 'governance/ACCEPTANCE_CONTRACT_V1.json'; parallel packets WP-CONTRACT-SUPERSESSION-CLOSURE-POLICY and WP-METHOD-INTEGRATION: read/write conflict; WP-CONTRACT-SUPERSESSION-CLOSURE-POLICY reads 'governance/PROJECT_METHOD_POLICY_V1.json' while WP-METHOD-INTEGRATION writes 'governance/PROJECT_METHOD_POLICY_V1.json'; parallel packets WP-CONTRACT-SUPERSESSION-CLOSURE-POLICY and WP-METHOD-INTEGRATION: read/write conflict; WP-METHOD-INTEGRATION reads 'scripts/verify_contract_supersession.py' while WP-CONTRACT-SUPERSESSION-CLOSURE-POLICY writes 'scripts/verify_contract_supersession.py'; parallel packets WP-FREEZE-CLOSURE-PROTOCOL and WP-METHOD-RUNTIME-FOUNDATION-S1: read/write conflict; WP-FREEZE-CLOSURE-PROTOCOL reads 'scripts/verify_governance.py' while WP-METHOD-RUNTIME-FOUNDATION-S1 writes 'scripts/verify_governance.py'; parallel packets WP-METHOD-INTEGRATION and WP-METHOD-RUNTIME-FOUNDATION-S1: read/write conflict; WP-METHOD-INTEGRATION reads 'governance/PROJECT_STATE_VIEW_POLICY_V1.json' while WP-METHOD-RUNTIME-FOUNDATION-S1 writes 'governance/PROJECT_STATE_VIEW_POLICY_V1.json'; parallel packets WP-METHOD-INTEGRATION and WP-METHOD-RUNTIME-FOUNDATION-S1: read/write conflict; WP-METHOD-RUNTIME-FOUNDATION-S1 reads 'governance/AI_PROJECT_RESEARCH_REGISTER_V1.json' while WP-METHOD-INTEGRATION writes 'governance/AI_PROJECT_RESEARCH_REGISTER_V1.json'; parallel packets WP-METHOD-INTEGRATION and WP-METHOD-RUNTIME-FOUNDATION-S1: read/write conflict; WP-METHOD-RUNTIME-FOUNDATION-S1 reads 'governance/WORK_PACKET_POLICY_V2.json' while WP-METHOD-INTEGRATION writes 'governance/WORK_PACKET_POLICY_V2.json'; parallel packets WP-METHOD-INTEGRATION and WP-METHOD-RUNTIME-FOUNDATION-S1: read/write conflict; WP-METHOD-RUNTIME-FOUNDATION-S1 reads 'scripts/verify_work_packets.py' while WP-METHOD-INTEGRATION writes 'scripts/verify_work_packets.py'; unrecordable recovery: Git alternate object store is not allowed; unrecordable recovery: candidate snapshot could not be verified; unrecordable recovery: review envelope ref: git exited 128: fatal: 'refs/tags/foundation-successor-recovery-review-2026-07-27-r3' - not a valid ref
- frozen tests executable verification failed: source sha256 mismatch for frozen-test file: governance_tests/test_governance_regression_runner.py; class AST sha256 mismatch for frozen-test class: governance_tests/test_governance_regression_runner.py::GovernanceRegressionRunnerTests
- execution loop executable verification failed: V2 work-packet verification failed: DAG edge WP-CONTRACT-SUPERSESSION-CLOSURE-POLICY -> WP-METHOD-RUNTIME-FOUNDATION-S1: depends_on is not matched by activates; DAG edge WP-METHOD-RUNTIME-FOUNDATION-S1 -> WP-METHOD-INTEGRATION: activates is not matched by depends_on; goal METHOD-GOVERNANCE-CLOSURE: expected exactly one live root; found ['WP-CONTRACT-SUPERSESSION-CLOSURE-POLICY', 'WP-METHOD-INTEGRATION', 'WP-METHOD-RUNTIME-FOUNDATION-S1']; goal METHOD-GOVERNANCE-CLOSURE: expected exactly one live sink; found ['WP-CONTRACT-SUPERSESSION-CLOSURE-POLICY', 'WP-FREEZE-CLOSURE-PROTOCOL', 'WP-METHOD-RUNTIME-FOUNDATION-S1']; packet WP-CONTRACT-SUPERSESSION-CLOSURE-POLICY: activates packet 'WP-METHOD-RUNTIME-FOUNDATION' is superseded without an exact recovery alias; packet WP-METHOD-INTEGRATION: depends_on packet 'WP-METHOD-RUNTIME-FOUNDATION' is superseded without an exact recovery alias; packet WP-METHOD-RUNTIME-FOUNDATION: acceptance receipt is required before state superseded; packet WP-METHOD-RUNTIME-FOUNDATION: checkpoint receipt is required before state superseded; parallel packets WP-CONTRACT-SUPERSESSION-CLOSURE-POLICY and WP-FREEZE-CLOSURE-PROTOCOL: read/write conflict; WP-FREEZE-CLOSURE-PROTOCOL reads 'scripts/verify_contract_supersession.py' while WP-CONTRACT-SUPERSESSION-CLOSURE-POLICY writes 'scripts/verify_contract_supersession.py'; parallel packets WP-CONTRACT-SUPERSESSION-CLOSURE-POLICY and WP-METHOD-INTEGRATION: read/write conflict; WP-CONTRACT-SUPERSESSION-CLOSURE-POLICY reads 'governance/ACCEPTANCE_CONTRACT_V1.json' while WP-METHOD-INTEGRATION writes 'governance/ACCEPTANCE_CONTRACT_V1.json'; parallel packets WP-CONTRACT-SUPERSESSION-CLOSURE-POLICY and WP-METHOD-INTEGRATION: read/write conflict; WP-CONTRACT-SUPERSESSION-CLOSURE-POLICY reads 'governance/PROJECT_METHOD_POLICY_V1.json' while WP-METHOD-INTEGRATION writes 'governance/PROJECT_METHOD_POLICY_V1.json'; parallel packets WP-CONTRACT-SUPERSESSION-CLOSURE-POLICY and WP-METHOD-INTEGRATION: read/write conflict; WP-METHOD-INTEGRATION reads 'scripts/verify_contract_supersession.py' while WP-CONTRACT-SUPERSESSION-CLOSURE-POLICY writes 'scripts/verify_contract_supersession.py'; parallel packets WP-FREEZE-CLOSURE-PROTOCOL and WP-METHOD-RUNTIME-FOUNDATION-S1: read/write conflict; WP-FREEZE-CLOSURE-PROTOCOL reads 'scripts/verify_governance.py' while WP-METHOD-RUNTIME-FOUNDATION-S1 writes 'scripts/verify_governance.py'; parallel packets WP-METHOD-INTEGRATION and WP-METHOD-RUNTIME-FOUNDATION-S1: read/write conflict; WP-METHOD-INTEGRATION reads 'governance/PROJECT_STATE_VIEW_POLICY_V1.json' while WP-METHOD-RUNTIME-FOUNDATION-S1 writes 'governance/PROJECT_STATE_VIEW_POLICY_V1.json'; parallel packets WP-METHOD-INTEGRATION and WP-METHOD-RUNTIME-FOUNDATION-S1: read/write conflict; WP-METHOD-RUNTIME-FOUNDATION-S1 reads 'governance/AI_PROJECT_RESEARCH_REGISTER_V1.json' while WP-METHOD-INTEGRATION writes 'governance/AI_PROJECT_RESEARCH_REGISTER_V1.json'; parallel packets WP-METHOD-INTEGRATION and WP-METHOD-RUNTIME-FOUNDATION-S1: read/write conflict; WP-METHOD-RUNTIME-FOUNDATION-S1 reads 'governance/WORK_PACKET_POLICY_V2.json' while WP-METHOD-INTEGRATION writes 'governance/WORK_PACKET_POLICY_V2.json'; parallel packets WP-METHOD-INTEGRATION and WP-METHOD-RUNTIME-FOUNDATION-S1: read/write conflict; WP-METHOD-RUNTIME-FOUNDATION-S1 reads 'scripts/verify_work_packets.py' while WP-METHOD-INTEGRATION writes 'scripts/verify_work_packets.py'; unrecordable recovery: Git alternate object store is not allowed; unrecordable recovery: candidate snapshot could not be verified; unrecordable recovery: review envelope ref: git exited 128: fatal: 'refs/tags/foundation-successor-recovery-review-2026-07-27-r3' - not a valid ref
- normative frozen file boundary differs: expected=['PRODUCT_ASSURANCE_BLUEPRINT_V2.md', 'governance/ACCEPTANCE_CASES_V1.json', 'governance/ACCEPTANCE_CONTRACT_V1.json', 'governance/AI_PROJECT_RESEARCH_REGISTER_V1.json', 'governance/ASSURANCE_SUBJECTS_V1.json', 'governance/ASSURANCE_TRUST_MODEL_V1.json', 'governance/COMPONENT_REGISTRY_V1.json', 'governance/CONTEXT_RECOVERY_SPEC_V1.json', 'governance/DECISION_AUTHORITY_V1.json', 'governance/DEPENDENCY_BOUNDARY_V1.json', 'governance/EXECUTION_LOOP_POLICY_V1.json', 'governance/EXECUTION_LOOP_POLICY_V2.json', 'governance/FAILURE_CLASSES_V1.json', 'governance/FIELD_USE_PROTOCOL_V1.json', 'governance/FROZEN_TEST_MANIFEST_V1.json', 'governance/GROUND_TRUTH_MANIFEST_V1.json', 'governance/IMPLEMENTATION_TARGETS_V1.json', 'governance/MARKET_SIMULATION_POLICY_V1.json', 'governance/MIGRATION_DRILL_SPEC_V1.json', 'governance/MONEY_AND_CORPORATE_ACTIONS_SPEC_V1.json', 'governance/NO_LIVE_SCOPE_POLICY_V1.json', 'governance/PRIVATE_DATA_POLICY_V1.json', 'governance/PROJECT_METHOD_POLICY_V1.json', 'governance/RESEARCH_SUFFICIENCY_V1.json', 'governance/RUFF_CI_CONFIG_V1.toml', 'governance/TRACEABILITY_V1.json', 'governance/USER_INTENT_V1.json', 'governance/USER_SOURCE_EXCERPTS_V1.json', 'governance/VERIFICATION_SPECS_V1.json', 'governance/WORK_PACKET_POLICY_V1.json', 'governance/WORK_PACKET_POLICY_V2.json', 'governance/requirements-ci.txt', 'research/SAME_TASK_METHOD_COMPARISON_PREREGISTRATION_R9_2026-07-25.json'], actual=['PRODUCT_ASSURANCE_BLUEPRINT_V2.md', 'governance/ACCEPTANCE_CASES_V1.json', 'governance/ACCEPTANCE_CONTRACT_V1.json', 'governance/AI_PROJECT_RESEARCH_REGISTER_V1.json', 'governance/ASSURANCE_SUBJECTS_V1.json', 'governance/ASSURANCE_TRUST_MODEL_V1.json', 'governance/COMPONENT_REGISTRY_V1.json', 'governance/CONTEXT_RECOVERY_SPEC_V1.json', 'governance/DECISION_AUTHORITY_V1.json', 'governance/DEPENDENCY_BOUNDARY_V1.json', 'governance/EXECUTION_LOOP_POLICY_V1.json', 'governance/FAILURE_CLASSES_V1.json', 'governance/FIELD_USE_PROTOCOL_V1.json', 'governance/FROZEN_TEST_MANIFEST_V1.json', 'governance/GROUND_TRUTH_MANIFEST_V1.json', 'governance/IMPLEMENTATION_TARGETS_V1.json', 'governance/MARKET_SIMULATION_POLICY_V1.json', 'governance/MIGRATION_DRILL_SPEC_V1.json', 'governance/MONEY_AND_CORPORATE_ACTIONS_SPEC_V1.json', 'governance/NO_LIVE_SCOPE_POLICY_V1.json', 'governance/PRIVATE_DATA_POLICY_V1.json', 'governance/PROJECT_METHOD_POLICY_V1.json', 'governance/RESEARCH_SUFFICIENCY_V1.json', 'governance/RUFF_CI_CONFIG_V1.toml', 'governance/TRACEABILITY_V1.json', 'governance/USER_INTENT_V1.json', 'governance/USER_SOURCE_EXCERPTS_V1.json', 'governance/VERIFICATION_SPECS_V1.json', 'governance/WORK_PACKET_POLICY_V1.json', 'governance/requirements-ci.txt', 'research/SAME_TASK_METHOD_COMPARISON_PREREGISTRATION_R9_2026-07-25.json']


======================================================================
FAIL: test_bundle_parameter_combinations_cannot_skip_fresh_clone (test_freeze_git_remote.FreezeGitRemoteCounterexampleTests.test_bundle_parameter_combinations_cannot_skip_fresh_clone)
----------------------------------------------------------------------
Traceback (most recent call last):
  File "/private/tmp/ids-fed7-audit.kowOr4/repo/MyBrain/projects/investment-discipline-system/governance_tests/test_freeze_git_remote.py", line 1932, in test_bundle_parameter_combinations_cannot_skip_fresh_clone
    self.create_frozen_bundle_file()
    ~~~~~~~~~~~~~~~~~~~~~~~~~~~~~~^^
  File "/private/tmp/ids-fed7-audit.kowOr4/repo/MyBrain/projects/investment-discipline-system/governance_tests/test_freeze_git_remote.py", line 844, in create_frozen_bundle_file
    reviewed = self.prepare_completed_freeze()
  File "/private/tmp/ids-fed7-audit.kowOr4/repo/MyBrain/projects/investment-discipline-system/governance_tests/test_freeze_git_remote.py", line 898, in prepare_completed_freeze
    receipt = self.run_attack(
        candidate_commit=reviewed_commit,
    ...<2 lines>...
        receipt_relative=receipt_relative,
    )
  File "/private/tmp/ids-fed7-audit.kowOr4/repo/MyBrain/projects/investment-discipline-system/governance_tests/test_freeze_git_remote.py", line 646, in run_attack
    self.assertEqual(completed.returncode, 0, completed.stdout)
    ~~~~~~~~~~~~~~~~^^^^^^^^^^^^^^^^^^^^^^^^^^^^^^^^^^^^^^^^^^^
AssertionError: 2 != 0 : {"baseline": {"argv": ["PYTHON", "scripts/verify_governance.py", "--allow-candidate"], "exit_code": 1, "stdout": "governance verification: FAIL\n- assurance metadata executable verification failed: ground-truth manifest: missing research primary artifact audits/PROJECT_METHOD_GAP_CLOSURE_REVIEW_R8_2026-07-25.md; ground-truth manifest: missing research primary artifact audits/PROJECT_GOVERNANCE_ADVERSARIAL_REVIEW_R10_2026-07-25.md\n- context recovery executable verification failed: {'message': \"STATUS.md is missing marker '## 当前裁决'\", 'oracle_id': 'CTX02-STATE-MARKER-MISSING'}; {'message': \"STATUS.md is missing marker '## 已有且仍然有效'\", 'oracle_id': 'CTX02-STATE-MARKER-MISSING'}; {'message': \"STATUS.md is missing marker '## 进行中'\", 'oracle_id': 'CTX02-STATE-MARKER-MISSING'}; {'message': \"STATUS.md is missing marker '## 当前下一步'\", 'oracle_id': 'CTX02-STATE-MARKER-MISSING'}; {'message': \"STATUS.md is missing marker '## 主要残余风险'\", 'oracle_id': 'CTX02-STATE-MARKER-MISSING'}; {'message': \"TASK_BOARD.md is missing marker '## 进行中'\", 'oracle_id': 'CTX02-STATE-MARKER-MISSING'}; {'message': \"TASK_BOARD.md is missing marker '## 已排队'\", 'oracle_id': 'CTX02-STATE-MARKER-MISSING'}; {'message': \"TASK_BOARD.md is missing marker '## 条件性任务'\", 'oracle_id': 'CTX02-STATE-MARKER-MISSING'}; {'message': \"TASK_BOARD.md is missing marker '## 已完成且证据仍有效'\", 'oracle_id': 'CTX02-STATE-MARKER-MISSING'}; {'message': \"TASK_BOARD.md is missing marker '## 工作规则'\", 'oracle_id': 'CTX02-STATE-MARKER-MISSING'}\n- work packets executable verification failed: DAG edge WP-CONTRACT-SUPERSESSION-CLOSURE-POLICY -> WP-METHOD-RUNTIME-FOUNDATION-S1: depends_on is not matched by activates; DAG edge WP-METHOD-RUNTIME-FOUNDATION-S1 -> WP-METHOD-INTEGRATION: activates is not matched by depends_on; goal METHOD-GOVERNANCE-CLOSURE: expected exactly one live root; found ['WP-CONTRACT-SUPERSESSION-CLOSURE-POLICY', 'WP-METHOD-INTEGRATION', 'WP-METHOD-RUNTIME-FOUNDATION-S1']; goal METHOD-GOVERNANCE-CLOSURE: expected exactly one live sink; found ['WP-CONTRACT-SUPERSESSION-CLOSURE-POLICY', 'WP-FREEZE-CLOSURE-PROTOCOL', 'WP-METHOD-RUNTIME-FOUNDATION-S1']; packet WP-CONTRACT-SUPERSESSION-CLOSURE-POLICY: activates packet 'WP-METHOD-RUNTIME-FOUNDATION' is superseded without an exact recovery alias; packet WP-METHOD-INTEGRATION: depends_on packet 'WP-METHOD-RUNTIME-FOUNDATION' is superseded without an exact recovery alias; packet WP-METHOD-RUNTIME-FOUNDATION: acceptance receipt is required before state superseded; packet WP-METHOD-RUNTIME-FOUNDATION: checkpoint receipt is required before state superseded; parallel packets WP-CONTRACT-SUPERSESSION-CLOSURE-POLICY and WP-FREEZE-CLOSURE-PROTOCOL: read/write conflict; WP-FREEZE-CLOSURE-PROTOCOL reads 'scripts/verify_contract_supersession.py' while WP-CONTRACT-SUPERSESSION-CLOSURE-POLICY writes 'scripts/verify_contract_supersession.py'; parallel packets WP-CONTRACT-SUPERSESSION-CLOSURE-POLICY and WP-METHOD-INTEGRATION: read/write conflict; WP-CONTRACT-SUPERSESSION-CLOSURE-POLICY reads 'governance/ACCEPTANCE_CONTRACT_V1.json' while WP-METHOD-INTEGRATION writes 'governance/ACCEPTANCE_CONTRACT_V1.json'; parallel packets WP-CONTRACT-SUPERSESSION-CLOSURE-POLICY and WP-METHOD-INTEGRATION: read/write conflict; WP-CONTRACT-SUPERSESSION-CLOSURE-POLICY reads 'governance/PROJECT_METHOD_POLICY_V1.json' while WP-METHOD-INTEGRATION writes 'governance/PROJECT_METHOD_POLICY_V1.json'; parallel packets WP-CONTRACT-SUPERSESSION-CLOSURE-POLICY and WP-METHOD-INTEGRATION: read/write conflict; WP-METHOD-INTEGRATION reads 'scripts/verify_contract_supersession.py' while WP-CONTRACT-SUPERSESSION-CLOSURE-POLICY writes 'scripts/verify_contract_supersession.py'; parallel packets WP-FREEZE-CLOSURE-PROTOCOL and WP-METHOD-RUNTIME-FOUNDATION-S1: read/write conflict; WP-FREEZE-CLOSURE-PROTOCOL reads 'scripts/verify_governance.py' while WP-METHOD-RUNTIME-FOUNDATION-S1 writes 'scripts/verify_governance.py'; parallel packets WP-METHOD-INTEGRATION and WP-METHOD-RUNTIME-FOUNDATION-S1: read/write conflict; WP-METHOD-INTEGRATION reads 'governance/PROJECT_STATE_VIEW_POLICY_V1.json' while WP-METHOD-RUNTIME-FOUNDATION-S1 writes 'governance/PROJECT_STATE_VIEW_POLICY_V1.json'; parallel packets WP-METHOD-INTEGRATION and WP-METHOD-RUNTIME-FOUNDATION-S1: read/write conflict; WP-METHOD-RUNTIME-FOUNDATION-S1 reads 'governance/AI_PROJECT_RESEARCH_REGISTER_V1.json' while WP-METHOD-INTEGRATION writes 'governance/AI_PROJECT_RESEARCH_REGISTER_V1.json'; parallel packets WP-METHOD-INTEGRATION and WP-METHOD-RUNTIME-FOUNDATION-S1: read/write conflict; WP-METHOD-RUNTIME-FOUNDATION-S1 reads 'governance/WORK_PACKET_POLICY_V2.json' while WP-METHOD-INTEGRATION writes 'governance/WORK_PACKET_POLICY_V2.json'; parallel packets WP-METHOD-INTEGRATION and WP-METHOD-RUNTIME-FOUNDATION-S1: read/write conflict; WP-METHOD-RUNTIME-FOUNDATION-S1 reads 'scripts/verify_work_packets.py' while WP-METHOD-INTEGRATION writes 'scripts/verify_work_packets.py'; unrecordable recovery: candidate snapshot could not be verified; unrecordable recovery: repository discovery: project prefix differs from the authorized scope\n- frozen tests executable verification failed: source sha256 mismatch for frozen-test file: governance_tests/test_governance_regression_runner.py; class AST sha256 mismatch for frozen-test class: governance_tests/test_governance_regression_runner.py::GovernanceRegressionRunnerTests\n- execution loop executable verification failed: V2 work-packet verification failed: DAG edge WP-CONTRACT-SUPERSESSION-CLOSURE-POLICY -> WP-METHOD-RUNTIME-FOUNDATION-S1: depends_on is not matched by activates; DAG edge WP-METHOD-RUNTIME-FOUNDATION-S1 -> WP-METHOD-INTEGRATION: activates is not matched by depends_on; goal METHOD-GOVERNANCE-CLOSURE: expected exactly one live root; found ['WP-CONTRACT-SUPERSESSION-CLOSURE-POLICY', 'WP-METHOD-INTEGRATION', 'WP-METHOD-RUNTIME-FOUNDATION-S1']; goal METHOD-GOVERNANCE-CLOSURE: expected exactly one live sink; found ['WP-CONTRACT-SUPERSESSION-CLOSURE-POLICY', 'WP-FREEZE-CLOSURE-PROTOCOL', 'WP-METHOD-RUNTIME-FOUNDATION-S1']; packet WP-CONTRACT-SUPERSESSION-CLOSURE-POLICY: activates packet 'WP-METHOD-RUNTIME-FOUNDATION' is superseded without an exact recovery alias; packet WP-METHOD-INTEGRATION: depends_on packet 'WP-METHOD-RUNTIME-FOUNDATION' is superseded without an exact recovery alias; packet WP-METHOD-RUNTIME-FOUNDATION: acceptance receipt is required before state superseded; packet WP-METHOD-RUNTIME-FOUNDATION: checkpoint receipt is required before state superseded; parallel packets WP-CONTRACT-SUPERSESSION-CLOSURE-POLICY and WP-FREEZE-CLOSURE-PROTOCOL: read/write conflict; WP-FREEZE-CLOSURE-PROTOCOL reads 'scripts/verify_contract_supersession.py' while WP-CONTRACT-SUPERSESSION-CLOSURE-POLICY writes 'scripts/verify_contract_supersession.py'; parallel packets WP-CONTRACT-SUPERSESSION-CLOSURE-POLICY and WP-METHOD-INTEGRATION: read/write conflict; WP-CONTRACT-SUPERSESSION-CLOSURE-POLICY reads 'governance/ACCEPTANCE_CONTRACT_V1.json' while WP-METHOD-INTEGRATION writes 'governance/ACCEPTANCE_CONTRACT_V1.json'; parallel packets WP-CONTRACT-SUPERSESSION-CLOSURE-POLICY and WP-METHOD-INTEGRATION: read/write conflict; WP-CONTRACT-SUPERSESSION-CLOSURE-POLICY reads 'governance/PROJECT_METHOD_POLICY_V1.json' while WP-METHOD-INTEGRATION writes 'governance/PROJECT_METHOD_POLICY_V1.json'; parallel packets WP-CONTRACT-SUPERSESSION-CLOSURE-POLICY and WP-METHOD-INTEGRATION: read/write conflict; WP-METHOD-INTEGRATION reads 'scripts/verify_contract_supersession.py' while WP-CONTRACT-SUPERSESSION-CLOSURE-POLICY writes 'scripts/verify_contract_supersession.py'; parallel packets WP-FREEZE-CLOSURE-PROTOCOL and WP-METHOD-RUNTIME-FOUNDATION-S1: read/write conflict; WP-FREEZE-CLOSURE-PROTOCOL reads 'scripts/verify_governance.py' while WP-METHOD-RUNTIME-FOUNDATION-S1 writes 'scripts/verify_governance.py'; parallel packets WP-METHOD-INTEGRATION and WP-METHOD-RUNTIME-FOUNDATION-S1: read/write conflict; WP-METHOD-INTEGRATION reads 'governance/PROJECT_STATE_VIEW_POLICY_V1.json' while WP-METHOD-RUNTIME-FOUNDATION-S1 writes 'governance/PROJECT_STATE_VIEW_POLICY_V1.json'; parallel packets WP-METHOD-INTEGRATION and WP-METHOD-RUNTIME-FOUNDATION-S1: read/write conflict; WP-METHOD-RUNTIME-FOUNDATION-S1 reads 'governance/AI_PROJECT_RESEARCH_REGISTER_V1.json' while WP-METHOD-INTEGRATION writes 'governance/AI_PROJECT_RESEARCH_REGISTER_V1.json'; parallel packets WP-METHOD-INTEGRATION and WP-METHOD-RUNTIME-FOUNDATION-S1: read/write conflict; WP-METHOD-RUNTIME-FOUNDATION-S1 reads 'governance/WORK_PACKET_POLICY_V2.json' while WP-METHOD-INTEGRATION writes 'governance/WORK_PACKET_POLICY_V2.json'; parallel packets WP-METHOD-INTEGRATION and WP-METHOD-RUNTIME-FOUNDATION-S1: read/write conflict; WP-METHOD-RUNTIME-FOUNDATION-S1 reads 'scripts/verify_work_packets.py' while WP-METHOD-INTEGRATION writes 'scripts/verify_work_packets.py'; unrecordable recovery: candidate snapshot could not be verified; unrecordable recovery: repository discovery: project prefix differs from the authorized scope; ledger WP-DEPENDENCY-BOUNDARY: latest controlled snapshot is stale; ledger WP-METHOD-INTEGRATION: latest controlled snapshot is stale; ledger WP-METHOD-RUNTIME-FOUNDATION-S1: latest controlled snapshot is stale\n- git rev-parse aa0a5966e114d6d7c87aa14fe2c27253f9f89f26^{tree} failed (128): fatal: ambiguous argument 'aa0a5966e114d6d7c87aa14fe2c27253f9f89f26^{tree}': unknown revision or path not in the working tree.\nUse '--' to separate paths from revisions, like this:\n'git <command> [<revision>...] -- [<file>...]'\n- normative frozen file boundary differs: expected=['PRODUCT_ASSURANCE_BLUEPRINT_V2.md', 'governance/ACCEPTANCE_CASES_V1.json', 'governance/ACCEPTANCE_CONTRACT_V1.json', 'governance/AI_PROJECT_RESEARCH_REGISTER_V1.json', 'governance/ASSURANCE_SUBJECTS_V1.json', 'governance/ASSURANCE_TRUST_MODEL_V1.json', 'governance/COMPONENT_REGISTRY_V1.json', 'governance/CONTEXT_RECOVERY_SPEC_V1.json', 'governance/DECISION_AUTHORITY_V1.json', 'governance/DEPENDENCY_BOUNDARY_V1.json', 'governance/EXECUTION_LOOP_POLICY_V1.json', 'governance/EXECUTION_LOOP_POLICY_V2.json', 'governance/FAILURE_CLASSES_V1.json', 'governance/FIELD_USE_PROTOCOL_V1.json', 'governance/FROZEN_TEST_MANIFEST_V1.json', 'governance/GROUND_TRUTH_MANIFEST_V1.json', 'governance/IMPLEMENTATION_TARGETS_V1.json', 'governance/MARKET_SIMULATION_POLICY_V1.json', 'governance/MIGRATION_DRILL_SPEC_V1.json', 'governance/MONEY_AND_CORPORATE_ACTIONS_SPEC_V1.json', 'governance/NO_LIVE_SCOPE_POLICY_V1.json', 'governance/PRIVATE_DATA_POLICY_V1.json', 'governance/PROJECT_METHOD_POLICY_V1.json', 'governance/RESEARCH_SUFFICIENCY_V1.json', 'governance/RUFF_CI_CONFIG_V1.toml', 'governance/TRACEABILITY_V1.json', 'governance/USER_INTENT_V1.json', 'governance/USER_SOURCE_EXCERPTS_V1.json', 'governance/VERIFICATION_SPECS_V1.json', 'governance/WORK_PACKET_POLICY_V1.json', 'governance/WORK_PACKET_POLICY_V2.json', 'governance/requirements-ci.txt', 'research/SAME_TASK_METHOD_COMPARISON_PREREGISTRATION_R9_2026-07-25.json'], actual=['PRODUCT_ASSURANCE_BLUEPRINT_V2.md', 'governance/ACCEPTANCE_CASES_V1.json', 'governance/ACCEPTANCE_CONTRACT_V1.json', 'governance/AI_PROJECT_RESEARCH_REGISTER_V1.json', 'governance/ASSURANCE_SUBJECTS_V1.json', 'governance/ASSURANCE_TRUST_MODEL_V1.json', 'governance/COMPONENT_REGISTRY_V1.json', 'governance/CONTEXT_RECOVERY_SPEC_V1.json', 'governance/DECISION_AUTHORITY_V1.json', 'governance/DEPENDENCY_BOUNDARY_V1.json', 'governance/EXECUTION_LOOP_POLICY_V1.json', 'governance/FAILURE_CLASSES_V1.json', 'governance/FIELD_USE_PROTOCOL_V1.json', 'governance/FROZEN_TEST_MANIFEST_V1.json', 'governance/GROUND_TRUTH_MANIFEST_V1.json', 'governance/IMPLEMENTATION_TARGETS_V1.json', 'governance/MARKET_SIMULATION_POLICY_V1.json', 'governance/MIGRATION_DRILL_SPEC_V1.json', 'governance/MONEY_AND_CORPORATE_ACTIONS_SPEC_V1.json', 'governance/NO_LIVE_SCOPE_POLICY_V1.json', 'governance/PRIVATE_DATA_POLICY_V1.json', 'governance/PROJECT_METHOD_POLICY_V1.json', 'governance/RESEARCH_SUFFICIENCY_V1.json', 'governance/RUFF_CI_CONFIG_V1.toml', 'governance/TRACEABILITY_V1.json', 'governance/USER_INTENT_V1.json', 'governance/USER_SOURCE_EXCERPTS_V1.json', 'governance/VERIFICATION_SPECS_V1.json', 'governance/WORK_PACKET_POLICY_V1.json', 'governance/requirements-ci.txt', 'research/SAME_TASK_METHOD_COMPARISON_PREREGISTRATION_R9_2026-07-25.json']\n", "stdout_sha256": "8afa7d59c292d1245facf69a337e66059080baad578bc1d55fa818703d0bfda1"}, "candidate_commit": "b747920c30e1801488bfdf394a8fff5df004b634", "candidate_tree": "c1e9427387cce6078b5c08a73657b43318282e1a", "completed_at": "2026-07-28T04:14:46.752646+00:00", "execution_fingerprint": "7c9316ae6ee4a46b44a5561ae5ef18ca232c1f539ed84237f317398bde9685f4", "expected_rejection_substring": "CASE-PIT-LATE-RETRIEVAL freeze-critical semantics differ", "mode": "canonical", "mutation_observation": null, "mutation_spec_sha256": "1baaf7fd5239f872de52d3f0c1d3df18c037512a5931ac9691f1003c2537fa7e", "probe_id": "ATTACK-PIT-ORACLE-INVERSION", "project_prefix": "workspace/project/", "result": "invalid_baseline", "runner_exit_code": 2, "runner_id": "ids-design-freeze-attack-runner-v1", "runner_sha256": "6f704c4dce4f4f44c9779b6c5ca63499aae37ba27e0863300ff74579429e3961", "schema_version": 2, "started_at": "2026-07-28T04:14:39.702556+00:00", "target": null}


======================================================================
FAIL: test_closure_rejects_chmod_smuggle (test_freeze_git_remote.FreezeGitRemoteCounterexampleTests.test_closure_rejects_chmod_smuggle)
----------------------------------------------------------------------
Traceback (most recent call last):
  File "/private/tmp/ids-fed7-audit.kowOr4/repo/MyBrain/projects/investment-discipline-system/governance_tests/test_freeze_git_remote.py", line 1514, in test_closure_rejects_chmod_smuggle
    reviewed = self.prepare_completed_freeze()
  File "/private/tmp/ids-fed7-audit.kowOr4/repo/MyBrain/projects/investment-discipline-system/governance_tests/test_freeze_git_remote.py", line 898, in prepare_completed_freeze
    receipt = self.run_attack(
        candidate_commit=reviewed_commit,
    ...<2 lines>...
        receipt_relative=receipt_relative,
    )
  File "/private/tmp/ids-fed7-audit.kowOr4/repo/MyBrain/projects/investment-discipline-system/governance_tests/test_freeze_git_remote.py", line 646, in run_attack
    self.assertEqual(completed.returncode, 0, completed.stdout)
    ~~~~~~~~~~~~~~~~^^^^^^^^^^^^^^^^^^^^^^^^^^^^^^^^^^^^^^^^^^^
AssertionError: 2 != 0 : {"baseline": {"argv": ["PYTHON", "scripts/verify_governance.py", "--allow-candidate"], "exit_code": 1, "stdout": "governance verification: FAIL\n- assurance metadata executable verification failed: ground-truth manifest: missing research primary artifact audits/PROJECT_METHOD_GAP_CLOSURE_REVIEW_R8_2026-07-25.md; ground-truth manifest: missing research primary artifact audits/PROJECT_GOVERNANCE_ADVERSARIAL_REVIEW_R10_2026-07-25.md\n- context recovery executable verification failed: {'message': \"STATUS.md is missing marker '## 当前裁决'\", 'oracle_id': 'CTX02-STATE-MARKER-MISSING'}; {'message': \"STATUS.md is missing marker '## 已有且仍然有效'\", 'oracle_id': 'CTX02-STATE-MARKER-MISSING'}; {'message': \"STATUS.md is missing marker '## 进行中'\", 'oracle_id': 'CTX02-STATE-MARKER-MISSING'}; {'message': \"STATUS.md is missing marker '## 当前下一步'\", 'oracle_id': 'CTX02-STATE-MARKER-MISSING'}; {'message': \"STATUS.md is missing marker '## 主要残余风险'\", 'oracle_id': 'CTX02-STATE-MARKER-MISSING'}; {'message': \"TASK_BOARD.md is missing marker '## 进行中'\", 'oracle_id': 'CTX02-STATE-MARKER-MISSING'}; {'message': \"TASK_BOARD.md is missing marker '## 已排队'\", 'oracle_id': 'CTX02-STATE-MARKER-MISSING'}; {'message': \"TASK_BOARD.md is missing marker '## 条件性任务'\", 'oracle_id': 'CTX02-STATE-MARKER-MISSING'}; {'message': \"TASK_BOARD.md is missing marker '## 已完成且证据仍有效'\", 'oracle_id': 'CTX02-STATE-MARKER-MISSING'}; {'message': \"TASK_BOARD.md is missing marker '## 工作规则'\", 'oracle_id': 'CTX02-STATE-MARKER-MISSING'}\n- work packets executable verification failed: DAG edge WP-CONTRACT-SUPERSESSION-CLOSURE-POLICY -> WP-METHOD-RUNTIME-FOUNDATION-S1: depends_on is not matched by activates; DAG edge WP-METHOD-RUNTIME-FOUNDATION-S1 -> WP-METHOD-INTEGRATION: activates is not matched by depends_on; goal METHOD-GOVERNANCE-CLOSURE: expected exactly one live root; found ['WP-CONTRACT-SUPERSESSION-CLOSURE-POLICY', 'WP-METHOD-INTEGRATION', 'WP-METHOD-RUNTIME-FOUNDATION-S1']; goal METHOD-GOVERNANCE-CLOSURE: expected exactly one live sink; found ['WP-CONTRACT-SUPERSESSION-CLOSURE-POLICY', 'WP-FREEZE-CLOSURE-PROTOCOL', 'WP-METHOD-RUNTIME-FOUNDATION-S1']; packet WP-CONTRACT-SUPERSESSION-CLOSURE-POLICY: activates packet 'WP-METHOD-RUNTIME-FOUNDATION' is superseded without an exact recovery alias; packet WP-METHOD-INTEGRATION: depends_on packet 'WP-METHOD-RUNTIME-FOUNDATION' is superseded without an exact recovery alias; packet WP-METHOD-RUNTIME-FOUNDATION: acceptance receipt is required before state superseded; packet WP-METHOD-RUNTIME-FOUNDATION: checkpoint receipt is required before state superseded; parallel packets WP-CONTRACT-SUPERSESSION-CLOSURE-POLICY and WP-FREEZE-CLOSURE-PROTOCOL: read/write conflict; WP-FREEZE-CLOSURE-PROTOCOL reads 'scripts/verify_contract_supersession.py' while WP-CONTRACT-SUPERSESSION-CLOSURE-POLICY writes 'scripts/verify_contract_supersession.py'; parallel packets WP-CONTRACT-SUPERSESSION-CLOSURE-POLICY and WP-METHOD-INTEGRATION: read/write conflict; WP-CONTRACT-SUPERSESSION-CLOSURE-POLICY reads 'governance/ACCEPTANCE_CONTRACT_V1.json' while WP-METHOD-INTEGRATION writes 'governance/ACCEPTANCE_CONTRACT_V1.json'; parallel packets WP-CONTRACT-SUPERSESSION-CLOSURE-POLICY and WP-METHOD-INTEGRATION: read/write conflict; WP-CONTRACT-SUPERSESSION-CLOSURE-POLICY reads 'governance/PROJECT_METHOD_POLICY_V1.json' while WP-METHOD-INTEGRATION writes 'governance/PROJECT_METHOD_POLICY_V1.json'; parallel packets WP-CONTRACT-SUPERSESSION-CLOSURE-POLICY and WP-METHOD-INTEGRATION: read/write conflict; WP-METHOD-INTEGRATION reads 'scripts/verify_contract_supersession.py' while WP-CONTRACT-SUPERSESSION-CLOSURE-POLICY writes 'scripts/verify_contract_supersession.py'; parallel packets WP-FREEZE-CLOSURE-PROTOCOL and WP-METHOD-RUNTIME-FOUNDATION-S1: read/write conflict; WP-FREEZE-CLOSURE-PROTOCOL reads 'scripts/verify_governance.py' while WP-METHOD-RUNTIME-FOUNDATION-S1 writes 'scripts/verify_governance.py'; parallel packets WP-METHOD-INTEGRATION and WP-METHOD-RUNTIME-FOUNDATION-S1: read/write conflict; WP-METHOD-INTEGRATION reads 'governance/PROJECT_STATE_VIEW_POLICY_V1.json' while WP-METHOD-RUNTIME-FOUNDATION-S1 writes 'governance/PROJECT_STATE_VIEW_POLICY_V1.json'; parallel packets WP-METHOD-INTEGRATION and WP-METHOD-RUNTIME-FOUNDATION-S1: read/write conflict; WP-METHOD-RUNTIME-FOUNDATION-S1 reads 'governance/AI_PROJECT_RESEARCH_REGISTER_V1.json' while WP-METHOD-INTEGRATION writes 'governance/AI_PROJECT_RESEARCH_REGISTER_V1.json'; parallel packets WP-METHOD-INTEGRATION and WP-METHOD-RUNTIME-FOUNDATION-S1: read/write conflict; WP-METHOD-RUNTIME-FOUNDATION-S1 reads 'governance/WORK_PACKET_POLICY_V2.json' while WP-METHOD-INTEGRATION writes 'governance/WORK_PACKET_POLICY_V2.json'; parallel packets WP-METHOD-INTEGRATION and WP-METHOD-RUNTIME-FOUNDATION-S1: read/write conflict; WP-METHOD-RUNTIME-FOUNDATION-S1 reads 'scripts/verify_work_packets.py' while WP-METHOD-INTEGRATION writes 'scripts/verify_work_packets.py'; unrecordable recovery: candidate snapshot could not be verified; unrecordable recovery: repository discovery: project prefix differs from the authorized scope\n- frozen tests executable verification failed: source sha256 mismatch for frozen-test file: governance_tests/test_governance_regression_runner.py; class AST sha256 mismatch for frozen-test class: governance_tests/test_governance_regression_runner.py::GovernanceRegressionRunnerTests\n- execution loop executable verification failed: V2 work-packet verification failed: DAG edge WP-CONTRACT-SUPERSESSION-CLOSURE-POLICY -> WP-METHOD-RUNTIME-FOUNDATION-S1: depends_on is not matched by activates; DAG edge WP-METHOD-RUNTIME-FOUNDATION-S1 -> WP-METHOD-INTEGRATION: activates is not matched by depends_on; goal METHOD-GOVERNANCE-CLOSURE: expected exactly one live root; found ['WP-CONTRACT-SUPERSESSION-CLOSURE-POLICY', 'WP-METHOD-INTEGRATION', 'WP-METHOD-RUNTIME-FOUNDATION-S1']; goal METHOD-GOVERNANCE-CLOSURE: expected exactly one live sink; found ['WP-CONTRACT-SUPERSESSION-CLOSURE-POLICY', 'WP-FREEZE-CLOSURE-PROTOCOL', 'WP-METHOD-RUNTIME-FOUNDATION-S1']; packet WP-CONTRACT-SUPERSESSION-CLOSURE-POLICY: activates packet 'WP-METHOD-RUNTIME-FOUNDATION' is superseded without an exact recovery alias; packet WP-METHOD-INTEGRATION: depends_on packet 'WP-METHOD-RUNTIME-FOUNDATION' is superseded without an exact recovery alias; packet WP-METHOD-RUNTIME-FOUNDATION: acceptance receipt is required before state superseded; packet WP-METHOD-RUNTIME-FOUNDATION: checkpoint receipt is required before state superseded; parallel packets WP-CONTRACT-SUPERSESSION-CLOSURE-POLICY and WP-FREEZE-CLOSURE-PROTOCOL: read/write conflict; WP-FREEZE-CLOSURE-PROTOCOL reads 'scripts/verify_contract_supersession.py' while WP-CONTRACT-SUPERSESSION-CLOSURE-POLICY writes 'scripts/verify_contract_supersession.py'; parallel packets WP-CONTRACT-SUPERSESSION-CLOSURE-POLICY and WP-METHOD-INTEGRATION: read/write conflict; WP-CONTRACT-SUPERSESSION-CLOSURE-POLICY reads 'governance/ACCEPTANCE_CONTRACT_V1.json' while WP-METHOD-INTEGRATION writes 'governance/ACCEPTANCE_CONTRACT_V1.json'; parallel packets WP-CONTRACT-SUPERSESSION-CLOSURE-POLICY and WP-METHOD-INTEGRATION: read/write conflict; WP-CONTRACT-SUPERSESSION-CLOSURE-POLICY reads 'governance/PROJECT_METHOD_POLICY_V1.json' while WP-METHOD-INTEGRATION writes 'governance/PROJECT_METHOD_POLICY_V1.json'; parallel packets WP-CONTRACT-SUPERSESSION-CLOSURE-POLICY and WP-METHOD-INTEGRATION: read/write conflict; WP-METHOD-INTEGRATION reads 'scripts/verify_contract_supersession.py' while WP-CONTRACT-SUPERSESSION-CLOSURE-POLICY writes 'scripts/verify_contract_supersession.py'; parallel packets WP-FREEZE-CLOSURE-PROTOCOL and WP-METHOD-RUNTIME-FOUNDATION-S1: read/write conflict; WP-FREEZE-CLOSURE-PROTOCOL reads 'scripts/verify_governance.py' while WP-METHOD-RUNTIME-FOUNDATION-S1 writes 'scripts/verify_governance.py'; parallel packets WP-METHOD-INTEGRATION and WP-METHOD-RUNTIME-FOUNDATION-S1: read/write conflict; WP-METHOD-INTEGRATION reads 'governance/PROJECT_STATE_VIEW_POLICY_V1.json' while WP-METHOD-RUNTIME-FOUNDATION-S1 writes 'governance/PROJECT_STATE_VIEW_POLICY_V1.json'; parallel packets WP-METHOD-INTEGRATION and WP-METHOD-RUNTIME-FOUNDATION-S1: read/write conflict; WP-METHOD-RUNTIME-FOUNDATION-S1 reads 'governance/AI_PROJECT_RESEARCH_REGISTER_V1.json' while WP-METHOD-INTEGRATION writes 'governance/AI_PROJECT_RESEARCH_REGISTER_V1.json'; parallel packets WP-METHOD-INTEGRATION and WP-METHOD-RUNTIME-FOUNDATION-S1: read/write conflict; WP-METHOD-RUNTIME-FOUNDATION-S1 reads 'governance/WORK_PACKET_POLICY_V2.json' while WP-METHOD-INTEGRATION writes 'governance/WORK_PACKET_POLICY_V2.json'; parallel packets WP-METHOD-INTEGRATION and WP-METHOD-RUNTIME-FOUNDATION-S1: read/write conflict; WP-METHOD-RUNTIME-FOUNDATION-S1 reads 'scripts/verify_work_packets.py' while WP-METHOD-INTEGRATION writes 'scripts/verify_work_packets.py'; unrecordable recovery: candidate snapshot could not be verified; unrecordable recovery: repository discovery: project prefix differs from the authorized scope; ledger WP-DEPENDENCY-BOUNDARY: latest controlled snapshot is stale; ledger WP-METHOD-INTEGRATION: latest controlled snapshot is stale; ledger WP-METHOD-RUNTIME-FOUNDATION-S1: latest controlled snapshot is stale\n- git rev-parse aa0a5966e114d6d7c87aa14fe2c27253f9f89f26^{tree} failed (128): fatal: ambiguous argument 'aa0a5966e114d6d7c87aa14fe2c27253f9f89f26^{tree}': unknown revision or path not in the working tree.\nUse '--' to separate paths from revisions, like this:\n'git <command> [<revision>...] -- [<file>...]'\n- normative frozen file boundary differs: expected=['PRODUCT_ASSURANCE_BLUEPRINT_V2.md', 'governance/ACCEPTANCE_CASES_V1.json', 'governance/ACCEPTANCE_CONTRACT_V1.json', 'governance/AI_PROJECT_RESEARCH_REGISTER_V1.json', 'governance/ASSURANCE_SUBJECTS_V1.json', 'governance/ASSURANCE_TRUST_MODEL_V1.json', 'governance/COMPONENT_REGISTRY_V1.json', 'governance/CONTEXT_RECOVERY_SPEC_V1.json', 'governance/DECISION_AUTHORITY_V1.json', 'governance/DEPENDENCY_BOUNDARY_V1.json', 'governance/EXECUTION_LOOP_POLICY_V1.json', 'governance/EXECUTION_LOOP_POLICY_V2.json', 'governance/FAILURE_CLASSES_V1.json', 'governance/FIELD_USE_PROTOCOL_V1.json', 'governance/FROZEN_TEST_MANIFEST_V1.json', 'governance/GROUND_TRUTH_MANIFEST_V1.json', 'governance/IMPLEMENTATION_TARGETS_V1.json', 'governance/MARKET_SIMULATION_POLICY_V1.json', 'governance/MIGRATION_DRILL_SPEC_V1.json', 'governance/MONEY_AND_CORPORATE_ACTIONS_SPEC_V1.json', 'governance/NO_LIVE_SCOPE_POLICY_V1.json', 'governance/PRIVATE_DATA_POLICY_V1.json', 'governance/PROJECT_METHOD_POLICY_V1.json', 'governance/RESEARCH_SUFFICIENCY_V1.json', 'governance/RUFF_CI_CONFIG_V1.toml', 'governance/TRACEABILITY_V1.json', 'governance/USER_INTENT_V1.json', 'governance/USER_SOURCE_EXCERPTS_V1.json', 'governance/VERIFICATION_SPECS_V1.json', 'governance/WORK_PACKET_POLICY_V1.json', 'governance/WORK_PACKET_POLICY_V2.json', 'governance/requirements-ci.txt', 'research/SAME_TASK_METHOD_COMPARISON_PREREGISTRATION_R9_2026-07-25.json'], actual=['PRODUCT_ASSURANCE_BLUEPRINT_V2.md', 'governance/ACCEPTANCE_CASES_V1.json', 'governance/ACCEPTANCE_CONTRACT_V1.json', 'governance/AI_PROJECT_RESEARCH_REGISTER_V1.json', 'governance/ASSURANCE_SUBJECTS_V1.json', 'governance/ASSURANCE_TRUST_MODEL_V1.json', 'governance/COMPONENT_REGISTRY_V1.json', 'governance/CONTEXT_RECOVERY_SPEC_V1.json', 'governance/DECISION_AUTHORITY_V1.json', 'governance/DEPENDENCY_BOUNDARY_V1.json', 'governance/EXECUTION_LOOP_POLICY_V1.json', 'governance/FAILURE_CLASSES_V1.json', 'governance/FIELD_USE_PROTOCOL_V1.json', 'governance/FROZEN_TEST_MANIFEST_V1.json', 'governance/GROUND_TRUTH_MANIFEST_V1.json', 'governance/IMPLEMENTATION_TARGETS_V1.json', 'governance/MARKET_SIMULATION_POLICY_V1.json', 'governance/MIGRATION_DRILL_SPEC_V1.json', 'governance/MONEY_AND_CORPORATE_ACTIONS_SPEC_V1.json', 'governance/NO_LIVE_SCOPE_POLICY_V1.json', 'governance/PRIVATE_DATA_POLICY_V1.json', 'governance/PROJECT_METHOD_POLICY_V1.json', 'governance/RESEARCH_SUFFICIENCY_V1.json', 'governance/RUFF_CI_CONFIG_V1.toml', 'governance/TRACEABILITY_V1.json', 'governance/USER_INTENT_V1.json', 'governance/USER_SOURCE_EXCERPTS_V1.json', 'governance/VERIFICATION_SPECS_V1.json', 'governance/WORK_PACKET_POLICY_V1.json', 'governance/requirements-ci.txt', 'research/SAME_TASK_METHOD_COMPARISON_PREREGISTRATION_R9_2026-07-25.json']\n", "stdout_sha256": "8afa7d59c292d1245facf69a337e66059080baad578bc1d55fa818703d0bfda1"}, "candidate_commit": "b3a6e488fd43bd2b2251eee4726d456b9f4db309", "candidate_tree": "97ade55e14aad468f56e38a2ec897a3082de25a7", "completed_at": "2026-07-28T04:15:01.715457+00:00", "execution_fingerprint": "d1a6046b4b96e7f1f410d9a2769105dc3adb9e5098e3d9e3e570d4b5e9db9b8a", "expected_rejection_substring": "CASE-PIT-LATE-RETRIEVAL freeze-critical semantics differ", "mode": "canonical", "mutation_observation": null, "mutation_spec_sha256": "1baaf7fd5239f872de52d3f0c1d3df18c037512a5931ac9691f1003c2537fa7e", "probe_id": "ATTACK-PIT-ORACLE-INVERSION", "project_prefix": "workspace/project/", "result": "invalid_baseline", "runner_exit_code": 2, "runner_id": "ids-design-freeze-attack-runner-v1", "runner_sha256": "6f704c4dce4f4f44c9779b6c5ca63499aae37ba27e0863300ff74579429e3961", "schema_version": 2, "started_at": "2026-07-28T04:14:57.239431+00:00", "target": null}


======================================================================
FAIL: test_closure_rejects_rename_smuggle (test_freeze_git_remote.FreezeGitRemoteCounterexampleTests.test_closure_rejects_rename_smuggle)
----------------------------------------------------------------------
Traceback (most recent call last):
  File "/private/tmp/ids-fed7-audit.kowOr4/repo/MyBrain/projects/investment-discipline-system/governance_tests/test_freeze_git_remote.py", line 1546, in test_closure_rejects_rename_smuggle
    reviewed = self.prepare_completed_freeze()
  File "/private/tmp/ids-fed7-audit.kowOr4/repo/MyBrain/projects/investment-discipline-system/governance_tests/test_freeze_git_remote.py", line 898, in prepare_completed_freeze
    receipt = self.run_attack(
        candidate_commit=reviewed_commit,
    ...<2 lines>...
        receipt_relative=receipt_relative,
    )
  File "/private/tmp/ids-fed7-audit.kowOr4/repo/MyBrain/projects/investment-discipline-system/governance_tests/test_freeze_git_remote.py", line 646, in run_attack
    self.assertEqual(completed.returncode, 0, completed.stdout)
    ~~~~~~~~~~~~~~~~^^^^^^^^^^^^^^^^^^^^^^^^^^^^^^^^^^^^^^^^^^^
AssertionError: 2 != 0 : {"baseline": {"argv": ["PYTHON", "scripts/verify_governance.py", "--allow-candidate"], "exit_code": 1, "stdout": "governance verification: FAIL\n- assurance metadata executable verification failed: ground-truth manifest: missing research primary artifact audits/PROJECT_METHOD_GAP_CLOSURE_REVIEW_R8_2026-07-25.md; ground-truth manifest: missing research primary artifact audits/PROJECT_GOVERNANCE_ADVERSARIAL_REVIEW_R10_2026-07-25.md\n- context recovery executable verification failed: {'message': \"STATUS.md is missing marker '## 当前裁决'\", 'oracle_id': 'CTX02-STATE-MARKER-MISSING'}; {'message': \"STATUS.md is missing marker '## 已有且仍然有效'\", 'oracle_id': 'CTX02-STATE-MARKER-MISSING'}; {'message': \"STATUS.md is missing marker '## 进行中'\", 'oracle_id': 'CTX02-STATE-MARKER-MISSING'}; {'message': \"STATUS.md is missing marker '## 当前下一步'\", 'oracle_id': 'CTX02-STATE-MARKER-MISSING'}; {'message': \"STATUS.md is missing marker '## 主要残余风险'\", 'oracle_id': 'CTX02-STATE-MARKER-MISSING'}; {'message': \"TASK_BOARD.md is missing marker '## 进行中'\", 'oracle_id': 'CTX02-STATE-MARKER-MISSING'}; {'message': \"TASK_BOARD.md is missing marker '## 已排队'\", 'oracle_id': 'CTX02-STATE-MARKER-MISSING'}; {'message': \"TASK_BOARD.md is missing marker '## 条件性任务'\", 'oracle_id': 'CTX02-STATE-MARKER-MISSING'}; {'message': \"TASK_BOARD.md is missing marker '## 已完成且证据仍有效'\", 'oracle_id': 'CTX02-STATE-MARKER-MISSING'}; {'message': \"TASK_BOARD.md is missing marker '## 工作规则'\", 'oracle_id': 'CTX02-STATE-MARKER-MISSING'}\n- work packets executable verification failed: DAG edge WP-CONTRACT-SUPERSESSION-CLOSURE-POLICY -> WP-METHOD-RUNTIME-FOUNDATION-S1: depends_on is not matched by activates; DAG edge WP-METHOD-RUNTIME-FOUNDATION-S1 -> WP-METHOD-INTEGRATION: activates is not matched by depends_on; goal METHOD-GOVERNANCE-CLOSURE: expected exactly one live root; found ['WP-CONTRACT-SUPERSESSION-CLOSURE-POLICY', 'WP-METHOD-INTEGRATION', 'WP-METHOD-RUNTIME-FOUNDATION-S1']; goal METHOD-GOVERNANCE-CLOSURE: expected exactly one live sink; found ['WP-CONTRACT-SUPERSESSION-CLOSURE-POLICY', 'WP-FREEZE-CLOSURE-PROTOCOL', 'WP-METHOD-RUNTIME-FOUNDATION-S1']; packet WP-CONTRACT-SUPERSESSION-CLOSURE-POLICY: activates packet 'WP-METHOD-RUNTIME-FOUNDATION' is superseded without an exact recovery alias; packet WP-METHOD-INTEGRATION: depends_on packet 'WP-METHOD-RUNTIME-FOUNDATION' is superseded without an exact recovery alias; packet WP-METHOD-RUNTIME-FOUNDATION: acceptance receipt is required before state superseded; packet WP-METHOD-RUNTIME-FOUNDATION: checkpoint receipt is required before state superseded; parallel packets WP-CONTRACT-SUPERSESSION-CLOSURE-POLICY and WP-FREEZE-CLOSURE-PROTOCOL: read/write conflict; WP-FREEZE-CLOSURE-PROTOCOL reads 'scripts/verify_contract_supersession.py' while WP-CONTRACT-SUPERSESSION-CLOSURE-POLICY writes 'scripts/verify_contract_supersession.py'; parallel packets WP-CONTRACT-SUPERSESSION-CLOSURE-POLICY and WP-METHOD-INTEGRATION: read/write conflict; WP-CONTRACT-SUPERSESSION-CLOSURE-POLICY reads 'governance/ACCEPTANCE_CONTRACT_V1.json' while WP-METHOD-INTEGRATION writes 'governance/ACCEPTANCE_CONTRACT_V1.json'; parallel packets WP-CONTRACT-SUPERSESSION-CLOSURE-POLICY and WP-METHOD-INTEGRATION: read/write conflict; WP-CONTRACT-SUPERSESSION-CLOSURE-POLICY reads 'governance/PROJECT_METHOD_POLICY_V1.json' while WP-METHOD-INTEGRATION writes 'governance/PROJECT_METHOD_POLICY_V1.json'; parallel packets WP-CONTRACT-SUPERSESSION-CLOSURE-POLICY and WP-METHOD-INTEGRATION: read/write conflict; WP-METHOD-INTEGRATION reads 'scripts/verify_contract_supersession.py' while WP-CONTRACT-SUPERSESSION-CLOSURE-POLICY writes 'scripts/verify_contract_supersession.py'; parallel packets WP-FREEZE-CLOSURE-PROTOCOL and WP-METHOD-RUNTIME-FOUNDATION-S1: read/write conflict; WP-FREEZE-CLOSURE-PROTOCOL reads 'scripts/verify_governance.py' while WP-METHOD-RUNTIME-FOUNDATION-S1 writes 'scripts/verify_governance.py'; parallel packets WP-METHOD-INTEGRATION and WP-METHOD-RUNTIME-FOUNDATION-S1: read/write conflict; WP-METHOD-INTEGRATION reads 'governance/PROJECT_STATE_VIEW_POLICY_V1.json' while WP-METHOD-RUNTIME-FOUNDATION-S1 writes 'governance/PROJECT_STATE_VIEW_POLICY_V1.json'; parallel packets WP-METHOD-INTEGRATION and WP-METHOD-RUNTIME-FOUNDATION-S1: read/write conflict; WP-METHOD-RUNTIME-FOUNDATION-S1 reads 'governance/AI_PROJECT_RESEARCH_REGISTER_V1.json' while WP-METHOD-INTEGRATION writes 'governance/AI_PROJECT_RESEARCH_REGISTER_V1.json'; parallel packets WP-METHOD-INTEGRATION and WP-METHOD-RUNTIME-FOUNDATION-S1: read/write conflict; WP-METHOD-RUNTIME-FOUNDATION-S1 reads 'governance/WORK_PACKET_POLICY_V2.json' while WP-METHOD-INTEGRATION writes 'governance/WORK_PACKET_POLICY_V2.json'; parallel packets WP-METHOD-INTEGRATION and WP-METHOD-RUNTIME-FOUNDATION-S1: read/write conflict; WP-METHOD-RUNTIME-FOUNDATION-S1 reads 'scripts/verify_work_packets.py' while WP-METHOD-INTEGRATION writes 'scripts/verify_work_packets.py'; unrecordable recovery: candidate snapshot could not be verified; unrecordable recovery: repository discovery: project prefix differs from the authorized scope\n- frozen tests executable verification failed: source sha256 mismatch for frozen-test file: governance_tests/test_governance_regression_runner.py; class AST sha256 mismatch for frozen-test class: governance_tests/test_governance_regression_runner.py::GovernanceRegressionRunnerTests\n- execution loop executable verification failed: V2 work-packet verification failed: DAG edge WP-CONTRACT-SUPERSESSION-CLOSURE-POLICY -> WP-METHOD-RUNTIME-FOUNDATION-S1: depends_on is not matched by activates; DAG edge WP-METHOD-RUNTIME-FOUNDATION-S1 -> WP-METHOD-INTEGRATION: activates is not matched by depends_on; goal METHOD-GOVERNANCE-CLOSURE: expected exactly one live root; found ['WP-CONTRACT-SUPERSESSION-CLOSURE-POLICY', 'WP-METHOD-INTEGRATION', 'WP-METHOD-RUNTIME-FOUNDATION-S1']; goal METHOD-GOVERNANCE-CLOSURE: expected exactly one live sink; found ['WP-CONTRACT-SUPERSESSION-CLOSURE-POLICY', 'WP-FREEZE-CLOSURE-PROTOCOL', 'WP-METHOD-RUNTIME-FOUNDATION-S1']; packet WP-CONTRACT-SUPERSESSION-CLOSURE-POLICY: activates packet 'WP-METHOD-RUNTIME-FOUNDATION' is superseded without an exact recovery alias; packet WP-METHOD-INTEGRATION: depends_on packet 'WP-METHOD-RUNTIME-FOUNDATION' is superseded without an exact recovery alias; packet WP-METHOD-RUNTIME-FOUNDATION: acceptance receipt is required before state superseded; packet WP-METHOD-RUNTIME-FOUNDATION: checkpoint receipt is required before state superseded; parallel packets WP-CONTRACT-SUPERSESSION-CLOSURE-POLICY and WP-FREEZE-CLOSURE-PROTOCOL: read/write conflict; WP-FREEZE-CLOSURE-PROTOCOL reads 'scripts/verify_contract_supersession.py' while WP-CONTRACT-SUPERSESSION-CLOSURE-POLICY writes 'scripts/verify_contract_supersession.py'; parallel packets WP-CONTRACT-SUPERSESSION-CLOSURE-POLICY and WP-METHOD-INTEGRATION: read/write conflict; WP-CONTRACT-SUPERSESSION-CLOSURE-POLICY reads 'governance/ACCEPTANCE_CONTRACT_V1.json' while WP-METHOD-INTEGRATION writes 'governance/ACCEPTANCE_CONTRACT_V1.json'; parallel packets WP-CONTRACT-SUPERSESSION-CLOSURE-POLICY and WP-METHOD-INTEGRATION: read/write conflict; WP-CONTRACT-SUPERSESSION-CLOSURE-POLICY reads 'governance/PROJECT_METHOD_POLICY_V1.json' while WP-METHOD-INTEGRATION writes 'governance/PROJECT_METHOD_POLICY_V1.json'; parallel packets WP-CONTRACT-SUPERSESSION-CLOSURE-POLICY and WP-METHOD-INTEGRATION: read/write conflict; WP-METHOD-INTEGRATION reads 'scripts/verify_contract_supersession.py' while WP-CONTRACT-SUPERSESSION-CLOSURE-POLICY writes 'scripts/verify_contract_supersession.py'; parallel packets WP-FREEZE-CLOSURE-PROTOCOL and WP-METHOD-RUNTIME-FOUNDATION-S1: read/write conflict; WP-FREEZE-CLOSURE-PROTOCOL reads 'scripts/verify_governance.py' while WP-METHOD-RUNTIME-FOUNDATION-S1 writes 'scripts/verify_governance.py'; parallel packets WP-METHOD-INTEGRATION and WP-METHOD-RUNTIME-FOUNDATION-S1: read/write conflict; WP-METHOD-INTEGRATION reads 'governance/PROJECT_STATE_VIEW_POLICY_V1.json' while WP-METHOD-RUNTIME-FOUNDATION-S1 writes 'governance/PROJECT_STATE_VIEW_POLICY_V1.json'; parallel packets WP-METHOD-INTEGRATION and WP-METHOD-RUNTIME-FOUNDATION-S1: read/write conflict; WP-METHOD-RUNTIME-FOUNDATION-S1 reads 'governance/AI_PROJECT_RESEARCH_REGISTER_V1.json' while WP-METHOD-INTEGRATION writes 'governance/AI_PROJECT_RESEARCH_REGISTER_V1.json'; parallel packets WP-METHOD-INTEGRATION and WP-METHOD-RUNTIME-FOUNDATION-S1: read/write conflict; WP-METHOD-RUNTIME-FOUNDATION-S1 reads 'governance/WORK_PACKET_POLICY_V2.json' while WP-METHOD-INTEGRATION writes 'governance/WORK_PACKET_POLICY_V2.json'; parallel packets WP-METHOD-INTEGRATION and WP-METHOD-RUNTIME-FOUNDATION-S1: read/write conflict; WP-METHOD-RUNTIME-FOUNDATION-S1 reads 'scripts/verify_work_packets.py' while WP-METHOD-INTEGRATION writes 'scripts/verify_work_packets.py'; unrecordable recovery: candidate snapshot could not be verified; unrecordable recovery: repository discovery: project prefix differs from the authorized scope; ledger WP-DEPENDENCY-BOUNDARY: latest controlled snapshot is stale; ledger WP-METHOD-INTEGRATION: latest controlled snapshot is stale; ledger WP-METHOD-RUNTIME-FOUNDATION-S1: latest controlled snapshot is stale\n- git rev-parse aa0a5966e114d6d7c87aa14fe2c27253f9f89f26^{tree} failed (128): fatal: ambiguous argument 'aa0a5966e114d6d7c87aa14fe2c27253f9f89f26^{tree}': unknown revision or path not in the working tree.\nUse '--' to separate paths from revisions, like this:\n'git <command> [<revision>...] -- [<file>...]'\n- normative frozen file boundary differs: expected=['PRODUCT_ASSURANCE_BLUEPRINT_V2.md', 'governance/ACCEPTANCE_CASES_V1.json', 'governance/ACCEPTANCE_CONTRACT_V1.json', 'governance/AI_PROJECT_RESEARCH_REGISTER_V1.json', 'governance/ASSURANCE_SUBJECTS_V1.json', 'governance/ASSURANCE_TRUST_MODEL_V1.json', 'governance/COMPONENT_REGISTRY_V1.json', 'governance/CONTEXT_RECOVERY_SPEC_V1.json', 'governance/DECISION_AUTHORITY_V1.json', 'governance/DEPENDENCY_BOUNDARY_V1.json', 'governance/EXECUTION_LOOP_POLICY_V1.json', 'governance/EXECUTION_LOOP_POLICY_V2.json', 'governance/FAILURE_CLASSES_V1.json', 'governance/FIELD_USE_PROTOCOL_V1.json', 'governance/FROZEN_TEST_MANIFEST_V1.json', 'governance/GROUND_TRUTH_MANIFEST_V1.json', 'governance/IMPLEMENTATION_TARGETS_V1.json', 'governance/MARKET_SIMULATION_POLICY_V1.json', 'governance/MIGRATION_DRILL_SPEC_V1.json', 'governance/MONEY_AND_CORPORATE_ACTIONS_SPEC_V1.json', 'governance/NO_LIVE_SCOPE_POLICY_V1.json', 'governance/PRIVATE_DATA_POLICY_V1.json', 'governance/PROJECT_METHOD_POLICY_V1.json', 'governance/RESEARCH_SUFFICIENCY_V1.json', 'governance/RUFF_CI_CONFIG_V1.toml', 'governance/TRACEABILITY_V1.json', 'governance/USER_INTENT_V1.json', 'governance/USER_SOURCE_EXCERPTS_V1.json', 'governance/VERIFICATION_SPECS_V1.json', 'governance/WORK_PACKET_POLICY_V1.json', 'governance/WORK_PACKET_POLICY_V2.json', 'governance/requirements-ci.txt', 'research/SAME_TASK_METHOD_COMPARISON_PREREGISTRATION_R9_2026-07-25.json'], actual=['PRODUCT_ASSURANCE_BLUEPRINT_V2.md', 'governance/ACCEPTANCE_CASES_V1.json', 'governance/ACCEPTANCE_CONTRACT_V1.json', 'governance/AI_PROJECT_RESEARCH_REGISTER_V1.json', 'governance/ASSURANCE_SUBJECTS_V1.json', 'governance/ASSURANCE_TRUST_MODEL_V1.json', 'governance/COMPONENT_REGISTRY_V1.json', 'governance/CONTEXT_RECOVERY_SPEC_V1.json', 'governance/DECISION_AUTHORITY_V1.json', 'governance/DEPENDENCY_BOUNDARY_V1.json', 'governance/EXECUTION_LOOP_POLICY_V1.json', 'governance/FAILURE_CLASSES_V1.json', 'governance/FIELD_USE_PROTOCOL_V1.json', 'governance/FROZEN_TEST_MANIFEST_V1.json', 'governance/GROUND_TRUTH_MANIFEST_V1.json', 'governance/IMPLEMENTATION_TARGETS_V1.json', 'governance/MARKET_SIMULATION_POLICY_V1.json', 'governance/MIGRATION_DRILL_SPEC_V1.json', 'governance/MONEY_AND_CORPORATE_ACTIONS_SPEC_V1.json', 'governance/NO_LIVE_SCOPE_POLICY_V1.json', 'governance/PRIVATE_DATA_POLICY_V1.json', 'governance/PROJECT_METHOD_POLICY_V1.json', 'governance/RESEARCH_SUFFICIENCY_V1.json', 'governance/RUFF_CI_CONFIG_V1.toml', 'governance/TRACEABILITY_V1.json', 'governance/USER_INTENT_V1.json', 'governance/USER_SOURCE_EXCERPTS_V1.json', 'governance/VERIFICATION_SPECS_V1.json', 'governance/WORK_PACKET_POLICY_V1.json', 'governance/requirements-ci.txt', 'research/SAME_TASK_METHOD_COMPARISON_PREREGISTRATION_R9_2026-07-25.json']\n", "stdout_sha256": "8afa7d59c292d1245facf69a337e66059080baad578bc1d55fa818703d0bfda1"}, "candidate_commit": "8840d596c30e8a422b8b403c668e96b71ede6fc5", "candidate_tree": "ce2ae4411d38ca3bd599f5c13687650024f111d9", "completed_at": "2026-07-28T04:15:16.460596+00:00", "execution_fingerprint": "51add43977117f40d4ca034eb9b222047c62fd7ad74449a3b29f7bdc9361bfe3", "expected_rejection_substring": "CASE-PIT-LATE-RETRIEVAL freeze-critical semantics differ", "mode": "canonical", "mutation_observation": null, "mutation_spec_sha256": "1baaf7fd5239f872de52d3f0c1d3df18c037512a5931ac9691f1003c2537fa7e", "probe_id": "ATTACK-PIT-ORACLE-INVERSION", "project_prefix": "workspace/project/", "result": "invalid_baseline", "runner_exit_code": 2, "runner_id": "ids-design-freeze-attack-runner-v1", "runner_sha256": "6f704c4dce4f4f44c9779b6c5ca63499aae37ba27e0863300ff74579429e3961", "schema_version": 2, "started_at": "2026-07-28T04:15:11.850320+00:00", "target": null}


======================================================================
FAIL: test_closure_rejects_smuggled_money_semantics_change (test_freeze_git_remote.FreezeGitRemoteCounterexampleTests.test_closure_rejects_smuggled_money_semantics_change)
----------------------------------------------------------------------
Traceback (most recent call last):
  File "/private/tmp/ids-fed7-audit.kowOr4/repo/MyBrain/projects/investment-discipline-system/governance_tests/test_freeze_git_remote.py", line 1491, in test_closure_rejects_smuggled_money_semantics_change
    reviewed = self.prepare_completed_freeze()
  File "/private/tmp/ids-fed7-audit.kowOr4/repo/MyBrain/projects/investment-discipline-system/governance_tests/test_freeze_git_remote.py", line 898, in prepare_completed_freeze
    receipt = self.run_attack(
        candidate_commit=reviewed_commit,
    ...<2 lines>...
        receipt_relative=receipt_relative,
    )
  File "/private/tmp/ids-fed7-audit.kowOr4/repo/MyBrain/projects/investment-discipline-system/governance_tests/test_freeze_git_remote.py", line 646, in run_attack
    self.assertEqual(completed.returncode, 0, completed.stdout)
    ~~~~~~~~~~~~~~~~^^^^^^^^^^^^^^^^^^^^^^^^^^^^^^^^^^^^^^^^^^^
AssertionError: 2 != 0 : {"baseline": {"argv": ["PYTHON", "scripts/verify_governance.py", "--allow-candidate"], "exit_code": 1, "stdout": "governance verification: FAIL\n- assurance metadata executable verification failed: ground-truth manifest: missing research primary artifact audits/PROJECT_METHOD_GAP_CLOSURE_REVIEW_R8_2026-07-25.md; ground-truth manifest: missing research primary artifact audits/PROJECT_GOVERNANCE_ADVERSARIAL_REVIEW_R10_2026-07-25.md\n- context recovery executable verification failed: {'message': \"STATUS.md is missing marker '## 当前裁决'\", 'oracle_id': 'CTX02-STATE-MARKER-MISSING'}; {'message': \"STATUS.md is missing marker '## 已有且仍然有效'\", 'oracle_id': 'CTX02-STATE-MARKER-MISSING'}; {'message': \"STATUS.md is missing marker '## 进行中'\", 'oracle_id': 'CTX02-STATE-MARKER-MISSING'}; {'message': \"STATUS.md is missing marker '## 当前下一步'\", 'oracle_id': 'CTX02-STATE-MARKER-MISSING'}; {'message': \"STATUS.md is missing marker '## 主要残余风险'\", 'oracle_id': 'CTX02-STATE-MARKER-MISSING'}; {'message': \"TASK_BOARD.md is missing marker '## 进行中'\", 'oracle_id': 'CTX02-STATE-MARKER-MISSING'}; {'message': \"TASK_BOARD.md is missing marker '## 已排队'\", 'oracle_id': 'CTX02-STATE-MARKER-MISSING'}; {'message': \"TASK_BOARD.md is missing marker '## 条件性任务'\", 'oracle_id': 'CTX02-STATE-MARKER-MISSING'}; {'message': \"TASK_BOARD.md is missing marker '## 已完成且证据仍有效'\", 'oracle_id': 'CTX02-STATE-MARKER-MISSING'}; {'message': \"TASK_BOARD.md is missing marker '## 工作规则'\", 'oracle_id': 'CTX02-STATE-MARKER-MISSING'}\n- work packets executable verification failed: DAG edge WP-CONTRACT-SUPERSESSION-CLOSURE-POLICY -> WP-METHOD-RUNTIME-FOUNDATION-S1: depends_on is not matched by activates; DAG edge WP-METHOD-RUNTIME-FOUNDATION-S1 -> WP-METHOD-INTEGRATION: activates is not matched by depends_on; goal METHOD-GOVERNANCE-CLOSURE: expected exactly one live root; found ['WP-CONTRACT-SUPERSESSION-CLOSURE-POLICY', 'WP-METHOD-INTEGRATION', 'WP-METHOD-RUNTIME-FOUNDATION-S1']; goal METHOD-GOVERNANCE-CLOSURE: expected exactly one live sink; found ['WP-CONTRACT-SUPERSESSION-CLOSURE-POLICY', 'WP-FREEZE-CLOSURE-PROTOCOL', 'WP-METHOD-RUNTIME-FOUNDATION-S1']; packet WP-CONTRACT-SUPERSESSION-CLOSURE-POLICY: activates packet 'WP-METHOD-RUNTIME-FOUNDATION' is superseded without an exact recovery alias; packet WP-METHOD-INTEGRATION: depends_on packet 'WP-METHOD-RUNTIME-FOUNDATION' is superseded without an exact recovery alias; packet WP-METHOD-RUNTIME-FOUNDATION: acceptance receipt is required before state superseded; packet WP-METHOD-RUNTIME-FOUNDATION: checkpoint receipt is required before state superseded; parallel packets WP-CONTRACT-SUPERSESSION-CLOSURE-POLICY and WP-FREEZE-CLOSURE-PROTOCOL: read/write conflict; WP-FREEZE-CLOSURE-PROTOCOL reads 'scripts/verify_contract_supersession.py' while WP-CONTRACT-SUPERSESSION-CLOSURE-POLICY writes 'scripts/verify_contract_supersession.py'; parallel packets WP-CONTRACT-SUPERSESSION-CLOSURE-POLICY and WP-METHOD-INTEGRATION: read/write conflict; WP-CONTRACT-SUPERSESSION-CLOSURE-POLICY reads 'governance/ACCEPTANCE_CONTRACT_V1.json' while WP-METHOD-INTEGRATION writes 'governance/ACCEPTANCE_CONTRACT_V1.json'; parallel packets WP-CONTRACT-SUPERSESSION-CLOSURE-POLICY and WP-METHOD-INTEGRATION: read/write conflict; WP-CONTRACT-SUPERSESSION-CLOSURE-POLICY reads 'governance/PROJECT_METHOD_POLICY_V1.json' while WP-METHOD-INTEGRATION writes 'governance/PROJECT_METHOD_POLICY_V1.json'; parallel packets WP-CONTRACT-SUPERSESSION-CLOSURE-POLICY and WP-METHOD-INTEGRATION: read/write conflict; WP-METHOD-INTEGRATION reads 'scripts/verify_contract_supersession.py' while WP-CONTRACT-SUPERSESSION-CLOSURE-POLICY writes 'scripts/verify_contract_supersession.py'; parallel packets WP-FREEZE-CLOSURE-PROTOCOL and WP-METHOD-RUNTIME-FOUNDATION-S1: read/write conflict; WP-FREEZE-CLOSURE-PROTOCOL reads 'scripts/verify_governance.py' while WP-METHOD-RUNTIME-FOUNDATION-S1 writes 'scripts/verify_governance.py'; parallel packets WP-METHOD-INTEGRATION and WP-METHOD-RUNTIME-FOUNDATION-S1: read/write conflict; WP-METHOD-INTEGRATION reads 'governance/PROJECT_STATE_VIEW_POLICY_V1.json' while WP-METHOD-RUNTIME-FOUNDATION-S1 writes 'governance/PROJECT_STATE_VIEW_POLICY_V1.json'; parallel packets WP-METHOD-INTEGRATION and WP-METHOD-RUNTIME-FOUNDATION-S1: read/write conflict; WP-METHOD-RUNTIME-FOUNDATION-S1 reads 'governance/AI_PROJECT_RESEARCH_REGISTER_V1.json' while WP-METHOD-INTEGRATION writes 'governance/AI_PROJECT_RESEARCH_REGISTER_V1.json'; parallel packets WP-METHOD-INTEGRATION and WP-METHOD-RUNTIME-FOUNDATION-S1: read/write conflict; WP-METHOD-RUNTIME-FOUNDATION-S1 reads 'governance/WORK_PACKET_POLICY_V2.json' while WP-METHOD-INTEGRATION writes 'governance/WORK_PACKET_POLICY_V2.json'; parallel packets WP-METHOD-INTEGRATION and WP-METHOD-RUNTIME-FOUNDATION-S1: read/write conflict; WP-METHOD-RUNTIME-FOUNDATION-S1 reads 'scripts/verify_work_packets.py' while WP-METHOD-INTEGRATION writes 'scripts/verify_work_packets.py'; unrecordable recovery: candidate snapshot could not be verified; unrecordable recovery: repository discovery: project prefix differs from the authorized scope\n- frozen tests executable verification failed: source sha256 mismatch for frozen-test file: governance_tests/test_governance_regression_runner.py; class AST sha256 mismatch for frozen-test class: governance_tests/test_governance_regression_runner.py::GovernanceRegressionRunnerTests\n- execution loop executable verification failed: V2 work-packet verification failed: DAG edge WP-CONTRACT-SUPERSESSION-CLOSURE-POLICY -> WP-METHOD-RUNTIME-FOUNDATION-S1: depends_on is not matched by activates; DAG edge WP-METHOD-RUNTIME-FOUNDATION-S1 -> WP-METHOD-INTEGRATION: activates is not matched by depends_on; goal METHOD-GOVERNANCE-CLOSURE: expected exactly one live root; found ['WP-CONTRACT-SUPERSESSION-CLOSURE-POLICY', 'WP-METHOD-INTEGRATION', 'WP-METHOD-RUNTIME-FOUNDATION-S1']; goal METHOD-GOVERNANCE-CLOSURE: expected exactly one live sink; found ['WP-CONTRACT-SUPERSESSION-CLOSURE-POLICY', 'WP-FREEZE-CLOSURE-PROTOCOL', 'WP-METHOD-RUNTIME-FOUNDATION-S1']; packet WP-CONTRACT-SUPERSESSION-CLOSURE-POLICY: activates packet 'WP-METHOD-RUNTIME-FOUNDATION' is superseded without an exact recovery alias; packet WP-METHOD-INTEGRATION: depends_on packet 'WP-METHOD-RUNTIME-FOUNDATION' is superseded without an exact recovery alias; packet WP-METHOD-RUNTIME-FOUNDATION: acceptance receipt is required before state superseded; packet WP-METHOD-RUNTIME-FOUNDATION: checkpoint receipt is required before state superseded; parallel packets WP-CONTRACT-SUPERSESSION-CLOSURE-POLICY and WP-FREEZE-CLOSURE-PROTOCOL: read/write conflict; WP-FREEZE-CLOSURE-PROTOCOL reads 'scripts/verify_contract_supersession.py' while WP-CONTRACT-SUPERSESSION-CLOSURE-POLICY writes 'scripts/verify_contract_supersession.py'; parallel packets WP-CONTRACT-SUPERSESSION-CLOSURE-POLICY and WP-METHOD-INTEGRATION: read/write conflict; WP-CONTRACT-SUPERSESSION-CLOSURE-POLICY reads 'governance/ACCEPTANCE_CONTRACT_V1.json' while WP-METHOD-INTEGRATION writes 'governance/ACCEPTANCE_CONTRACT_V1.json'; parallel packets WP-CONTRACT-SUPERSESSION-CLOSURE-POLICY and WP-METHOD-INTEGRATION: read/write conflict; WP-CONTRACT-SUPERSESSION-CLOSURE-POLICY reads 'governance/PROJECT_METHOD_POLICY_V1.json' while WP-METHOD-INTEGRATION writes 'governance/PROJECT_METHOD_POLICY_V1.json'; parallel packets WP-CONTRACT-SUPERSESSION-CLOSURE-POLICY and WP-METHOD-INTEGRATION: read/write conflict; WP-METHOD-INTEGRATION reads 'scripts/verify_contract_supersession.py' while WP-CONTRACT-SUPERSESSION-CLOSURE-POLICY writes 'scripts/verify_contract_supersession.py'; parallel packets WP-FREEZE-CLOSURE-PROTOCOL and WP-METHOD-RUNTIME-FOUNDATION-S1: read/write conflict; WP-FREEZE-CLOSURE-PROTOCOL reads 'scripts/verify_governance.py' while WP-METHOD-RUNTIME-FOUNDATION-S1 writes 'scripts/verify_governance.py'; parallel packets WP-METHOD-INTEGRATION and WP-METHOD-RUNTIME-FOUNDATION-S1: read/write conflict; WP-METHOD-INTEGRATION reads 'governance/PROJECT_STATE_VIEW_POLICY_V1.json' while WP-METHOD-RUNTIME-FOUNDATION-S1 writes 'governance/PROJECT_STATE_VIEW_POLICY_V1.json'; parallel packets WP-METHOD-INTEGRATION and WP-METHOD-RUNTIME-FOUNDATION-S1: read/write conflict; WP-METHOD-RUNTIME-FOUNDATION-S1 reads 'governance/AI_PROJECT_RESEARCH_REGISTER_V1.json' while WP-METHOD-INTEGRATION writes 'governance/AI_PROJECT_RESEARCH_REGISTER_V1.json'; parallel packets WP-METHOD-INTEGRATION and WP-METHOD-RUNTIME-FOUNDATION-S1: read/write conflict; WP-METHOD-RUNTIME-FOUNDATION-S1 reads 'governance/WORK_PACKET_POLICY_V2.json' while WP-METHOD-INTEGRATION writes 'governance/WORK_PACKET_POLICY_V2.json'; parallel packets WP-METHOD-INTEGRATION and WP-METHOD-RUNTIME-FOUNDATION-S1: read/write conflict; WP-METHOD-RUNTIME-FOUNDATION-S1 reads 'scripts/verify_work_packets.py' while WP-METHOD-INTEGRATION writes 'scripts/verify_work_packets.py'; unrecordable recovery: candidate snapshot could not be verified; unrecordable recovery: repository discovery: project prefix differs from the authorized scope; ledger WP-DEPENDENCY-BOUNDARY: latest controlled snapshot is stale; ledger WP-METHOD-INTEGRATION: latest controlled snapshot is stale; ledger WP-METHOD-RUNTIME-FOUNDATION-S1: latest controlled snapshot is stale\n- git rev-parse aa0a5966e114d6d7c87aa14fe2c27253f9f89f26^{tree} failed (128): fatal: ambiguous argument 'aa0a5966e114d6d7c87aa14fe2c27253f9f89f26^{tree}': unknown revision or path not in the working tree.\nUse '--' to separate paths from revisions, like this:\n'git <command> [<revision>...] -- [<file>...]'\n- normative frozen file boundary differs: expected=['PRODUCT_ASSURANCE_BLUEPRINT_V2.md', 'governance/ACCEPTANCE_CASES_V1.json', 'governance/ACCEPTANCE_CONTRACT_V1.json', 'governance/AI_PROJECT_RESEARCH_REGISTER_V1.json', 'governance/ASSURANCE_SUBJECTS_V1.json', 'governance/ASSURANCE_TRUST_MODEL_V1.json', 'governance/COMPONENT_REGISTRY_V1.json', 'governance/CONTEXT_RECOVERY_SPEC_V1.json', 'governance/DECISION_AUTHORITY_V1.json', 'governance/DEPENDENCY_BOUNDARY_V1.json', 'governance/EXECUTION_LOOP_POLICY_V1.json', 'governance/EXECUTION_LOOP_POLICY_V2.json', 'governance/FAILURE_CLASSES_V1.json', 'governance/FIELD_USE_PROTOCOL_V1.json', 'governance/FROZEN_TEST_MANIFEST_V1.json', 'governance/GROUND_TRUTH_MANIFEST_V1.json', 'governance/IMPLEMENTATION_TARGETS_V1.json', 'governance/MARKET_SIMULATION_POLICY_V1.json', 'governance/MIGRATION_DRILL_SPEC_V1.json', 'governance/MONEY_AND_CORPORATE_ACTIONS_SPEC_V1.json', 'governance/NO_LIVE_SCOPE_POLICY_V1.json', 'governance/PRIVATE_DATA_POLICY_V1.json', 'governance/PROJECT_METHOD_POLICY_V1.json', 'governance/RESEARCH_SUFFICIENCY_V1.json', 'governance/RUFF_CI_CONFIG_V1.toml', 'governance/TRACEABILITY_V1.json', 'governance/USER_INTENT_V1.json', 'governance/USER_SOURCE_EXCERPTS_V1.json', 'governance/VERIFICATION_SPECS_V1.json', 'governance/WORK_PACKET_POLICY_V1.json', 'governance/WORK_PACKET_POLICY_V2.json', 'governance/requirements-ci.txt', 'research/SAME_TASK_METHOD_COMPARISON_PREREGISTRATION_R9_2026-07-25.json'], actual=['PRODUCT_ASSURANCE_BLUEPRINT_V2.md', 'governance/ACCEPTANCE_CASES_V1.json', 'governance/ACCEPTANCE_CONTRACT_V1.json', 'governance/AI_PROJECT_RESEARCH_REGISTER_V1.json', 'governance/ASSURANCE_SUBJECTS_V1.json', 'governance/ASSURANCE_TRUST_MODEL_V1.json', 'governance/COMPONENT_REGISTRY_V1.json', 'governance/CONTEXT_RECOVERY_SPEC_V1.json', 'governance/DECISION_AUTHORITY_V1.json', 'governance/DEPENDENCY_BOUNDARY_V1.json', 'governance/EXECUTION_LOOP_POLICY_V1.json', 'governance/FAILURE_CLASSES_V1.json', 'governance/FIELD_USE_PROTOCOL_V1.json', 'governance/FROZEN_TEST_MANIFEST_V1.json', 'governance/GROUND_TRUTH_MANIFEST_V1.json', 'governance/IMPLEMENTATION_TARGETS_V1.json', 'governance/MARKET_SIMULATION_POLICY_V1.json', 'governance/MIGRATION_DRILL_SPEC_V1.json', 'governance/MONEY_AND_CORPORATE_ACTIONS_SPEC_V1.json', 'governance/NO_LIVE_SCOPE_POLICY_V1.json', 'governance/PRIVATE_DATA_POLICY_V1.json', 'governance/PROJECT_METHOD_POLICY_V1.json', 'governance/RESEARCH_SUFFICIENCY_V1.json', 'governance/RUFF_CI_CONFIG_V1.toml', 'governance/TRACEABILITY_V1.json', 'governance/USER_INTENT_V1.json', 'governance/USER_SOURCE_EXCERPTS_V1.json', 'governance/VERIFICATION_SPECS_V1.json', 'governance/WORK_PACKET_POLICY_V1.json', 'governance/requirements-ci.txt', 'research/SAME_TASK_METHOD_COMPARISON_PREREGISTRATION_R9_2026-07-25.json']\n", "stdout_sha256": "8afa7d59c292d1245facf69a337e66059080baad578bc1d55fa818703d0bfda1"}, "candidate_commit": "b8121920d3eab387878a6e77c5233f2a9f166566", "candidate_tree": "f88da58e838c61c638a0ed17b5d47f3422cf5846", "completed_at": "2026-07-28T04:15:30.853281+00:00", "execution_fingerprint": "926e07ccc33c9e9c4e2e99e34ae235562386a91b3e9a9c24d97a23a9f6f8afcf", "expected_rejection_substring": "CASE-PIT-LATE-RETRIEVAL freeze-critical semantics differ", "mode": "canonical", "mutation_observation": null, "mutation_spec_sha256": "1baaf7fd5239f872de52d3f0c1d3df18c037512a5931ac9691f1003c2537fa7e", "probe_id": "ATTACK-PIT-ORACLE-INVERSION", "project_prefix": "workspace/project/", "result": "invalid_baseline", "runner_exit_code": 2, "runner_id": "ids-design-freeze-attack-runner-v1", "runner_sha256": "6f704c4dce4f4f44c9779b6c5ca63499aae37ba27e0863300ff74579429e3961", "schema_version": 2, "started_at": "2026-07-28T04:15:26.243766+00:00", "target": null}


======================================================================
FAIL: test_direct_remote_mismatch_defeats_stale_local_upstream (test_freeze_git_remote.FreezeGitRemoteCounterexampleTests.test_direct_remote_mismatch_defeats_stale_local_upstream)
----------------------------------------------------------------------
Traceback (most recent call last):
  File "/private/tmp/ids-fed7-audit.kowOr4/repo/MyBrain/projects/investment-discipline-system/governance_tests/test_freeze_git_remote.py", line 2340, in test_direct_remote_mismatch_defeats_stale_local_upstream
    reviewed = self.prepare_completed_freeze()
  File "/private/tmp/ids-fed7-audit.kowOr4/repo/MyBrain/projects/investment-discipline-system/governance_tests/test_freeze_git_remote.py", line 898, in prepare_completed_freeze
    receipt = self.run_attack(
        candidate_commit=reviewed_commit,
    ...<2 lines>...
        receipt_relative=receipt_relative,
    )
  File "/private/tmp/ids-fed7-audit.kowOr4/repo/MyBrain/projects/investment-discipline-system/governance_tests/test_freeze_git_remote.py", line 646, in run_attack
    self.assertEqual(completed.returncode, 0, completed.stdout)
    ~~~~~~~~~~~~~~~~^^^^^^^^^^^^^^^^^^^^^^^^^^^^^^^^^^^^^^^^^^^
AssertionError: 2 != 0 : {"baseline": {"argv": ["PYTHON", "scripts/verify_governance.py", "--allow-candidate"], "exit_code": 1, "stdout": "governance verification: FAIL\n- assurance metadata executable verification failed: ground-truth manifest: missing research primary artifact audits/PROJECT_METHOD_GAP_CLOSURE_REVIEW_R8_2026-07-25.md; ground-truth manifest: missing research primary artifact audits/PROJECT_GOVERNANCE_ADVERSARIAL_REVIEW_R10_2026-07-25.md\n- context recovery executable verification failed: {'message': \"STATUS.md is missing marker '## 当前裁决'\", 'oracle_id': 'CTX02-STATE-MARKER-MISSING'}; {'message': \"STATUS.md is missing marker '## 已有且仍然有效'\", 'oracle_id': 'CTX02-STATE-MARKER-MISSING'}; {'message': \"STATUS.md is missing marker '## 进行中'\", 'oracle_id': 'CTX02-STATE-MARKER-MISSING'}; {'message': \"STATUS.md is missing marker '## 当前下一步'\", 'oracle_id': 'CTX02-STATE-MARKER-MISSING'}; {'message': \"STATUS.md is missing marker '## 主要残余风险'\", 'oracle_id': 'CTX02-STATE-MARKER-MISSING'}; {'message': \"TASK_BOARD.md is missing marker '## 进行中'\", 'oracle_id': 'CTX02-STATE-MARKER-MISSING'}; {'message': \"TASK_BOARD.md is missing marker '## 已排队'\", 'oracle_id': 'CTX02-STATE-MARKER-MISSING'}; {'message': \"TASK_BOARD.md is missing marker '## 条件性任务'\", 'oracle_id': 'CTX02-STATE-MARKER-MISSING'}; {'message': \"TASK_BOARD.md is missing marker '## 已完成且证据仍有效'\", 'oracle_id': 'CTX02-STATE-MARKER-MISSING'}; {'message': \"TASK_BOARD.md is missing marker '## 工作规则'\", 'oracle_id': 'CTX02-STATE-MARKER-MISSING'}\n- work packets executable verification failed: DAG edge WP-CONTRACT-SUPERSESSION-CLOSURE-POLICY -> WP-METHOD-RUNTIME-FOUNDATION-S1: depends_on is not matched by activates; DAG edge WP-METHOD-RUNTIME-FOUNDATION-S1 -> WP-METHOD-INTEGRATION: activates is not matched by depends_on; goal METHOD-GOVERNANCE-CLOSURE: expected exactly one live root; found ['WP-CONTRACT-SUPERSESSION-CLOSURE-POLICY', 'WP-METHOD-INTEGRATION', 'WP-METHOD-RUNTIME-FOUNDATION-S1']; goal METHOD-GOVERNANCE-CLOSURE: expected exactly one live sink; found ['WP-CONTRACT-SUPERSESSION-CLOSURE-POLICY', 'WP-FREEZE-CLOSURE-PROTOCOL', 'WP-METHOD-RUNTIME-FOUNDATION-S1']; packet WP-CONTRACT-SUPERSESSION-CLOSURE-POLICY: activates packet 'WP-METHOD-RUNTIME-FOUNDATION' is superseded without an exact recovery alias; packet WP-METHOD-INTEGRATION: depends_on packet 'WP-METHOD-RUNTIME-FOUNDATION' is superseded without an exact recovery alias; packet WP-METHOD-RUNTIME-FOUNDATION: acceptance receipt is required before state superseded; packet WP-METHOD-RUNTIME-FOUNDATION: checkpoint receipt is required before state superseded; parallel packets WP-CONTRACT-SUPERSESSION-CLOSURE-POLICY and WP-FREEZE-CLOSURE-PROTOCOL: read/write conflict; WP-FREEZE-CLOSURE-PROTOCOL reads 'scripts/verify_contract_supersession.py' while WP-CONTRACT-SUPERSESSION-CLOSURE-POLICY writes 'scripts/verify_contract_supersession.py'; parallel packets WP-CONTRACT-SUPERSESSION-CLOSURE-POLICY and WP-METHOD-INTEGRATION: read/write conflict; WP-CONTRACT-SUPERSESSION-CLOSURE-POLICY reads 'governance/ACCEPTANCE_CONTRACT_V1.json' while WP-METHOD-INTEGRATION writes 'governance/ACCEPTANCE_CONTRACT_V1.json'; parallel packets WP-CONTRACT-SUPERSESSION-CLOSURE-POLICY and WP-METHOD-INTEGRATION: read/write conflict; WP-CONTRACT-SUPERSESSION-CLOSURE-POLICY reads 'governance/PROJECT_METHOD_POLICY_V1.json' while WP-METHOD-INTEGRATION writes 'governance/PROJECT_METHOD_POLICY_V1.json'; parallel packets WP-CONTRACT-SUPERSESSION-CLOSURE-POLICY and WP-METHOD-INTEGRATION: read/write conflict; WP-METHOD-INTEGRATION reads 'scripts/verify_contract_supersession.py' while WP-CONTRACT-SUPERSESSION-CLOSURE-POLICY writes 'scripts/verify_contract_supersession.py'; parallel packets WP-FREEZE-CLOSURE-PROTOCOL and WP-METHOD-RUNTIME-FOUNDATION-S1: read/write conflict; WP-FREEZE-CLOSURE-PROTOCOL reads 'scripts/verify_governance.py' while WP-METHOD-RUNTIME-FOUNDATION-S1 writes 'scripts/verify_governance.py'; parallel packets WP-METHOD-INTEGRATION and WP-METHOD-RUNTIME-FOUNDATION-S1: read/write conflict; WP-METHOD-INTEGRATION reads 'governance/PROJECT_STATE_VIEW_POLICY_V1.json' while WP-METHOD-RUNTIME-FOUNDATION-S1 writes 'governance/PROJECT_STATE_VIEW_POLICY_V1.json'; parallel packets WP-METHOD-INTEGRATION and WP-METHOD-RUNTIME-FOUNDATION-S1: read/write conflict; WP-METHOD-RUNTIME-FOUNDATION-S1 reads 'governance/AI_PROJECT_RESEARCH_REGISTER_V1.json' while WP-METHOD-INTEGRATION writes 'governance/AI_PROJECT_RESEARCH_REGISTER_V1.json'; parallel packets WP-METHOD-INTEGRATION and WP-METHOD-RUNTIME-FOUNDATION-S1: read/write conflict; WP-METHOD-RUNTIME-FOUNDATION-S1 reads 'governance/WORK_PACKET_POLICY_V2.json' while WP-METHOD-INTEGRATION writes 'governance/WORK_PACKET_POLICY_V2.json'; parallel packets WP-METHOD-INTEGRATION and WP-METHOD-RUNTIME-FOUNDATION-S1: read/write conflict; WP-METHOD-RUNTIME-FOUNDATION-S1 reads 'scripts/verify_work_packets.py' while WP-METHOD-INTEGRATION writes 'scripts/verify_work_packets.py'; unrecordable recovery: candidate snapshot could not be verified; unrecordable recovery: repository discovery: project prefix differs from the authorized scope\n- frozen tests executable verification failed: source sha256 mismatch for frozen-test file: governance_tests/test_governance_regression_runner.py; class AST sha256 mismatch for frozen-test class: governance_tests/test_governance_regression_runner.py::GovernanceRegressionRunnerTests\n- execution loop executable verification failed: V2 work-packet verification failed: DAG edge WP-CONTRACT-SUPERSESSION-CLOSURE-POLICY -> WP-METHOD-RUNTIME-FOUNDATION-S1: depends_on is not matched by activates; DAG edge WP-METHOD-RUNTIME-FOUNDATION-S1 -> WP-METHOD-INTEGRATION: activates is not matched by depends_on; goal METHOD-GOVERNANCE-CLOSURE: expected exactly one live root; found ['WP-CONTRACT-SUPERSESSION-CLOSURE-POLICY', 'WP-METHOD-INTEGRATION', 'WP-METHOD-RUNTIME-FOUNDATION-S1']; goal METHOD-GOVERNANCE-CLOSURE: expected exactly one live sink; found ['WP-CONTRACT-SUPERSESSION-CLOSURE-POLICY', 'WP-FREEZE-CLOSURE-PROTOCOL', 'WP-METHOD-RUNTIME-FOUNDATION-S1']; packet WP-CONTRACT-SUPERSESSION-CLOSURE-POLICY: activates packet 'WP-METHOD-RUNTIME-FOUNDATION' is superseded without an exact recovery alias; packet WP-METHOD-INTEGRATION: depends_on packet 'WP-METHOD-RUNTIME-FOUNDATION' is superseded without an exact recovery alias; packet WP-METHOD-RUNTIME-FOUNDATION: acceptance receipt is required before state superseded; packet WP-METHOD-RUNTIME-FOUNDATION: checkpoint receipt is required before state superseded; parallel packets WP-CONTRACT-SUPERSESSION-CLOSURE-POLICY and WP-FREEZE-CLOSURE-PROTOCOL: read/write conflict; WP-FREEZE-CLOSURE-PROTOCOL reads 'scripts/verify_contract_supersession.py' while WP-CONTRACT-SUPERSESSION-CLOSURE-POLICY writes 'scripts/verify_contract_supersession.py'; parallel packets WP-CONTRACT-SUPERSESSION-CLOSURE-POLICY and WP-METHOD-INTEGRATION: read/write conflict; WP-CONTRACT-SUPERSESSION-CLOSURE-POLICY reads 'governance/ACCEPTANCE_CONTRACT_V1.json' while WP-METHOD-INTEGRATION writes 'governance/ACCEPTANCE_CONTRACT_V1.json'; parallel packets WP-CONTRACT-SUPERSESSION-CLOSURE-POLICY and WP-METHOD-INTEGRATION: read/write conflict; WP-CONTRACT-SUPERSESSION-CLOSURE-POLICY reads 'governance/PROJECT_METHOD_POLICY_V1.json' while WP-METHOD-INTEGRATION writes 'governance/PROJECT_METHOD_POLICY_V1.json'; parallel packets WP-CONTRACT-SUPERSESSION-CLOSURE-POLICY and WP-METHOD-INTEGRATION: read/write conflict; WP-METHOD-INTEGRATION reads 'scripts/verify_contract_supersession.py' while WP-CONTRACT-SUPERSESSION-CLOSURE-POLICY writes 'scripts/verify_contract_supersession.py'; parallel packets WP-FREEZE-CLOSURE-PROTOCOL and WP-METHOD-RUNTIME-FOUNDATION-S1: read/write conflict; WP-FREEZE-CLOSURE-PROTOCOL reads 'scripts/verify_governance.py' while WP-METHOD-RUNTIME-FOUNDATION-S1 writes 'scripts/verify_governance.py'; parallel packets WP-METHOD-INTEGRATION and WP-METHOD-RUNTIME-FOUNDATION-S1: read/write conflict; WP-METHOD-INTEGRATION reads 'governance/PROJECT_STATE_VIEW_POLICY_V1.json' while WP-METHOD-RUNTIME-FOUNDATION-S1 writes 'governance/PROJECT_STATE_VIEW_POLICY_V1.json'; parallel packets WP-METHOD-INTEGRATION and WP-METHOD-RUNTIME-FOUNDATION-S1: read/write conflict; WP-METHOD-RUNTIME-FOUNDATION-S1 reads 'governance/AI_PROJECT_RESEARCH_REGISTER_V1.json' while WP-METHOD-INTEGRATION writes 'governance/AI_PROJECT_RESEARCH_REGISTER_V1.json'; parallel packets WP-METHOD-INTEGRATION and WP-METHOD-RUNTIME-FOUNDATION-S1: read/write conflict; WP-METHOD-RUNTIME-FOUNDATION-S1 reads 'governance/WORK_PACKET_POLICY_V2.json' while WP-METHOD-INTEGRATION writes 'governance/WORK_PACKET_POLICY_V2.json'; parallel packets WP-METHOD-INTEGRATION and WP-METHOD-RUNTIME-FOUNDATION-S1: read/write conflict; WP-METHOD-RUNTIME-FOUNDATION-S1 reads 'scripts/verify_work_packets.py' while WP-METHOD-INTEGRATION writes 'scripts/verify_work_packets.py'; unrecordable recovery: candidate snapshot could not be verified; unrecordable recovery: repository discovery: project prefix differs from the authorized scope; ledger WP-DEPENDENCY-BOUNDARY: latest controlled snapshot is stale; ledger WP-METHOD-INTEGRATION: latest controlled snapshot is stale; ledger WP-METHOD-RUNTIME-FOUNDATION-S1: latest controlled snapshot is stale\n- git rev-parse aa0a5966e114d6d7c87aa14fe2c27253f9f89f26^{tree} failed (128): fatal: ambiguous argument 'aa0a5966e114d6d7c87aa14fe2c27253f9f89f26^{tree}': unknown revision or path not in the working tree.\nUse '--' to separate paths from revisions, like this:\n'git <command> [<revision>...] -- [<file>...]'\n- normative frozen file boundary differs: expected=['PRODUCT_ASSURANCE_BLUEPRINT_V2.md', 'governance/ACCEPTANCE_CASES_V1.json', 'governance/ACCEPTANCE_CONTRACT_V1.json', 'governance/AI_PROJECT_RESEARCH_REGISTER_V1.json', 'governance/ASSURANCE_SUBJECTS_V1.json', 'governance/ASSURANCE_TRUST_MODEL_V1.json', 'governance/COMPONENT_REGISTRY_V1.json', 'governance/CONTEXT_RECOVERY_SPEC_V1.json', 'governance/DECISION_AUTHORITY_V1.json', 'governance/DEPENDENCY_BOUNDARY_V1.json', 'governance/EXECUTION_LOOP_POLICY_V1.json', 'governance/EXECUTION_LOOP_POLICY_V2.json', 'governance/FAILURE_CLASSES_V1.json', 'governance/FIELD_USE_PROTOCOL_V1.json', 'governance/FROZEN_TEST_MANIFEST_V1.json', 'governance/GROUND_TRUTH_MANIFEST_V1.json', 'governance/IMPLEMENTATION_TARGETS_V1.json', 'governance/MARKET_SIMULATION_POLICY_V1.json', 'governance/MIGRATION_DRILL_SPEC_V1.json', 'governance/MONEY_AND_CORPORATE_ACTIONS_SPEC_V1.json', 'governance/NO_LIVE_SCOPE_POLICY_V1.json', 'governance/PRIVATE_DATA_POLICY_V1.json', 'governance/PROJECT_METHOD_POLICY_V1.json', 'governance/RESEARCH_SUFFICIENCY_V1.json', 'governance/RUFF_CI_CONFIG_V1.toml', 'governance/TRACEABILITY_V1.json', 'governance/USER_INTENT_V1.json', 'governance/USER_SOURCE_EXCERPTS_V1.json', 'governance/VERIFICATION_SPECS_V1.json', 'governance/WORK_PACKET_POLICY_V1.json', 'governance/WORK_PACKET_POLICY_V2.json', 'governance/requirements-ci.txt', 'research/SAME_TASK_METHOD_COMPARISON_PREREGISTRATION_R9_2026-07-25.json'], actual=['PRODUCT_ASSURANCE_BLUEPRINT_V2.md', 'governance/ACCEPTANCE_CASES_V1.json', 'governance/ACCEPTANCE_CONTRACT_V1.json', 'governance/AI_PROJECT_RESEARCH_REGISTER_V1.json', 'governance/ASSURANCE_SUBJECTS_V1.json', 'governance/ASSURANCE_TRUST_MODEL_V1.json', 'governance/COMPONENT_REGISTRY_V1.json', 'governance/CONTEXT_RECOVERY_SPEC_V1.json', 'governance/DECISION_AUTHORITY_V1.json', 'governance/DEPENDENCY_BOUNDARY_V1.json', 'governance/EXECUTION_LOOP_POLICY_V1.json', 'governance/FAILURE_CLASSES_V1.json', 'governance/FIELD_USE_PROTOCOL_V1.json', 'governance/FROZEN_TEST_MANIFEST_V1.json', 'governance/GROUND_TRUTH_MANIFEST_V1.json', 'governance/IMPLEMENTATION_TARGETS_V1.json', 'governance/MARKET_SIMULATION_POLICY_V1.json', 'governance/MIGRATION_DRILL_SPEC_V1.json', 'governance/MONEY_AND_CORPORATE_ACTIONS_SPEC_V1.json', 'governance/NO_LIVE_SCOPE_POLICY_V1.json', 'governance/PRIVATE_DATA_POLICY_V1.json', 'governance/PROJECT_METHOD_POLICY_V1.json', 'governance/RESEARCH_SUFFICIENCY_V1.json', 'governance/RUFF_CI_CONFIG_V1.toml', 'governance/TRACEABILITY_V1.json', 'governance/USER_INTENT_V1.json', 'governance/USER_SOURCE_EXCERPTS_V1.json', 'governance/VERIFICATION_SPECS_V1.json', 'governance/WORK_PACKET_POLICY_V1.json', 'governance/requirements-ci.txt', 'research/SAME_TASK_METHOD_COMPARISON_PREREGISTRATION_R9_2026-07-25.json']\n", "stdout_sha256": "8afa7d59c292d1245facf69a337e66059080baad578bc1d55fa818703d0bfda1"}, "candidate_commit": "463937d3e2dfa9d1b25e311ac1e8c34bd2048580", "candidate_tree": "fe54f26c42b77b40d5211bca66c59822085d05f9", "completed_at": "2026-07-28T04:16:09.550110+00:00", "execution_fingerprint": "46b15a7b96e13c1f13f74ff5c1f27d22c0f17dbf0ec00a6a9015000702a7b1e3", "expected_rejection_substring": "CASE-PIT-LATE-RETRIEVAL freeze-critical semantics differ", "mode": "canonical", "mutation_observation": null, "mutation_spec_sha256": "1baaf7fd5239f872de52d3f0c1d3df18c037512a5931ac9691f1003c2537fa7e", "probe_id": "ATTACK-PIT-ORACLE-INVERSION", "project_prefix": "workspace/project/", "result": "invalid_baseline", "runner_exit_code": 2, "runner_id": "ids-design-freeze-attack-runner-v1", "runner_sha256": "6f704c4dce4f4f44c9779b6c5ca63499aae37ba27e0863300ff74579429e3961", "schema_version": 2, "started_at": "2026-07-28T04:16:04.939408+00:00", "target": null}


======================================================================
FAIL: test_freeze_rejects_dirty_exact_baseline (test_freeze_git_remote.FreezeGitRemoteCounterexampleTests.test_freeze_rejects_dirty_exact_baseline)
----------------------------------------------------------------------
Traceback (most recent call last):
  File "/private/tmp/ids-fed7-audit.kowOr4/repo/MyBrain/projects/investment-discipline-system/governance_tests/test_freeze_git_remote.py", line 1472, in test_freeze_rejects_dirty_exact_baseline
    reviewed = self.prepare_completed_freeze()
  File "/private/tmp/ids-fed7-audit.kowOr4/repo/MyBrain/projects/investment-discipline-system/governance_tests/test_freeze_git_remote.py", line 898, in prepare_completed_freeze
    receipt = self.run_attack(
        candidate_commit=reviewed_commit,
    ...<2 lines>...
        receipt_relative=receipt_relative,
    )
  File "/private/tmp/ids-fed7-audit.kowOr4/repo/MyBrain/projects/investment-discipline-system/governance_tests/test_freeze_git_remote.py", line 646, in run_attack
    self.assertEqual(completed.returncode, 0, completed.stdout)
    ~~~~~~~~~~~~~~~~^^^^^^^^^^^^^^^^^^^^^^^^^^^^^^^^^^^^^^^^^^^
AssertionError: 2 != 0 : {"baseline": {"argv": ["PYTHON", "scripts/verify_governance.py", "--allow-candidate"], "exit_code": 1, "stdout": "governance verification: FAIL\n- assurance metadata executable verification failed: ground-truth manifest: missing research primary artifact audits/PROJECT_METHOD_GAP_CLOSURE_REVIEW_R8_2026-07-25.md; ground-truth manifest: missing research primary artifact audits/PROJECT_GOVERNANCE_ADVERSARIAL_REVIEW_R10_2026-07-25.md\n- context recovery executable verification failed: {'message': \"STATUS.md is missing marker '## 当前裁决'\", 'oracle_id': 'CTX02-STATE-MARKER-MISSING'}; {'message': \"STATUS.md is missing marker '## 已有且仍然有效'\", 'oracle_id': 'CTX02-STATE-MARKER-MISSING'}; {'message': \"STATUS.md is missing marker '## 进行中'\", 'oracle_id': 'CTX02-STATE-MARKER-MISSING'}; {'message': \"STATUS.md is missing marker '## 当前下一步'\", 'oracle_id': 'CTX02-STATE-MARKER-MISSING'}; {'message': \"STATUS.md is missing marker '## 主要残余风险'\", 'oracle_id': 'CTX02-STATE-MARKER-MISSING'}; {'message': \"TASK_BOARD.md is missing marker '## 进行中'\", 'oracle_id': 'CTX02-STATE-MARKER-MISSING'}; {'message': \"TASK_BOARD.md is missing marker '## 已排队'\", 'oracle_id': 'CTX02-STATE-MARKER-MISSING'}; {'message': \"TASK_BOARD.md is missing marker '## 条件性任务'\", 'oracle_id': 'CTX02-STATE-MARKER-MISSING'}; {'message': \"TASK_BOARD.md is missing marker '## 已完成且证据仍有效'\", 'oracle_id': 'CTX02-STATE-MARKER-MISSING'}; {'message': \"TASK_BOARD.md is missing marker '## 工作规则'\", 'oracle_id': 'CTX02-STATE-MARKER-MISSING'}\n- work packets executable verification failed: DAG edge WP-CONTRACT-SUPERSESSION-CLOSURE-POLICY -> WP-METHOD-RUNTIME-FOUNDATION-S1: depends_on is not matched by activates; DAG edge WP-METHOD-RUNTIME-FOUNDATION-S1 -> WP-METHOD-INTEGRATION: activates is not matched by depends_on; goal METHOD-GOVERNANCE-CLOSURE: expected exactly one live root; found ['WP-CONTRACT-SUPERSESSION-CLOSURE-POLICY', 'WP-METHOD-INTEGRATION', 'WP-METHOD-RUNTIME-FOUNDATION-S1']; goal METHOD-GOVERNANCE-CLOSURE: expected exactly one live sink; found ['WP-CONTRACT-SUPERSESSION-CLOSURE-POLICY', 'WP-FREEZE-CLOSURE-PROTOCOL', 'WP-METHOD-RUNTIME-FOUNDATION-S1']; packet WP-CONTRACT-SUPERSESSION-CLOSURE-POLICY: activates packet 'WP-METHOD-RUNTIME-FOUNDATION' is superseded without an exact recovery alias; packet WP-METHOD-INTEGRATION: depends_on packet 'WP-METHOD-RUNTIME-FOUNDATION' is superseded without an exact recovery alias; packet WP-METHOD-RUNTIME-FOUNDATION: acceptance receipt is required before state superseded; packet WP-METHOD-RUNTIME-FOUNDATION: checkpoint receipt is required before state superseded; parallel packets WP-CONTRACT-SUPERSESSION-CLOSURE-POLICY and WP-FREEZE-CLOSURE-PROTOCOL: read/write conflict; WP-FREEZE-CLOSURE-PROTOCOL reads 'scripts/verify_contract_supersession.py' while WP-CONTRACT-SUPERSESSION-CLOSURE-POLICY writes 'scripts/verify_contract_supersession.py'; parallel packets WP-CONTRACT-SUPERSESSION-CLOSURE-POLICY and WP-METHOD-INTEGRATION: read/write conflict; WP-CONTRACT-SUPERSESSION-CLOSURE-POLICY reads 'governance/ACCEPTANCE_CONTRACT_V1.json' while WP-METHOD-INTEGRATION writes 'governance/ACCEPTANCE_CONTRACT_V1.json'; parallel packets WP-CONTRACT-SUPERSESSION-CLOSURE-POLICY and WP-METHOD-INTEGRATION: read/write conflict; WP-CONTRACT-SUPERSESSION-CLOSURE-POLICY reads 'governance/PROJECT_METHOD_POLICY_V1.json' while WP-METHOD-INTEGRATION writes 'governance/PROJECT_METHOD_POLICY_V1.json'; parallel packets WP-CONTRACT-SUPERSESSION-CLOSURE-POLICY and WP-METHOD-INTEGRATION: read/write conflict; WP-METHOD-INTEGRATION reads 'scripts/verify_contract_supersession.py' while WP-CONTRACT-SUPERSESSION-CLOSURE-POLICY writes 'scripts/verify_contract_supersession.py'; parallel packets WP-FREEZE-CLOSURE-PROTOCOL and WP-METHOD-RUNTIME-FOUNDATION-S1: read/write conflict; WP-FREEZE-CLOSURE-PROTOCOL reads 'scripts/verify_governance.py' while WP-METHOD-RUNTIME-FOUNDATION-S1 writes 'scripts/verify_governance.py'; parallel packets WP-METHOD-INTEGRATION and WP-METHOD-RUNTIME-FOUNDATION-S1: read/write conflict; WP-METHOD-INTEGRATION reads 'governance/PROJECT_STATE_VIEW_POLICY_V1.json' while WP-METHOD-RUNTIME-FOUNDATION-S1 writes 'governance/PROJECT_STATE_VIEW_POLICY_V1.json'; parallel packets WP-METHOD-INTEGRATION and WP-METHOD-RUNTIME-FOUNDATION-S1: read/write conflict; WP-METHOD-RUNTIME-FOUNDATION-S1 reads 'governance/AI_PROJECT_RESEARCH_REGISTER_V1.json' while WP-METHOD-INTEGRATION writes 'governance/AI_PROJECT_RESEARCH_REGISTER_V1.json'; parallel packets WP-METHOD-INTEGRATION and WP-METHOD-RUNTIME-FOUNDATION-S1: read/write conflict; WP-METHOD-RUNTIME-FOUNDATION-S1 reads 'governance/WORK_PACKET_POLICY_V2.json' while WP-METHOD-INTEGRATION writes 'governance/WORK_PACKET_POLICY_V2.json'; parallel packets WP-METHOD-INTEGRATION and WP-METHOD-RUNTIME-FOUNDATION-S1: read/write conflict; WP-METHOD-RUNTIME-FOUNDATION-S1 reads 'scripts/verify_work_packets.py' while WP-METHOD-INTEGRATION writes 'scripts/verify_work_packets.py'; unrecordable recovery: candidate snapshot could not be verified; unrecordable recovery: repository discovery: project prefix differs from the authorized scope\n- frozen tests executable verification failed: source sha256 mismatch for frozen-test file: governance_tests/test_governance_regression_runner.py; class AST sha256 mismatch for frozen-test class: governance_tests/test_governance_regression_runner.py::GovernanceRegressionRunnerTests\n- execution loop executable verification failed: V2 work-packet verification failed: DAG edge WP-CONTRACT-SUPERSESSION-CLOSURE-POLICY -> WP-METHOD-RUNTIME-FOUNDATION-S1: depends_on is not matched by activates; DAG edge WP-METHOD-RUNTIME-FOUNDATION-S1 -> WP-METHOD-INTEGRATION: activates is not matched by depends_on; goal METHOD-GOVERNANCE-CLOSURE: expected exactly one live root; found ['WP-CONTRACT-SUPERSESSION-CLOSURE-POLICY', 'WP-METHOD-INTEGRATION', 'WP-METHOD-RUNTIME-FOUNDATION-S1']; goal METHOD-GOVERNANCE-CLOSURE: expected exactly one live sink; found ['WP-CONTRACT-SUPERSESSION-CLOSURE-POLICY', 'WP-FREEZE-CLOSURE-PROTOCOL', 'WP-METHOD-RUNTIME-FOUNDATION-S1']; packet WP-CONTRACT-SUPERSESSION-CLOSURE-POLICY: activates packet 'WP-METHOD-RUNTIME-FOUNDATION' is superseded without an exact recovery alias; packet WP-METHOD-INTEGRATION: depends_on packet 'WP-METHOD-RUNTIME-FOUNDATION' is superseded without an exact recovery alias; packet WP-METHOD-RUNTIME-FOUNDATION: acceptance receipt is required before state superseded; packet WP-METHOD-RUNTIME-FOUNDATION: checkpoint receipt is required before state superseded; parallel packets WP-CONTRACT-SUPERSESSION-CLOSURE-POLICY and WP-FREEZE-CLOSURE-PROTOCOL: read/write conflict; WP-FREEZE-CLOSURE-PROTOCOL reads 'scripts/verify_contract_supersession.py' while WP-CONTRACT-SUPERSESSION-CLOSURE-POLICY writes 'scripts/verify_contract_supersession.py'; parallel packets WP-CONTRACT-SUPERSESSION-CLOSURE-POLICY and WP-METHOD-INTEGRATION: read/write conflict; WP-CONTRACT-SUPERSESSION-CLOSURE-POLICY reads 'governance/ACCEPTANCE_CONTRACT_V1.json' while WP-METHOD-INTEGRATION writes 'governance/ACCEPTANCE_CONTRACT_V1.json'; parallel packets WP-CONTRACT-SUPERSESSION-CLOSURE-POLICY and WP-METHOD-INTEGRATION: read/write conflict; WP-CONTRACT-SUPERSESSION-CLOSURE-POLICY reads 'governance/PROJECT_METHOD_POLICY_V1.json' while WP-METHOD-INTEGRATION writes 'governance/PROJECT_METHOD_POLICY_V1.json'; parallel packets WP-CONTRACT-SUPERSESSION-CLOSURE-POLICY and WP-METHOD-INTEGRATION: read/write conflict; WP-METHOD-INTEGRATION reads 'scripts/verify_contract_supersession.py' while WP-CONTRACT-SUPERSESSION-CLOSURE-POLICY writes 'scripts/verify_contract_supersession.py'; parallel packets WP-FREEZE-CLOSURE-PROTOCOL and WP-METHOD-RUNTIME-FOUNDATION-S1: read/write conflict; WP-FREEZE-CLOSURE-PROTOCOL reads 'scripts/verify_governance.py' while WP-METHOD-RUNTIME-FOUNDATION-S1 writes 'scripts/verify_governance.py'; parallel packets WP-METHOD-INTEGRATION and WP-METHOD-RUNTIME-FOUNDATION-S1: read/write conflict; WP-METHOD-INTEGRATION reads 'governance/PROJECT_STATE_VIEW_POLICY_V1.json' while WP-METHOD-RUNTIME-FOUNDATION-S1 writes 'governance/PROJECT_STATE_VIEW_POLICY_V1.json'; parallel packets WP-METHOD-INTEGRATION and WP-METHOD-RUNTIME-FOUNDATION-S1: read/write conflict; WP-METHOD-RUNTIME-FOUNDATION-S1 reads 'governance/AI_PROJECT_RESEARCH_REGISTER_V1.json' while WP-METHOD-INTEGRATION writes 'governance/AI_PROJECT_RESEARCH_REGISTER_V1.json'; parallel packets WP-METHOD-INTEGRATION and WP-METHOD-RUNTIME-FOUNDATION-S1: read/write conflict; WP-METHOD-RUNTIME-FOUNDATION-S1 reads 'governance/WORK_PACKET_POLICY_V2.json' while WP-METHOD-INTEGRATION writes 'governance/WORK_PACKET_POLICY_V2.json'; parallel packets WP-METHOD-INTEGRATION and WP-METHOD-RUNTIME-FOUNDATION-S1: read/write conflict; WP-METHOD-RUNTIME-FOUNDATION-S1 reads 'scripts/verify_work_packets.py' while WP-METHOD-INTEGRATION writes 'scripts/verify_work_packets.py'; unrecordable recovery: candidate snapshot could not be verified; unrecordable recovery: repository discovery: project prefix differs from the authorized scope; ledger WP-DEPENDENCY-BOUNDARY: latest controlled snapshot is stale; ledger WP-METHOD-INTEGRATION: latest controlled snapshot is stale; ledger WP-METHOD-RUNTIME-FOUNDATION-S1: latest controlled snapshot is stale\n- git rev-parse aa0a5966e114d6d7c87aa14fe2c27253f9f89f26^{tree} failed (128): fatal: ambiguous argument 'aa0a5966e114d6d7c87aa14fe2c27253f9f89f26^{tree}': unknown revision or path not in the working tree.\nUse '--' to separate paths from revisions, like this:\n'git <command> [<revision>...] -- [<file>...]'\n- normative frozen file boundary differs: expected=['PRODUCT_ASSURANCE_BLUEPRINT_V2.md', 'governance/ACCEPTANCE_CASES_V1.json', 'governance/ACCEPTANCE_CONTRACT_V1.json', 'governance/AI_PROJECT_RESEARCH_REGISTER_V1.json', 'governance/ASSURANCE_SUBJECTS_V1.json', 'governance/ASSURANCE_TRUST_MODEL_V1.json', 'governance/COMPONENT_REGISTRY_V1.json', 'governance/CONTEXT_RECOVERY_SPEC_V1.json', 'governance/DECISION_AUTHORITY_V1.json', 'governance/DEPENDENCY_BOUNDARY_V1.json', 'governance/EXECUTION_LOOP_POLICY_V1.json', 'governance/EXECUTION_LOOP_POLICY_V2.json', 'governance/FAILURE_CLASSES_V1.json', 'governance/FIELD_USE_PROTOCOL_V1.json', 'governance/FROZEN_TEST_MANIFEST_V1.json', 'governance/GROUND_TRUTH_MANIFEST_V1.json', 'governance/IMPLEMENTATION_TARGETS_V1.json', 'governance/MARKET_SIMULATION_POLICY_V1.json', 'governance/MIGRATION_DRILL_SPEC_V1.json', 'governance/MONEY_AND_CORPORATE_ACTIONS_SPEC_V1.json', 'governance/NO_LIVE_SCOPE_POLICY_V1.json', 'governance/PRIVATE_DATA_POLICY_V1.json', 'governance/PROJECT_METHOD_POLICY_V1.json', 'governance/RESEARCH_SUFFICIENCY_V1.json', 'governance/RUFF_CI_CONFIG_V1.toml', 'governance/TRACEABILITY_V1.json', 'governance/USER_INTENT_V1.json', 'governance/USER_SOURCE_EXCERPTS_V1.json', 'governance/VERIFICATION_SPECS_V1.json', 'governance/WORK_PACKET_POLICY_V1.json', 'governance/WORK_PACKET_POLICY_V2.json', 'governance/requirements-ci.txt', 'research/SAME_TASK_METHOD_COMPARISON_PREREGISTRATION_R9_2026-07-25.json'], actual=['PRODUCT_ASSURANCE_BLUEPRINT_V2.md', 'governance/ACCEPTANCE_CASES_V1.json', 'governance/ACCEPTANCE_CONTRACT_V1.json', 'governance/AI_PROJECT_RESEARCH_REGISTER_V1.json', 'governance/ASSURANCE_SUBJECTS_V1.json', 'governance/ASSURANCE_TRUST_MODEL_V1.json', 'governance/COMPONENT_REGISTRY_V1.json', 'governance/CONTEXT_RECOVERY_SPEC_V1.json', 'governance/DECISION_AUTHORITY_V1.json', 'governance/DEPENDENCY_BOUNDARY_V1.json', 'governance/EXECUTION_LOOP_POLICY_V1.json', 'governance/FAILURE_CLASSES_V1.json', 'governance/FIELD_USE_PROTOCOL_V1.json', 'governance/FROZEN_TEST_MANIFEST_V1.json', 'governance/GROUND_TRUTH_MANIFEST_V1.json', 'governance/IMPLEMENTATION_TARGETS_V1.json', 'governance/MARKET_SIMULATION_POLICY_V1.json', 'governance/MIGRATION_DRILL_SPEC_V1.json', 'governance/MONEY_AND_CORPORATE_ACTIONS_SPEC_V1.json', 'governance/NO_LIVE_SCOPE_POLICY_V1.json', 'governance/PRIVATE_DATA_POLICY_V1.json', 'governance/PROJECT_METHOD_POLICY_V1.json', 'governance/RESEARCH_SUFFICIENCY_V1.json', 'governance/RUFF_CI_CONFIG_V1.toml', 'governance/TRACEABILITY_V1.json', 'governance/USER_INTENT_V1.json', 'governance/USER_SOURCE_EXCERPTS_V1.json', 'governance/VERIFICATION_SPECS_V1.json', 'governance/WORK_PACKET_POLICY_V1.json', 'governance/requirements-ci.txt', 'research/SAME_TASK_METHOD_COMPARISON_PREREGISTRATION_R9_2026-07-25.json']\n", "stdout_sha256": "8afa7d59c292d1245facf69a337e66059080baad578bc1d55fa818703d0bfda1"}, "candidate_commit": "cbb846ccbd10f4933535c11dcf814f2c1ae18945", "candidate_tree": "7410c91fe49fd34a1337de1e6bbd8e563a98d398", "completed_at": "2026-07-28T04:16:24.048921+00:00", "execution_fingerprint": "82a7e096879c0e0e4b76312278febfb4a6339ef01ef2c770d268a6b434ca9d0e", "expected_rejection_substring": "CASE-PIT-LATE-RETRIEVAL freeze-critical semantics differ", "mode": "canonical", "mutation_observation": null, "mutation_spec_sha256": "1baaf7fd5239f872de52d3f0c1d3df18c037512a5931ac9691f1003c2537fa7e", "probe_id": "ATTACK-PIT-ORACLE-INVERSION", "project_prefix": "workspace/project/", "result": "invalid_baseline", "runner_exit_code": 2, "runner_id": "ids-design-freeze-attack-runner-v1", "runner_sha256": "6f704c4dce4f4f44c9779b6c5ca63499aae37ba27e0863300ff74579429e3961", "schema_version": 2, "started_at": "2026-07-28T04:16:19.614052+00:00", "target": null}


======================================================================
FAIL: test_freeze_rejects_forged_schema_v2_runner_receipt (test_freeze_git_remote.FreezeGitRemoteCounterexampleTests.test_freeze_rejects_forged_schema_v2_runner_receipt)
----------------------------------------------------------------------
Traceback (most recent call last):
  File "/private/tmp/ids-fed7-audit.kowOr4/repo/MyBrain/projects/investment-discipline-system/governance_tests/test_freeze_git_remote.py", line 2060, in test_freeze_rejects_forged_schema_v2_runner_receipt
    reviewed = self.prepare_completed_freeze()
  File "/private/tmp/ids-fed7-audit.kowOr4/repo/MyBrain/projects/investment-discipline-system/governance_tests/test_freeze_git_remote.py", line 898, in prepare_completed_freeze
    receipt = self.run_attack(
        candidate_commit=reviewed_commit,
    ...<2 lines>...
        receipt_relative=receipt_relative,
    )
  File "/private/tmp/ids-fed7-audit.kowOr4/repo/MyBrain/projects/investment-discipline-system/governance_tests/test_freeze_git_remote.py", line 646, in run_attack
    self.assertEqual(completed.returncode, 0, completed.stdout)
    ~~~~~~~~~~~~~~~~^^^^^^^^^^^^^^^^^^^^^^^^^^^^^^^^^^^^^^^^^^^
AssertionError: 2 != 0 : {"baseline": {"argv": ["PYTHON", "scripts/verify_governance.py", "--allow-candidate"], "exit_code": 1, "stdout": "governance verification: FAIL\n- assurance metadata executable verification failed: ground-truth manifest: missing research primary artifact audits/PROJECT_METHOD_GAP_CLOSURE_REVIEW_R8_2026-07-25.md; ground-truth manifest: missing research primary artifact audits/PROJECT_GOVERNANCE_ADVERSARIAL_REVIEW_R10_2026-07-25.md\n- context recovery executable verification failed: {'message': \"STATUS.md is missing marker '## 当前裁决'\", 'oracle_id': 'CTX02-STATE-MARKER-MISSING'}; {'message': \"STATUS.md is missing marker '## 已有且仍然有效'\", 'oracle_id': 'CTX02-STATE-MARKER-MISSING'}; {'message': \"STATUS.md is missing marker '## 进行中'\", 'oracle_id': 'CTX02-STATE-MARKER-MISSING'}; {'message': \"STATUS.md is missing marker '## 当前下一步'\", 'oracle_id': 'CTX02-STATE-MARKER-MISSING'}; {'message': \"STATUS.md is missing marker '## 主要残余风险'\", 'oracle_id': 'CTX02-STATE-MARKER-MISSING'}; {'message': \"TASK_BOARD.md is missing marker '## 进行中'\", 'oracle_id': 'CTX02-STATE-MARKER-MISSING'}; {'message': \"TASK_BOARD.md is missing marker '## 已排队'\", 'oracle_id': 'CTX02-STATE-MARKER-MISSING'}; {'message': \"TASK_BOARD.md is missing marker '## 条件性任务'\", 'oracle_id': 'CTX02-STATE-MARKER-MISSING'}; {'message': \"TASK_BOARD.md is missing marker '## 已完成且证据仍有效'\", 'oracle_id': 'CTX02-STATE-MARKER-MISSING'}; {'message': \"TASK_BOARD.md is missing marker '## 工作规则'\", 'oracle_id': 'CTX02-STATE-MARKER-MISSING'}\n- work packets executable verification failed: DAG edge WP-CONTRACT-SUPERSESSION-CLOSURE-POLICY -> WP-METHOD-RUNTIME-FOUNDATION-S1: depends_on is not matched by activates; DAG edge WP-METHOD-RUNTIME-FOUNDATION-S1 -> WP-METHOD-INTEGRATION: activates is not matched by depends_on; goal METHOD-GOVERNANCE-CLOSURE: expected exactly one live root; found ['WP-CONTRACT-SUPERSESSION-CLOSURE-POLICY', 'WP-METHOD-INTEGRATION', 'WP-METHOD-RUNTIME-FOUNDATION-S1']; goal METHOD-GOVERNANCE-CLOSURE: expected exactly one live sink; found ['WP-CONTRACT-SUPERSESSION-CLOSURE-POLICY', 'WP-FREEZE-CLOSURE-PROTOCOL', 'WP-METHOD-RUNTIME-FOUNDATION-S1']; packet WP-CONTRACT-SUPERSESSION-CLOSURE-POLICY: activates packet 'WP-METHOD-RUNTIME-FOUNDATION' is superseded without an exact recovery alias; packet WP-METHOD-INTEGRATION: depends_on packet 'WP-METHOD-RUNTIME-FOUNDATION' is superseded without an exact recovery alias; packet WP-METHOD-RUNTIME-FOUNDATION: acceptance receipt is required before state superseded; packet WP-METHOD-RUNTIME-FOUNDATION: checkpoint receipt is required before state superseded; parallel packets WP-CONTRACT-SUPERSESSION-CLOSURE-POLICY and WP-FREEZE-CLOSURE-PROTOCOL: read/write conflict; WP-FREEZE-CLOSURE-PROTOCOL reads 'scripts/verify_contract_supersession.py' while WP-CONTRACT-SUPERSESSION-CLOSURE-POLICY writes 'scripts/verify_contract_supersession.py'; parallel packets WP-CONTRACT-SUPERSESSION-CLOSURE-POLICY and WP-METHOD-INTEGRATION: read/write conflict; WP-CONTRACT-SUPERSESSION-CLOSURE-POLICY reads 'governance/ACCEPTANCE_CONTRACT_V1.json' while WP-METHOD-INTEGRATION writes 'governance/ACCEPTANCE_CONTRACT_V1.json'; parallel packets WP-CONTRACT-SUPERSESSION-CLOSURE-POLICY and WP-METHOD-INTEGRATION: read/write conflict; WP-CONTRACT-SUPERSESSION-CLOSURE-POLICY reads 'governance/PROJECT_METHOD_POLICY_V1.json' while WP-METHOD-INTEGRATION writes 'governance/PROJECT_METHOD_POLICY_V1.json'; parallel packets WP-CONTRACT-SUPERSESSION-CLOSURE-POLICY and WP-METHOD-INTEGRATION: read/write conflict; WP-METHOD-INTEGRATION reads 'scripts/verify_contract_supersession.py' while WP-CONTRACT-SUPERSESSION-CLOSURE-POLICY writes 'scripts/verify_contract_supersession.py'; parallel packets WP-FREEZE-CLOSURE-PROTOCOL and WP-METHOD-RUNTIME-FOUNDATION-S1: read/write conflict; WP-FREEZE-CLOSURE-PROTOCOL reads 'scripts/verify_governance.py' while WP-METHOD-RUNTIME-FOUNDATION-S1 writes 'scripts/verify_governance.py'; parallel packets WP-METHOD-INTEGRATION and WP-METHOD-RUNTIME-FOUNDATION-S1: read/write conflict; WP-METHOD-INTEGRATION reads 'governance/PROJECT_STATE_VIEW_POLICY_V1.json' while WP-METHOD-RUNTIME-FOUNDATION-S1 writes 'governance/PROJECT_STATE_VIEW_POLICY_V1.json'; parallel packets WP-METHOD-INTEGRATION and WP-METHOD-RUNTIME-FOUNDATION-S1: read/write conflict; WP-METHOD-RUNTIME-FOUNDATION-S1 reads 'governance/AI_PROJECT_RESEARCH_REGISTER_V1.json' while WP-METHOD-INTEGRATION writes 'governance/AI_PROJECT_RESEARCH_REGISTER_V1.json'; parallel packets WP-METHOD-INTEGRATION and WP-METHOD-RUNTIME-FOUNDATION-S1: read/write conflict; WP-METHOD-RUNTIME-FOUNDATION-S1 reads 'governance/WORK_PACKET_POLICY_V2.json' while WP-METHOD-INTEGRATION writes 'governance/WORK_PACKET_POLICY_V2.json'; parallel packets WP-METHOD-INTEGRATION and WP-METHOD-RUNTIME-FOUNDATION-S1: read/write conflict; WP-METHOD-RUNTIME-FOUNDATION-S1 reads 'scripts/verify_work_packets.py' while WP-METHOD-INTEGRATION writes 'scripts/verify_work_packets.py'; unrecordable recovery: candidate snapshot could not be verified; unrecordable recovery: repository discovery: project prefix differs from the authorized scope\n- frozen tests executable verification failed: source sha256 mismatch for frozen-test file: governance_tests/test_governance_regression_runner.py; class AST sha256 mismatch for frozen-test class: governance_tests/test_governance_regression_runner.py::GovernanceRegressionRunnerTests\n- execution loop executable verification failed: V2 work-packet verification failed: DAG edge WP-CONTRACT-SUPERSESSION-CLOSURE-POLICY -> WP-METHOD-RUNTIME-FOUNDATION-S1: depends_on is not matched by activates; DAG edge WP-METHOD-RUNTIME-FOUNDATION-S1 -> WP-METHOD-INTEGRATION: activates is not matched by depends_on; goal METHOD-GOVERNANCE-CLOSURE: expected exactly one live root; found ['WP-CONTRACT-SUPERSESSION-CLOSURE-POLICY', 'WP-METHOD-INTEGRATION', 'WP-METHOD-RUNTIME-FOUNDATION-S1']; goal METHOD-GOVERNANCE-CLOSURE: expected exactly one live sink; found ['WP-CONTRACT-SUPERSESSION-CLOSURE-POLICY', 'WP-FREEZE-CLOSURE-PROTOCOL', 'WP-METHOD-RUNTIME-FOUNDATION-S1']; packet WP-CONTRACT-SUPERSESSION-CLOSURE-POLICY: activates packet 'WP-METHOD-RUNTIME-FOUNDATION' is superseded without an exact recovery alias; packet WP-METHOD-INTEGRATION: depends_on packet 'WP-METHOD-RUNTIME-FOUNDATION' is superseded without an exact recovery alias; packet WP-METHOD-RUNTIME-FOUNDATION: acceptance receipt is required before state superseded; packet WP-METHOD-RUNTIME-FOUNDATION: checkpoint receipt is required before state superseded; parallel packets WP-CONTRACT-SUPERSESSION-CLOSURE-POLICY and WP-FREEZE-CLOSURE-PROTOCOL: read/write conflict; WP-FREEZE-CLOSURE-PROTOCOL reads 'scripts/verify_contract_supersession.py' while WP-CONTRACT-SUPERSESSION-CLOSURE-POLICY writes 'scripts/verify_contract_supersession.py'; parallel packets WP-CONTRACT-SUPERSESSION-CLOSURE-POLICY and WP-METHOD-INTEGRATION: read/write conflict; WP-CONTRACT-SUPERSESSION-CLOSURE-POLICY reads 'governance/ACCEPTANCE_CONTRACT_V1.json' while WP-METHOD-INTEGRATION writes 'governance/ACCEPTANCE_CONTRACT_V1.json'; parallel packets WP-CONTRACT-SUPERSESSION-CLOSURE-POLICY and WP-METHOD-INTEGRATION: read/write conflict; WP-CONTRACT-SUPERSESSION-CLOSURE-POLICY reads 'governance/PROJECT_METHOD_POLICY_V1.json' while WP-METHOD-INTEGRATION writes 'governance/PROJECT_METHOD_POLICY_V1.json'; parallel packets WP-CONTRACT-SUPERSESSION-CLOSURE-POLICY and WP-METHOD-INTEGRATION: read/write conflict; WP-METHOD-INTEGRATION reads 'scripts/verify_contract_supersession.py' while WP-CONTRACT-SUPERSESSION-CLOSURE-POLICY writes 'scripts/verify_contract_supersession.py'; parallel packets WP-FREEZE-CLOSURE-PROTOCOL and WP-METHOD-RUNTIME-FOUNDATION-S1: read/write conflict; WP-FREEZE-CLOSURE-PROTOCOL reads 'scripts/verify_governance.py' while WP-METHOD-RUNTIME-FOUNDATION-S1 writes 'scripts/verify_governance.py'; parallel packets WP-METHOD-INTEGRATION and WP-METHOD-RUNTIME-FOUNDATION-S1: read/write conflict; WP-METHOD-INTEGRATION reads 'governance/PROJECT_STATE_VIEW_POLICY_V1.json' while WP-METHOD-RUNTIME-FOUNDATION-S1 writes 'governance/PROJECT_STATE_VIEW_POLICY_V1.json'; parallel packets WP-METHOD-INTEGRATION and WP-METHOD-RUNTIME-FOUNDATION-S1: read/write conflict; WP-METHOD-RUNTIME-FOUNDATION-S1 reads 'governance/AI_PROJECT_RESEARCH_REGISTER_V1.json' while WP-METHOD-INTEGRATION writes 'governance/AI_PROJECT_RESEARCH_REGISTER_V1.json'; parallel packets WP-METHOD-INTEGRATION and WP-METHOD-RUNTIME-FOUNDATION-S1: read/write conflict; WP-METHOD-RUNTIME-FOUNDATION-S1 reads 'governance/WORK_PACKET_POLICY_V2.json' while WP-METHOD-INTEGRATION writes 'governance/WORK_PACKET_POLICY_V2.json'; parallel packets WP-METHOD-INTEGRATION and WP-METHOD-RUNTIME-FOUNDATION-S1: read/write conflict; WP-METHOD-RUNTIME-FOUNDATION-S1 reads 'scripts/verify_work_packets.py' while WP-METHOD-INTEGRATION writes 'scripts/verify_work_packets.py'; unrecordable recovery: candidate snapshot could not be verified; unrecordable recovery: repository discovery: project prefix differs from the authorized scope; ledger WP-DEPENDENCY-BOUNDARY: latest controlled snapshot is stale; ledger WP-METHOD-INTEGRATION: latest controlled snapshot is stale; ledger WP-METHOD-RUNTIME-FOUNDATION-S1: latest controlled snapshot is stale\n- git rev-parse aa0a5966e114d6d7c87aa14fe2c27253f9f89f26^{tree} failed (128): fatal: ambiguous argument 'aa0a5966e114d6d7c87aa14fe2c27253f9f89f26^{tree}': unknown revision or path not in the working tree.\nUse '--' to separate paths from revisions, like this:\n'git <command> [<revision>...] -- [<file>...]'\n- normative frozen file boundary differs: expected=['PRODUCT_ASSURANCE_BLUEPRINT_V2.md', 'governance/ACCEPTANCE_CASES_V1.json', 'governance/ACCEPTANCE_CONTRACT_V1.json', 'governance/AI_PROJECT_RESEARCH_REGISTER_V1.json', 'governance/ASSURANCE_SUBJECTS_V1.json', 'governance/ASSURANCE_TRUST_MODEL_V1.json', 'governance/COMPONENT_REGISTRY_V1.json', 'governance/CONTEXT_RECOVERY_SPEC_V1.json', 'governance/DECISION_AUTHORITY_V1.json', 'governance/DEPENDENCY_BOUNDARY_V1.json', 'governance/EXECUTION_LOOP_POLICY_V1.json', 'governance/EXECUTION_LOOP_POLICY_V2.json', 'governance/FAILURE_CLASSES_V1.json', 'governance/FIELD_USE_PROTOCOL_V1.json', 'governance/FROZEN_TEST_MANIFEST_V1.json', 'governance/GROUND_TRUTH_MANIFEST_V1.json', 'governance/IMPLEMENTATION_TARGETS_V1.json', 'governance/MARKET_SIMULATION_POLICY_V1.json', 'governance/MIGRATION_DRILL_SPEC_V1.json', 'governance/MONEY_AND_CORPORATE_ACTIONS_SPEC_V1.json', 'governance/NO_LIVE_SCOPE_POLICY_V1.json', 'governance/PRIVATE_DATA_POLICY_V1.json', 'governance/PROJECT_METHOD_POLICY_V1.json', 'governance/RESEARCH_SUFFICIENCY_V1.json', 'governance/RUFF_CI_CONFIG_V1.toml', 'governance/TRACEABILITY_V1.json', 'governance/USER_INTENT_V1.json', 'governance/USER_SOURCE_EXCERPTS_V1.json', 'governance/VERIFICATION_SPECS_V1.json', 'governance/WORK_PACKET_POLICY_V1.json', 'governance/WORK_PACKET_POLICY_V2.json', 'governance/requirements-ci.txt', 'research/SAME_TASK_METHOD_COMPARISON_PREREGISTRATION_R9_2026-07-25.json'], actual=['PRODUCT_ASSURANCE_BLUEPRINT_V2.md', 'governance/ACCEPTANCE_CASES_V1.json', 'governance/ACCEPTANCE_CONTRACT_V1.json', 'governance/AI_PROJECT_RESEARCH_REGISTER_V1.json', 'governance/ASSURANCE_SUBJECTS_V1.json', 'governance/ASSURANCE_TRUST_MODEL_V1.json', 'governance/COMPONENT_REGISTRY_V1.json', 'governance/CONTEXT_RECOVERY_SPEC_V1.json', 'governance/DECISION_AUTHORITY_V1.json', 'governance/DEPENDENCY_BOUNDARY_V1.json', 'governance/EXECUTION_LOOP_POLICY_V1.json', 'governance/FAILURE_CLASSES_V1.json', 'governance/FIELD_USE_PROTOCOL_V1.json', 'governance/FROZEN_TEST_MANIFEST_V1.json', 'governance/GROUND_TRUTH_MANIFEST_V1.json', 'governance/IMPLEMENTATION_TARGETS_V1.json', 'governance/MARKET_SIMULATION_POLICY_V1.json', 'governance/MIGRATION_DRILL_SPEC_V1.json', 'governance/MONEY_AND_CORPORATE_ACTIONS_SPEC_V1.json', 'governance/NO_LIVE_SCOPE_POLICY_V1.json', 'governance/PRIVATE_DATA_POLICY_V1.json', 'governance/PROJECT_METHOD_POLICY_V1.json', 'governance/RESEARCH_SUFFICIENCY_V1.json', 'governance/RUFF_CI_CONFIG_V1.toml', 'governance/TRACEABILITY_V1.json', 'governance/USER_INTENT_V1.json', 'governance/USER_SOURCE_EXCERPTS_V1.json', 'governance/VERIFICATION_SPECS_V1.json', 'governance/WORK_PACKET_POLICY_V1.json', 'governance/requirements-ci.txt', 'research/SAME_TASK_METHOD_COMPARISON_PREREGISTRATION_R9_2026-07-25.json']\n", "stdout_sha256": "8afa7d59c292d1245facf69a337e66059080baad578bc1d55fa818703d0bfda1"}, "candidate_commit": "d545fe60ca8e03f829eba3c421f0543f8c33845f", "candidate_tree": "414e8a83f6fb58a5cf3297350b76486c6ff89675", "completed_at": "2026-07-28T04:16:39.195496+00:00", "execution_fingerprint": "62e028ad6aada0a6c809ae350fa0ac499af3cceadbadfe8336bdcefc8bd9645c", "expected_rejection_substring": "CASE-PIT-LATE-RETRIEVAL freeze-critical semantics differ", "mode": "canonical", "mutation_observation": null, "mutation_spec_sha256": "1baaf7fd5239f872de52d3f0c1d3df18c037512a5931ac9691f1003c2537fa7e", "probe_id": "ATTACK-PIT-ORACLE-INVERSION", "project_prefix": "workspace/project/", "result": "invalid_baseline", "runner_exit_code": 2, "runner_id": "ids-design-freeze-attack-runner-v1", "runner_sha256": "6f704c4dce4f4f44c9779b6c5ca63499aae37ba27e0863300ff74579429e3961", "schema_version": 2, "started_at": "2026-07-28T04:16:34.303695+00:00", "target": null}


======================================================================
FAIL: test_freeze_rejects_ordinary_status_rewrite (test_freeze_git_remote.FreezeGitRemoteCounterexampleTests.test_freeze_rejects_ordinary_status_rewrite)
----------------------------------------------------------------------
Traceback (most recent call last):
  File "/private/tmp/ids-fed7-audit.kowOr4/repo/MyBrain/projects/investment-discipline-system/governance_tests/test_freeze_git_remote.py", line 1453, in test_freeze_rejects_ordinary_status_rewrite
    reviewed = self.prepare_completed_freeze(incomplete_relative=rewritten)
  File "/private/tmp/ids-fed7-audit.kowOr4/repo/MyBrain/projects/investment-discipline-system/governance_tests/test_freeze_git_remote.py", line 898, in prepare_completed_freeze
    receipt = self.run_attack(
        candidate_commit=reviewed_commit,
    ...<2 lines>...
        receipt_relative=receipt_relative,
    )
  File "/private/tmp/ids-fed7-audit.kowOr4/repo/MyBrain/projects/investment-discipline-system/governance_tests/test_freeze_git_remote.py", line 646, in run_attack
    self.assertEqual(completed.returncode, 0, completed.stdout)
    ~~~~~~~~~~~~~~~~^^^^^^^^^^^^^^^^^^^^^^^^^^^^^^^^^^^^^^^^^^^
AssertionError: 2 != 0 : {"baseline": {"argv": ["PYTHON", "scripts/verify_governance.py", "--allow-candidate"], "exit_code": 1, "stdout": "governance verification: FAIL\n- assurance metadata executable verification failed: ground-truth manifest: missing research primary artifact audits/PROJECT_METHOD_GAP_CLOSURE_REVIEW_R8_2026-07-25.md; ground-truth manifest: missing research primary artifact audits/PROJECT_GOVERNANCE_ADVERSARIAL_REVIEW_R10_2026-07-25.md\n- context recovery executable verification failed: {'message': \"STATUS.md is missing marker '## 当前裁决'\", 'oracle_id': 'CTX02-STATE-MARKER-MISSING'}; {'message': \"STATUS.md is missing marker '## 已有且仍然有效'\", 'oracle_id': 'CTX02-STATE-MARKER-MISSING'}; {'message': \"STATUS.md is missing marker '## 进行中'\", 'oracle_id': 'CTX02-STATE-MARKER-MISSING'}; {'message': \"STATUS.md is missing marker '## 当前下一步'\", 'oracle_id': 'CTX02-STATE-MARKER-MISSING'}; {'message': \"STATUS.md is missing marker '## 主要残余风险'\", 'oracle_id': 'CTX02-STATE-MARKER-MISSING'}; {'message': \"TASK_BOARD.md is missing marker '## 进行中'\", 'oracle_id': 'CTX02-STATE-MARKER-MISSING'}; {'message': \"TASK_BOARD.md is missing marker '## 已排队'\", 'oracle_id': 'CTX02-STATE-MARKER-MISSING'}; {'message': \"TASK_BOARD.md is missing marker '## 条件性任务'\", 'oracle_id': 'CTX02-STATE-MARKER-MISSING'}; {'message': \"TASK_BOARD.md is missing marker '## 已完成且证据仍有效'\", 'oracle_id': 'CTX02-STATE-MARKER-MISSING'}; {'message': \"TASK_BOARD.md is missing marker '## 工作规则'\", 'oracle_id': 'CTX02-STATE-MARKER-MISSING'}\n- work packets executable verification failed: DAG edge WP-CONTRACT-SUPERSESSION-CLOSURE-POLICY -> WP-METHOD-RUNTIME-FOUNDATION-S1: depends_on is not matched by activates; DAG edge WP-METHOD-RUNTIME-FOUNDATION-S1 -> WP-METHOD-INTEGRATION: activates is not matched by depends_on; goal METHOD-GOVERNANCE-CLOSURE: expected exactly one live root; found ['WP-CONTRACT-SUPERSESSION-CLOSURE-POLICY', 'WP-METHOD-INTEGRATION', 'WP-METHOD-RUNTIME-FOUNDATION-S1']; goal METHOD-GOVERNANCE-CLOSURE: expected exactly one live sink; found ['WP-CONTRACT-SUPERSESSION-CLOSURE-POLICY', 'WP-FREEZE-CLOSURE-PROTOCOL', 'WP-METHOD-RUNTIME-FOUNDATION-S1']; packet WP-CONTRACT-SUPERSESSION-CLOSURE-POLICY: activates packet 'WP-METHOD-RUNTIME-FOUNDATION' is superseded without an exact recovery alias; packet WP-METHOD-INTEGRATION: depends_on packet 'WP-METHOD-RUNTIME-FOUNDATION' is superseded without an exact recovery alias; packet WP-METHOD-RUNTIME-FOUNDATION: acceptance receipt is required before state superseded; packet WP-METHOD-RUNTIME-FOUNDATION: checkpoint receipt is required before state superseded; parallel packets WP-CONTRACT-SUPERSESSION-CLOSURE-POLICY and WP-FREEZE-CLOSURE-PROTOCOL: read/write conflict; WP-FREEZE-CLOSURE-PROTOCOL reads 'scripts/verify_contract_supersession.py' while WP-CONTRACT-SUPERSESSION-CLOSURE-POLICY writes 'scripts/verify_contract_supersession.py'; parallel packets WP-CONTRACT-SUPERSESSION-CLOSURE-POLICY and WP-METHOD-INTEGRATION: read/write conflict; WP-CONTRACT-SUPERSESSION-CLOSURE-POLICY reads 'governance/ACCEPTANCE_CONTRACT_V1.json' while WP-METHOD-INTEGRATION writes 'governance/ACCEPTANCE_CONTRACT_V1.json'; parallel packets WP-CONTRACT-SUPERSESSION-CLOSURE-POLICY and WP-METHOD-INTEGRATION: read/write conflict; WP-CONTRACT-SUPERSESSION-CLOSURE-POLICY reads 'governance/PROJECT_METHOD_POLICY_V1.json' while WP-METHOD-INTEGRATION writes 'governance/PROJECT_METHOD_POLICY_V1.json'; parallel packets WP-CONTRACT-SUPERSESSION-CLOSURE-POLICY and WP-METHOD-INTEGRATION: read/write conflict; WP-METHOD-INTEGRATION reads 'scripts/verify_contract_supersession.py' while WP-CONTRACT-SUPERSESSION-CLOSURE-POLICY writes 'scripts/verify_contract_supersession.py'; parallel packets WP-FREEZE-CLOSURE-PROTOCOL and WP-METHOD-RUNTIME-FOUNDATION-S1: read/write conflict; WP-FREEZE-CLOSURE-PROTOCOL reads 'scripts/verify_governance.py' while WP-METHOD-RUNTIME-FOUNDATION-S1 writes 'scripts/verify_governance.py'; parallel packets WP-METHOD-INTEGRATION and WP-METHOD-RUNTIME-FOUNDATION-S1: read/write conflict; WP-METHOD-INTEGRATION reads 'governance/PROJECT_STATE_VIEW_POLICY_V1.json' while WP-METHOD-RUNTIME-FOUNDATION-S1 writes 'governance/PROJECT_STATE_VIEW_POLICY_V1.json'; parallel packets WP-METHOD-INTEGRATION and WP-METHOD-RUNTIME-FOUNDATION-S1: read/write conflict; WP-METHOD-RUNTIME-FOUNDATION-S1 reads 'governance/AI_PROJECT_RESEARCH_REGISTER_V1.json' while WP-METHOD-INTEGRATION writes 'governance/AI_PROJECT_RESEARCH_REGISTER_V1.json'; parallel packets WP-METHOD-INTEGRATION and WP-METHOD-RUNTIME-FOUNDATION-S1: read/write conflict; WP-METHOD-RUNTIME-FOUNDATION-S1 reads 'governance/WORK_PACKET_POLICY_V2.json' while WP-METHOD-INTEGRATION writes 'governance/WORK_PACKET_POLICY_V2.json'; parallel packets WP-METHOD-INTEGRATION and WP-METHOD-RUNTIME-FOUNDATION-S1: read/write conflict; WP-METHOD-RUNTIME-FOUNDATION-S1 reads 'scripts/verify_work_packets.py' while WP-METHOD-INTEGRATION writes 'scripts/verify_work_packets.py'; unrecordable recovery: candidate snapshot could not be verified; unrecordable recovery: repository discovery: project prefix differs from the authorized scope\n- frozen tests executable verification failed: source sha256 mismatch for frozen-test file: governance_tests/test_governance_regression_runner.py; class AST sha256 mismatch for frozen-test class: governance_tests/test_governance_regression_runner.py::GovernanceRegressionRunnerTests\n- execution loop executable verification failed: V2 work-packet verification failed: DAG edge WP-CONTRACT-SUPERSESSION-CLOSURE-POLICY -> WP-METHOD-RUNTIME-FOUNDATION-S1: depends_on is not matched by activates; DAG edge WP-METHOD-RUNTIME-FOUNDATION-S1 -> WP-METHOD-INTEGRATION: activates is not matched by depends_on; goal METHOD-GOVERNANCE-CLOSURE: expected exactly one live root; found ['WP-CONTRACT-SUPERSESSION-CLOSURE-POLICY', 'WP-METHOD-INTEGRATION', 'WP-METHOD-RUNTIME-FOUNDATION-S1']; goal METHOD-GOVERNANCE-CLOSURE: expected exactly one live sink; found ['WP-CONTRACT-SUPERSESSION-CLOSURE-POLICY', 'WP-FREEZE-CLOSURE-PROTOCOL', 'WP-METHOD-RUNTIME-FOUNDATION-S1']; packet WP-CONTRACT-SUPERSESSION-CLOSURE-POLICY: activates packet 'WP-METHOD-RUNTIME-FOUNDATION' is superseded without an exact recovery alias; packet WP-METHOD-INTEGRATION: depends_on packet 'WP-METHOD-RUNTIME-FOUNDATION' is superseded without an exact recovery alias; packet WP-METHOD-RUNTIME-FOUNDATION: acceptance receipt is required before state superseded; packet WP-METHOD-RUNTIME-FOUNDATION: checkpoint receipt is required before state superseded; parallel packets WP-CONTRACT-SUPERSESSION-CLOSURE-POLICY and WP-FREEZE-CLOSURE-PROTOCOL: read/write conflict; WP-FREEZE-CLOSURE-PROTOCOL reads 'scripts/verify_contract_supersession.py' while WP-CONTRACT-SUPERSESSION-CLOSURE-POLICY writes 'scripts/verify_contract_supersession.py'; parallel packets WP-CONTRACT-SUPERSESSION-CLOSURE-POLICY and WP-METHOD-INTEGRATION: read/write conflict; WP-CONTRACT-SUPERSESSION-CLOSURE-POLICY reads 'governance/ACCEPTANCE_CONTRACT_V1.json' while WP-METHOD-INTEGRATION writes 'governance/ACCEPTANCE_CONTRACT_V1.json'; parallel packets WP-CONTRACT-SUPERSESSION-CLOSURE-POLICY and WP-METHOD-INTEGRATION: read/write conflict; WP-CONTRACT-SUPERSESSION-CLOSURE-POLICY reads 'governance/PROJECT_METHOD_POLICY_V1.json' while WP-METHOD-INTEGRATION writes 'governance/PROJECT_METHOD_POLICY_V1.json'; parallel packets WP-CONTRACT-SUPERSESSION-CLOSURE-POLICY and WP-METHOD-INTEGRATION: read/write conflict; WP-METHOD-INTEGRATION reads 'scripts/verify_contract_supersession.py' while WP-CONTRACT-SUPERSESSION-CLOSURE-POLICY writes 'scripts/verify_contract_supersession.py'; parallel packets WP-FREEZE-CLOSURE-PROTOCOL and WP-METHOD-RUNTIME-FOUNDATION-S1: read/write conflict; WP-FREEZE-CLOSURE-PROTOCOL reads 'scripts/verify_governance.py' while WP-METHOD-RUNTIME-FOUNDATION-S1 writes 'scripts/verify_governance.py'; parallel packets WP-METHOD-INTEGRATION and WP-METHOD-RUNTIME-FOUNDATION-S1: read/write conflict; WP-METHOD-INTEGRATION reads 'governance/PROJECT_STATE_VIEW_POLICY_V1.json' while WP-METHOD-RUNTIME-FOUNDATION-S1 writes 'governance/PROJECT_STATE_VIEW_POLICY_V1.json'; parallel packets WP-METHOD-INTEGRATION and WP-METHOD-RUNTIME-FOUNDATION-S1: read/write conflict; WP-METHOD-RUNTIME-FOUNDATION-S1 reads 'governance/AI_PROJECT_RESEARCH_REGISTER_V1.json' while WP-METHOD-INTEGRATION writes 'governance/AI_PROJECT_RESEARCH_REGISTER_V1.json'; parallel packets WP-METHOD-INTEGRATION and WP-METHOD-RUNTIME-FOUNDATION-S1: read/write conflict; WP-METHOD-RUNTIME-FOUNDATION-S1 reads 'governance/WORK_PACKET_POLICY_V2.json' while WP-METHOD-INTEGRATION writes 'governance/WORK_PACKET_POLICY_V2.json'; parallel packets WP-METHOD-INTEGRATION and WP-METHOD-RUNTIME-FOUNDATION-S1: read/write conflict; WP-METHOD-RUNTIME-FOUNDATION-S1 reads 'scripts/verify_work_packets.py' while WP-METHOD-INTEGRATION writes 'scripts/verify_work_packets.py'; unrecordable recovery: candidate snapshot could not be verified; unrecordable recovery: repository discovery: project prefix differs from the authorized scope; ledger WP-DEPENDENCY-BOUNDARY: latest controlled snapshot is stale; ledger WP-METHOD-INTEGRATION: latest controlled snapshot is stale; ledger WP-METHOD-RUNTIME-FOUNDATION-S1: latest controlled snapshot is stale\n- git rev-parse aa0a5966e114d6d7c87aa14fe2c27253f9f89f26^{tree} failed (128): fatal: ambiguous argument 'aa0a5966e114d6d7c87aa14fe2c27253f9f89f26^{tree}': unknown revision or path not in the working tree.\nUse '--' to separate paths from revisions, like this:\n'git <command> [<revision>...] -- [<file>...]'\n- normative frozen file boundary differs: expected=['PRODUCT_ASSURANCE_BLUEPRINT_V2.md', 'governance/ACCEPTANCE_CASES_V1.json', 'governance/ACCEPTANCE_CONTRACT_V1.json', 'governance/AI_PROJECT_RESEARCH_REGISTER_V1.json', 'governance/ASSURANCE_SUBJECTS_V1.json', 'governance/ASSURANCE_TRUST_MODEL_V1.json', 'governance/COMPONENT_REGISTRY_V1.json', 'governance/CONTEXT_RECOVERY_SPEC_V1.json', 'governance/DECISION_AUTHORITY_V1.json', 'governance/DEPENDENCY_BOUNDARY_V1.json', 'governance/EXECUTION_LOOP_POLICY_V1.json', 'governance/EXECUTION_LOOP_POLICY_V2.json', 'governance/FAILURE_CLASSES_V1.json', 'governance/FIELD_USE_PROTOCOL_V1.json', 'governance/FROZEN_TEST_MANIFEST_V1.json', 'governance/GROUND_TRUTH_MANIFEST_V1.json', 'governance/IMPLEMENTATION_TARGETS_V1.json', 'governance/MARKET_SIMULATION_POLICY_V1.json', 'governance/MIGRATION_DRILL_SPEC_V1.json', 'governance/MONEY_AND_CORPORATE_ACTIONS_SPEC_V1.json', 'governance/NO_LIVE_SCOPE_POLICY_V1.json', 'governance/PRIVATE_DATA_POLICY_V1.json', 'governance/PROJECT_METHOD_POLICY_V1.json', 'governance/RESEARCH_SUFFICIENCY_V1.json', 'governance/RUFF_CI_CONFIG_V1.toml', 'governance/TRACEABILITY_V1.json', 'governance/USER_INTENT_V1.json', 'governance/USER_SOURCE_EXCERPTS_V1.json', 'governance/VERIFICATION_SPECS_V1.json', 'governance/WORK_PACKET_POLICY_V1.json', 'governance/WORK_PACKET_POLICY_V2.json', 'governance/requirements-ci.txt', 'research/SAME_TASK_METHOD_COMPARISON_PREREGISTRATION_R9_2026-07-25.json'], actual=['PRODUCT_ASSURANCE_BLUEPRINT_V2.md', 'governance/ACCEPTANCE_CASES_V1.json', 'governance/ACCEPTANCE_CONTRACT_V1.json', 'governance/AI_PROJECT_RESEARCH_REGISTER_V1.json', 'governance/ASSURANCE_SUBJECTS_V1.json', 'governance/ASSURANCE_TRUST_MODEL_V1.json', 'governance/COMPONENT_REGISTRY_V1.json', 'governance/CONTEXT_RECOVERY_SPEC_V1.json', 'governance/DECISION_AUTHORITY_V1.json', 'governance/DEPENDENCY_BOUNDARY_V1.json', 'governance/EXECUTION_LOOP_POLICY_V1.json', 'governance/FAILURE_CLASSES_V1.json', 'governance/FIELD_USE_PROTOCOL_V1.json', 'governance/FROZEN_TEST_MANIFEST_V1.json', 'governance/GROUND_TRUTH_MANIFEST_V1.json', 'governance/IMPLEMENTATION_TARGETS_V1.json', 'governance/MARKET_SIMULATION_POLICY_V1.json', 'governance/MIGRATION_DRILL_SPEC_V1.json', 'governance/MONEY_AND_CORPORATE_ACTIONS_SPEC_V1.json', 'governance/NO_LIVE_SCOPE_POLICY_V1.json', 'governance/PRIVATE_DATA_POLICY_V1.json', 'governance/PROJECT_METHOD_POLICY_V1.json', 'governance/RESEARCH_SUFFICIENCY_V1.json', 'governance/RUFF_CI_CONFIG_V1.toml', 'governance/TRACEABILITY_V1.json', 'governance/USER_INTENT_V1.json', 'governance/USER_SOURCE_EXCERPTS_V1.json', 'governance/VERIFICATION_SPECS_V1.json', 'governance/WORK_PACKET_POLICY_V1.json', 'governance/requirements-ci.txt', 'research/SAME_TASK_METHOD_COMPARISON_PREREGISTRATION_R9_2026-07-25.json']\n", "stdout_sha256": "8afa7d59c292d1245facf69a337e66059080baad578bc1d55fa818703d0bfda1"}, "candidate_commit": "ec259bf477cbe046d035c8de7aba09d4a4b8682e", "candidate_tree": "95793e4d7c60ea087d2d968d6be9d0a2c66b947c", "completed_at": "2026-07-28T04:16:54.954186+00:00", "execution_fingerprint": "5e32504631cb2ff66f025f456622dd37418ce6169e7f58870552223ee8258509", "expected_rejection_substring": "CASE-PIT-LATE-RETRIEVAL freeze-critical semantics differ", "mode": "canonical", "mutation_observation": null, "mutation_spec_sha256": "1baaf7fd5239f872de52d3f0c1d3df18c037512a5931ac9691f1003c2537fa7e", "probe_id": "ATTACK-PIT-ORACLE-INVERSION", "project_prefix": "workspace/project/", "result": "invalid_baseline", "runner_exit_code": 2, "runner_id": "ids-design-freeze-attack-runner-v1", "runner_sha256": "6f704c4dce4f4f44c9779b6c5ca63499aae37ba27e0863300ff74579429e3961", "schema_version": 2, "started_at": "2026-07-28T04:16:49.781138+00:00", "target": null}


======================================================================
FAIL: test_fresh_clone_governance_nonzero_rejects_bundle_D (test_freeze_git_remote.FreezeGitRemoteCounterexampleTests.test_fresh_clone_governance_nonzero_rejects_bundle_D)
----------------------------------------------------------------------
Traceback (most recent call last):
  File "/private/tmp/ids-fed7-audit.kowOr4/repo/MyBrain/projects/investment-discipline-system/governance_tests/test_freeze_git_remote.py", line 1900, in test_fresh_clone_governance_nonzero_rejects_bundle_D
    self.create_frozen_bundle_file()
    ~~~~~~~~~~~~~~~~~~~~~~~~~~~~~~^^
  File "/private/tmp/ids-fed7-audit.kowOr4/repo/MyBrain/projects/investment-discipline-system/governance_tests/test_freeze_git_remote.py", line 844, in create_frozen_bundle_file
    reviewed = self.prepare_completed_freeze()
  File "/private/tmp/ids-fed7-audit.kowOr4/repo/MyBrain/projects/investment-discipline-system/governance_tests/test_freeze_git_remote.py", line 898, in prepare_completed_freeze
    receipt = self.run_attack(
        candidate_commit=reviewed_commit,
    ...<2 lines>...
        receipt_relative=receipt_relative,
    )
  File "/private/tmp/ids-fed7-audit.kowOr4/repo/MyBrain/projects/investment-discipline-system/governance_tests/test_freeze_git_remote.py", line 646, in run_attack
    self.assertEqual(completed.returncode, 0, completed.stdout)
    ~~~~~~~~~~~~~~~~^^^^^^^^^^^^^^^^^^^^^^^^^^^^^^^^^^^^^^^^^^^
AssertionError: 2 != 0 : {"baseline": {"argv": ["PYTHON", "scripts/verify_governance.py", "--allow-candidate"], "exit_code": 1, "stdout": "governance verification: FAIL\n- assurance metadata executable verification failed: ground-truth manifest: missing research primary artifact audits/PROJECT_METHOD_GAP_CLOSURE_REVIEW_R8_2026-07-25.md; ground-truth manifest: missing research primary artifact audits/PROJECT_GOVERNANCE_ADVERSARIAL_REVIEW_R10_2026-07-25.md\n- context recovery executable verification failed: {'message': \"STATUS.md is missing marker '## 当前裁决'\", 'oracle_id': 'CTX02-STATE-MARKER-MISSING'}; {'message': \"STATUS.md is missing marker '## 已有且仍然有效'\", 'oracle_id': 'CTX02-STATE-MARKER-MISSING'}; {'message': \"STATUS.md is missing marker '## 进行中'\", 'oracle_id': 'CTX02-STATE-MARKER-MISSING'}; {'message': \"STATUS.md is missing marker '## 当前下一步'\", 'oracle_id': 'CTX02-STATE-MARKER-MISSING'}; {'message': \"STATUS.md is missing marker '## 主要残余风险'\", 'oracle_id': 'CTX02-STATE-MARKER-MISSING'}; {'message': \"TASK_BOARD.md is missing marker '## 进行中'\", 'oracle_id': 'CTX02-STATE-MARKER-MISSING'}; {'message': \"TASK_BOARD.md is missing marker '## 已排队'\", 'oracle_id': 'CTX02-STATE-MARKER-MISSING'}; {'message': \"TASK_BOARD.md is missing marker '## 条件性任务'\", 'oracle_id': 'CTX02-STATE-MARKER-MISSING'}; {'message': \"TASK_BOARD.md is missing marker '## 已完成且证据仍有效'\", 'oracle_id': 'CTX02-STATE-MARKER-MISSING'}; {'message': \"TASK_BOARD.md is missing marker '## 工作规则'\", 'oracle_id': 'CTX02-STATE-MARKER-MISSING'}\n- work packets executable verification failed: DAG edge WP-CONTRACT-SUPERSESSION-CLOSURE-POLICY -> WP-METHOD-RUNTIME-FOUNDATION-S1: depends_on is not matched by activates; DAG edge WP-METHOD-RUNTIME-FOUNDATION-S1 -> WP-METHOD-INTEGRATION: activates is not matched by depends_on; goal METHOD-GOVERNANCE-CLOSURE: expected exactly one live root; found ['WP-CONTRACT-SUPERSESSION-CLOSURE-POLICY', 'WP-METHOD-INTEGRATION', 'WP-METHOD-RUNTIME-FOUNDATION-S1']; goal METHOD-GOVERNANCE-CLOSURE: expected exactly one live sink; found ['WP-CONTRACT-SUPERSESSION-CLOSURE-POLICY', 'WP-FREEZE-CLOSURE-PROTOCOL', 'WP-METHOD-RUNTIME-FOUNDATION-S1']; packet WP-CONTRACT-SUPERSESSION-CLOSURE-POLICY: activates packet 'WP-METHOD-RUNTIME-FOUNDATION' is superseded without an exact recovery alias; packet WP-METHOD-INTEGRATION: depends_on packet 'WP-METHOD-RUNTIME-FOUNDATION' is superseded without an exact recovery alias; packet WP-METHOD-RUNTIME-FOUNDATION: acceptance receipt is required before state superseded; packet WP-METHOD-RUNTIME-FOUNDATION: checkpoint receipt is required before state superseded; parallel packets WP-CONTRACT-SUPERSESSION-CLOSURE-POLICY and WP-FREEZE-CLOSURE-PROTOCOL: read/write conflict; WP-FREEZE-CLOSURE-PROTOCOL reads 'scripts/verify_contract_supersession.py' while WP-CONTRACT-SUPERSESSION-CLOSURE-POLICY writes 'scripts/verify_contract_supersession.py'; parallel packets WP-CONTRACT-SUPERSESSION-CLOSURE-POLICY and WP-METHOD-INTEGRATION: read/write conflict; WP-CONTRACT-SUPERSESSION-CLOSURE-POLICY reads 'governance/ACCEPTANCE_CONTRACT_V1.json' while WP-METHOD-INTEGRATION writes 'governance/ACCEPTANCE_CONTRACT_V1.json'; parallel packets WP-CONTRACT-SUPERSESSION-CLOSURE-POLICY and WP-METHOD-INTEGRATION: read/write conflict; WP-CONTRACT-SUPERSESSION-CLOSURE-POLICY reads 'governance/PROJECT_METHOD_POLICY_V1.json' while WP-METHOD-INTEGRATION writes 'governance/PROJECT_METHOD_POLICY_V1.json'; parallel packets WP-CONTRACT-SUPERSESSION-CLOSURE-POLICY and WP-METHOD-INTEGRATION: read/write conflict; WP-METHOD-INTEGRATION reads 'scripts/verify_contract_supersession.py' while WP-CONTRACT-SUPERSESSION-CLOSURE-POLICY writes 'scripts/verify_contract_supersession.py'; parallel packets WP-FREEZE-CLOSURE-PROTOCOL and WP-METHOD-RUNTIME-FOUNDATION-S1: read/write conflict; WP-FREEZE-CLOSURE-PROTOCOL reads 'scripts/verify_governance.py' while WP-METHOD-RUNTIME-FOUNDATION-S1 writes 'scripts/verify_governance.py'; parallel packets WP-METHOD-INTEGRATION and WP-METHOD-RUNTIME-FOUNDATION-S1: read/write conflict; WP-METHOD-INTEGRATION reads 'governance/PROJECT_STATE_VIEW_POLICY_V1.json' while WP-METHOD-RUNTIME-FOUNDATION-S1 writes 'governance/PROJECT_STATE_VIEW_POLICY_V1.json'; parallel packets WP-METHOD-INTEGRATION and WP-METHOD-RUNTIME-FOUNDATION-S1: read/write conflict; WP-METHOD-RUNTIME-FOUNDATION-S1 reads 'governance/AI_PROJECT_RESEARCH_REGISTER_V1.json' while WP-METHOD-INTEGRATION writes 'governance/AI_PROJECT_RESEARCH_REGISTER_V1.json'; parallel packets WP-METHOD-INTEGRATION and WP-METHOD-RUNTIME-FOUNDATION-S1: read/write conflict; WP-METHOD-RUNTIME-FOUNDATION-S1 reads 'governance/WORK_PACKET_POLICY_V2.json' while WP-METHOD-INTEGRATION writes 'governance/WORK_PACKET_POLICY_V2.json'; parallel packets WP-METHOD-INTEGRATION and WP-METHOD-RUNTIME-FOUNDATION-S1: read/write conflict; WP-METHOD-RUNTIME-FOUNDATION-S1 reads 'scripts/verify_work_packets.py' while WP-METHOD-INTEGRATION writes 'scripts/verify_work_packets.py'; unrecordable recovery: candidate snapshot could not be verified; unrecordable recovery: repository discovery: project prefix differs from the authorized scope\n- frozen tests executable verification failed: source sha256 mismatch for frozen-test file: governance_tests/test_governance_regression_runner.py; class AST sha256 mismatch for frozen-test class: governance_tests/test_governance_regression_runner.py::GovernanceRegressionRunnerTests\n- execution loop executable verification failed: V2 work-packet verification failed: DAG edge WP-CONTRACT-SUPERSESSION-CLOSURE-POLICY -> WP-METHOD-RUNTIME-FOUNDATION-S1: depends_on is not matched by activates; DAG edge WP-METHOD-RUNTIME-FOUNDATION-S1 -> WP-METHOD-INTEGRATION: activates is not matched by depends_on; goal METHOD-GOVERNANCE-CLOSURE: expected exactly one live root; found ['WP-CONTRACT-SUPERSESSION-CLOSURE-POLICY', 'WP-METHOD-INTEGRATION', 'WP-METHOD-RUNTIME-FOUNDATION-S1']; goal METHOD-GOVERNANCE-CLOSURE: expected exactly one live sink; found ['WP-CONTRACT-SUPERSESSION-CLOSURE-POLICY', 'WP-FREEZE-CLOSURE-PROTOCOL', 'WP-METHOD-RUNTIME-FOUNDATION-S1']; packet WP-CONTRACT-SUPERSESSION-CLOSURE-POLICY: activates packet 'WP-METHOD-RUNTIME-FOUNDATION' is superseded without an exact recovery alias; packet WP-METHOD-INTEGRATION: depends_on packet 'WP-METHOD-RUNTIME-FOUNDATION' is superseded without an exact recovery alias; packet WP-METHOD-RUNTIME-FOUNDATION: acceptance receipt is required before state superseded; packet WP-METHOD-RUNTIME-FOUNDATION: checkpoint receipt is required before state superseded; parallel packets WP-CONTRACT-SUPERSESSION-CLOSURE-POLICY and WP-FREEZE-CLOSURE-PROTOCOL: read/write conflict; WP-FREEZE-CLOSURE-PROTOCOL reads 'scripts/verify_contract_supersession.py' while WP-CONTRACT-SUPERSESSION-CLOSURE-POLICY writes 'scripts/verify_contract_supersession.py'; parallel packets WP-CONTRACT-SUPERSESSION-CLOSURE-POLICY and WP-METHOD-INTEGRATION: read/write conflict; WP-CONTRACT-SUPERSESSION-CLOSURE-POLICY reads 'governance/ACCEPTANCE_CONTRACT_V1.json' while WP-METHOD-INTEGRATION writes 'governance/ACCEPTANCE_CONTRACT_V1.json'; parallel packets WP-CONTRACT-SUPERSESSION-CLOSURE-POLICY and WP-METHOD-INTEGRATION: read/write conflict; WP-CONTRACT-SUPERSESSION-CLOSURE-POLICY reads 'governance/PROJECT_METHOD_POLICY_V1.json' while WP-METHOD-INTEGRATION writes 'governance/PROJECT_METHOD_POLICY_V1.json'; parallel packets WP-CONTRACT-SUPERSESSION-CLOSURE-POLICY and WP-METHOD-INTEGRATION: read/write conflict; WP-METHOD-INTEGRATION reads 'scripts/verify_contract_supersession.py' while WP-CONTRACT-SUPERSESSION-CLOSURE-POLICY writes 'scripts/verify_contract_supersession.py'; parallel packets WP-FREEZE-CLOSURE-PROTOCOL and WP-METHOD-RUNTIME-FOUNDATION-S1: read/write conflict; WP-FREEZE-CLOSURE-PROTOCOL reads 'scripts/verify_governance.py' while WP-METHOD-RUNTIME-FOUNDATION-S1 writes 'scripts/verify_governance.py'; parallel packets WP-METHOD-INTEGRATION and WP-METHOD-RUNTIME-FOUNDATION-S1: read/write conflict; WP-METHOD-INTEGRATION reads 'governance/PROJECT_STATE_VIEW_POLICY_V1.json' while WP-METHOD-RUNTIME-FOUNDATION-S1 writes 'governance/PROJECT_STATE_VIEW_POLICY_V1.json'; parallel packets WP-METHOD-INTEGRATION and WP-METHOD-RUNTIME-FOUNDATION-S1: read/write conflict; WP-METHOD-RUNTIME-FOUNDATION-S1 reads 'governance/AI_PROJECT_RESEARCH_REGISTER_V1.json' while WP-METHOD-INTEGRATION writes 'governance/AI_PROJECT_RESEARCH_REGISTER_V1.json'; parallel packets WP-METHOD-INTEGRATION and WP-METHOD-RUNTIME-FOUNDATION-S1: read/write conflict; WP-METHOD-RUNTIME-FOUNDATION-S1 reads 'governance/WORK_PACKET_POLICY_V2.json' while WP-METHOD-INTEGRATION writes 'governance/WORK_PACKET_POLICY_V2.json'; parallel packets WP-METHOD-INTEGRATION and WP-METHOD-RUNTIME-FOUNDATION-S1: read/write conflict; WP-METHOD-RUNTIME-FOUNDATION-S1 reads 'scripts/verify_work_packets.py' while WP-METHOD-INTEGRATION writes 'scripts/verify_work_packets.py'; unrecordable recovery: candidate snapshot could not be verified; unrecordable recovery: repository discovery: project prefix differs from the authorized scope; ledger WP-DEPENDENCY-BOUNDARY: latest controlled snapshot is stale; ledger WP-METHOD-INTEGRATION: latest controlled snapshot is stale; ledger WP-METHOD-RUNTIME-FOUNDATION-S1: latest controlled snapshot is stale\n- git rev-parse aa0a5966e114d6d7c87aa14fe2c27253f9f89f26^{tree} failed (128): fatal: ambiguous argument 'aa0a5966e114d6d7c87aa14fe2c27253f9f89f26^{tree}': unknown revision or path not in the working tree.\nUse '--' to separate paths from revisions, like this:\n'git <command> [<revision>...] -- [<file>...]'\n- normative frozen file boundary differs: expected=['PRODUCT_ASSURANCE_BLUEPRINT_V2.md', 'governance/ACCEPTANCE_CASES_V1.json', 'governance/ACCEPTANCE_CONTRACT_V1.json', 'governance/AI_PROJECT_RESEARCH_REGISTER_V1.json', 'governance/ASSURANCE_SUBJECTS_V1.json', 'governance/ASSURANCE_TRUST_MODEL_V1.json', 'governance/COMPONENT_REGISTRY_V1.json', 'governance/CONTEXT_RECOVERY_SPEC_V1.json', 'governance/DECISION_AUTHORITY_V1.json', 'governance/DEPENDENCY_BOUNDARY_V1.json', 'governance/EXECUTION_LOOP_POLICY_V1.json', 'governance/EXECUTION_LOOP_POLICY_V2.json', 'governance/FAILURE_CLASSES_V1.json', 'governance/FIELD_USE_PROTOCOL_V1.json', 'governance/FROZEN_TEST_MANIFEST_V1.json', 'governance/GROUND_TRUTH_MANIFEST_V1.json', 'governance/IMPLEMENTATION_TARGETS_V1.json', 'governance/MARKET_SIMULATION_POLICY_V1.json', 'governance/MIGRATION_DRILL_SPEC_V1.json', 'governance/MONEY_AND_CORPORATE_ACTIONS_SPEC_V1.json', 'governance/NO_LIVE_SCOPE_POLICY_V1.json', 'governance/PRIVATE_DATA_POLICY_V1.json', 'governance/PROJECT_METHOD_POLICY_V1.json', 'governance/RESEARCH_SUFFICIENCY_V1.json', 'governance/RUFF_CI_CONFIG_V1.toml', 'governance/TRACEABILITY_V1.json', 'governance/USER_INTENT_V1.json', 'governance/USER_SOURCE_EXCERPTS_V1.json', 'governance/VERIFICATION_SPECS_V1.json', 'governance/WORK_PACKET_POLICY_V1.json', 'governance/WORK_PACKET_POLICY_V2.json', 'governance/requirements-ci.txt', 'research/SAME_TASK_METHOD_COMPARISON_PREREGISTRATION_R9_2026-07-25.json'], actual=['PRODUCT_ASSURANCE_BLUEPRINT_V2.md', 'governance/ACCEPTANCE_CASES_V1.json', 'governance/ACCEPTANCE_CONTRACT_V1.json', 'governance/AI_PROJECT_RESEARCH_REGISTER_V1.json', 'governance/ASSURANCE_SUBJECTS_V1.json', 'governance/ASSURANCE_TRUST_MODEL_V1.json', 'governance/COMPONENT_REGISTRY_V1.json', 'governance/CONTEXT_RECOVERY_SPEC_V1.json', 'governance/DECISION_AUTHORITY_V1.json', 'governance/DEPENDENCY_BOUNDARY_V1.json', 'governance/EXECUTION_LOOP_POLICY_V1.json', 'governance/FAILURE_CLASSES_V1.json', 'governance/FIELD_USE_PROTOCOL_V1.json', 'governance/FROZEN_TEST_MANIFEST_V1.json', 'governance/GROUND_TRUTH_MANIFEST_V1.json', 'governance/IMPLEMENTATION_TARGETS_V1.json', 'governance/MARKET_SIMULATION_POLICY_V1.json', 'governance/MIGRATION_DRILL_SPEC_V1.json', 'governance/MONEY_AND_CORPORATE_ACTIONS_SPEC_V1.json', 'governance/NO_LIVE_SCOPE_POLICY_V1.json', 'governance/PRIVATE_DATA_POLICY_V1.json', 'governance/PROJECT_METHOD_POLICY_V1.json', 'governance/RESEARCH_SUFFICIENCY_V1.json', 'governance/RUFF_CI_CONFIG_V1.toml', 'governance/TRACEABILITY_V1.json', 'governance/USER_INTENT_V1.json', 'governance/USER_SOURCE_EXCERPTS_V1.json', 'governance/VERIFICATION_SPECS_V1.json', 'governance/WORK_PACKET_POLICY_V1.json', 'governance/requirements-ci.txt', 'research/SAME_TASK_METHOD_COMPARISON_PREREGISTRATION_R9_2026-07-25.json']\n", "stdout_sha256": "8afa7d59c292d1245facf69a337e66059080baad578bc1d55fa818703d0bfda1"}, "candidate_commit": "c56be501e71f67e2410bcfeb125b898a3f90f9f9", "candidate_tree": "d9f804f31326c07b7de15d44183e1151369d235d", "completed_at": "2026-07-28T04:17:21.159032+00:00", "execution_fingerprint": "225ef1b38413b912b46dc1eff37f100f35ad9c98c313ec352bd5eb8f63fb5c63", "expected_rejection_substring": "CASE-PIT-LATE-RETRIEVAL freeze-critical semantics differ", "mode": "canonical", "mutation_observation": null, "mutation_spec_sha256": "1baaf7fd5239f872de52d3f0c1d3df18c037512a5931ac9691f1003c2537fa7e", "probe_id": "ATTACK-PIT-ORACLE-INVERSION", "project_prefix": "workspace/project/", "result": "invalid_baseline", "runner_exit_code": 2, "runner_id": "ids-design-freeze-attack-runner-v1", "runner_sha256": "6f704c4dce4f4f44c9779b6c5ca63499aae37ba27e0863300ff74579429e3961", "schema_version": 2, "started_at": "2026-07-28T04:17:16.363497+00:00", "target": null}


======================================================================
FAIL: test_governance_normal_mode_rejects_forged_inner_scope (test_freeze_git_remote.FreezeGitRemoteCounterexampleTests.test_governance_normal_mode_rejects_forged_inner_scope)
----------------------------------------------------------------------
Traceback (most recent call last):
  File "/private/tmp/ids-fed7-audit.kowOr4/repo/MyBrain/projects/investment-discipline-system/governance_tests/test_freeze_git_remote.py", line 2022, in test_governance_normal_mode_rejects_forged_inner_scope
    self.create_frozen_bundle_file()
    ~~~~~~~~~~~~~~~~~~~~~~~~~~~~~~^^
  File "/private/tmp/ids-fed7-audit.kowOr4/repo/MyBrain/projects/investment-discipline-system/governance_tests/test_freeze_git_remote.py", line 844, in create_frozen_bundle_file
    reviewed = self.prepare_completed_freeze()
  File "/private/tmp/ids-fed7-audit.kowOr4/repo/MyBrain/projects/investment-discipline-system/governance_tests/test_freeze_git_remote.py", line 898, in prepare_completed_freeze
    receipt = self.run_attack(
        candidate_commit=reviewed_commit,
    ...<2 lines>...
        receipt_relative=receipt_relative,
    )
  File "/private/tmp/ids-fed7-audit.kowOr4/repo/MyBrain/projects/investment-discipline-system/governance_tests/test_freeze_git_remote.py", line 646, in run_attack
    self.assertEqual(completed.returncode, 0, completed.stdout)
    ~~~~~~~~~~~~~~~~^^^^^^^^^^^^^^^^^^^^^^^^^^^^^^^^^^^^^^^^^^^
AssertionError: 2 != 0 : {"baseline": {"argv": ["PYTHON", "scripts/verify_governance.py", "--allow-candidate"], "exit_code": 1, "stdout": "governance verification: FAIL\n- assurance metadata executable verification failed: ground-truth manifest: missing research primary artifact audits/PROJECT_METHOD_GAP_CLOSURE_REVIEW_R8_2026-07-25.md; ground-truth manifest: missing research primary artifact audits/PROJECT_GOVERNANCE_ADVERSARIAL_REVIEW_R10_2026-07-25.md\n- context recovery executable verification failed: {'message': \"STATUS.md is missing marker '## 当前裁决'\", 'oracle_id': 'CTX02-STATE-MARKER-MISSING'}; {'message': \"STATUS.md is missing marker '## 已有且仍然有效'\", 'oracle_id': 'CTX02-STATE-MARKER-MISSING'}; {'message': \"STATUS.md is missing marker '## 进行中'\", 'oracle_id': 'CTX02-STATE-MARKER-MISSING'}; {'message': \"STATUS.md is missing marker '## 当前下一步'\", 'oracle_id': 'CTX02-STATE-MARKER-MISSING'}; {'message': \"STATUS.md is missing marker '## 主要残余风险'\", 'oracle_id': 'CTX02-STATE-MARKER-MISSING'}; {'message': \"TASK_BOARD.md is missing marker '## 进行中'\", 'oracle_id': 'CTX02-STATE-MARKER-MISSING'}; {'message': \"TASK_BOARD.md is missing marker '## 已排队'\", 'oracle_id': 'CTX02-STATE-MARKER-MISSING'}; {'message': \"TASK_BOARD.md is missing marker '## 条件性任务'\", 'oracle_id': 'CTX02-STATE-MARKER-MISSING'}; {'message': \"TASK_BOARD.md is missing marker '## 已完成且证据仍有效'\", 'oracle_id': 'CTX02-STATE-MARKER-MISSING'}; {'message': \"TASK_BOARD.md is missing marker '## 工作规则'\", 'oracle_id': 'CTX02-STATE-MARKER-MISSING'}\n- work packets executable verification failed: DAG edge WP-CONTRACT-SUPERSESSION-CLOSURE-POLICY -> WP-METHOD-RUNTIME-FOUNDATION-S1: depends_on is not matched by activates; DAG edge WP-METHOD-RUNTIME-FOUNDATION-S1 -> WP-METHOD-INTEGRATION: activates is not matched by depends_on; goal METHOD-GOVERNANCE-CLOSURE: expected exactly one live root; found ['WP-CONTRACT-SUPERSESSION-CLOSURE-POLICY', 'WP-METHOD-INTEGRATION', 'WP-METHOD-RUNTIME-FOUNDATION-S1']; goal METHOD-GOVERNANCE-CLOSURE: expected exactly one live sink; found ['WP-CONTRACT-SUPERSESSION-CLOSURE-POLICY', 'WP-FREEZE-CLOSURE-PROTOCOL', 'WP-METHOD-RUNTIME-FOUNDATION-S1']; packet WP-CONTRACT-SUPERSESSION-CLOSURE-POLICY: activates packet 'WP-METHOD-RUNTIME-FOUNDATION' is superseded without an exact recovery alias; packet WP-METHOD-INTEGRATION: depends_on packet 'WP-METHOD-RUNTIME-FOUNDATION' is superseded without an exact recovery alias; packet WP-METHOD-RUNTIME-FOUNDATION: acceptance receipt is required before state superseded; packet WP-METHOD-RUNTIME-FOUNDATION: checkpoint receipt is required before state superseded; parallel packets WP-CONTRACT-SUPERSESSION-CLOSURE-POLICY and WP-FREEZE-CLOSURE-PROTOCOL: read/write conflict; WP-FREEZE-CLOSURE-PROTOCOL reads 'scripts/verify_contract_supersession.py' while WP-CONTRACT-SUPERSESSION-CLOSURE-POLICY writes 'scripts/verify_contract_supersession.py'; parallel packets WP-CONTRACT-SUPERSESSION-CLOSURE-POLICY and WP-METHOD-INTEGRATION: read/write conflict; WP-CONTRACT-SUPERSESSION-CLOSURE-POLICY reads 'governance/ACCEPTANCE_CONTRACT_V1.json' while WP-METHOD-INTEGRATION writes 'governance/ACCEPTANCE_CONTRACT_V1.json'; parallel packets WP-CONTRACT-SUPERSESSION-CLOSURE-POLICY and WP-METHOD-INTEGRATION: read/write conflict; WP-CONTRACT-SUPERSESSION-CLOSURE-POLICY reads 'governance/PROJECT_METHOD_POLICY_V1.json' while WP-METHOD-INTEGRATION writes 'governance/PROJECT_METHOD_POLICY_V1.json'; parallel packets WP-CONTRACT-SUPERSESSION-CLOSURE-POLICY and WP-METHOD-INTEGRATION: read/write conflict; WP-METHOD-INTEGRATION reads 'scripts/verify_contract_supersession.py' while WP-CONTRACT-SUPERSESSION-CLOSURE-POLICY writes 'scripts/verify_contract_supersession.py'; parallel packets WP-FREEZE-CLOSURE-PROTOCOL and WP-METHOD-RUNTIME-FOUNDATION-S1: read/write conflict; WP-FREEZE-CLOSURE-PROTOCOL reads 'scripts/verify_governance.py' while WP-METHOD-RUNTIME-FOUNDATION-S1 writes 'scripts/verify_governance.py'; parallel packets WP-METHOD-INTEGRATION and WP-METHOD-RUNTIME-FOUNDATION-S1: read/write conflict; WP-METHOD-INTEGRATION reads 'governance/PROJECT_STATE_VIEW_POLICY_V1.json' while WP-METHOD-RUNTIME-FOUNDATION-S1 writes 'governance/PROJECT_STATE_VIEW_POLICY_V1.json'; parallel packets WP-METHOD-INTEGRATION and WP-METHOD-RUNTIME-FOUNDATION-S1: read/write conflict; WP-METHOD-RUNTIME-FOUNDATION-S1 reads 'governance/AI_PROJECT_RESEARCH_REGISTER_V1.json' while WP-METHOD-INTEGRATION writes 'governance/AI_PROJECT_RESEARCH_REGISTER_V1.json'; parallel packets WP-METHOD-INTEGRATION and WP-METHOD-RUNTIME-FOUNDATION-S1: read/write conflict; WP-METHOD-RUNTIME-FOUNDATION-S1 reads 'governance/WORK_PACKET_POLICY_V2.json' while WP-METHOD-INTEGRATION writes 'governance/WORK_PACKET_POLICY_V2.json'; parallel packets WP-METHOD-INTEGRATION and WP-METHOD-RUNTIME-FOUNDATION-S1: read/write conflict; WP-METHOD-RUNTIME-FOUNDATION-S1 reads 'scripts/verify_work_packets.py' while WP-METHOD-INTEGRATION writes 'scripts/verify_work_packets.py'; unrecordable recovery: candidate snapshot could not be verified; unrecordable recovery: repository discovery: project prefix differs from the authorized scope\n- frozen tests executable verification failed: source sha256 mismatch for frozen-test file: governance_tests/test_governance_regression_runner.py; class AST sha256 mismatch for frozen-test class: governance_tests/test_governance_regression_runner.py::GovernanceRegressionRunnerTests\n- execution loop executable verification failed: V2 work-packet verification failed: DAG edge WP-CONTRACT-SUPERSESSION-CLOSURE-POLICY -> WP-METHOD-RUNTIME-FOUNDATION-S1: depends_on is not matched by activates; DAG edge WP-METHOD-RUNTIME-FOUNDATION-S1 -> WP-METHOD-INTEGRATION: activates is not matched by depends_on; goal METHOD-GOVERNANCE-CLOSURE: expected exactly one live root; found ['WP-CONTRACT-SUPERSESSION-CLOSURE-POLICY', 'WP-METHOD-INTEGRATION', 'WP-METHOD-RUNTIME-FOUNDATION-S1']; goal METHOD-GOVERNANCE-CLOSURE: expected exactly one live sink; found ['WP-CONTRACT-SUPERSESSION-CLOSURE-POLICY', 'WP-FREEZE-CLOSURE-PROTOCOL', 'WP-METHOD-RUNTIME-FOUNDATION-S1']; packet WP-CONTRACT-SUPERSESSION-CLOSURE-POLICY: activates packet 'WP-METHOD-RUNTIME-FOUNDATION' is superseded without an exact recovery alias; packet WP-METHOD-INTEGRATION: depends_on packet 'WP-METHOD-RUNTIME-FOUNDATION' is superseded without an exact recovery alias; packet WP-METHOD-RUNTIME-FOUNDATION: acceptance receipt is required before state superseded; packet WP-METHOD-RUNTIME-FOUNDATION: checkpoint receipt is required before state superseded; parallel packets WP-CONTRACT-SUPERSESSION-CLOSURE-POLICY and WP-FREEZE-CLOSURE-PROTOCOL: read/write conflict; WP-FREEZE-CLOSURE-PROTOCOL reads 'scripts/verify_contract_supersession.py' while WP-CONTRACT-SUPERSESSION-CLOSURE-POLICY writes 'scripts/verify_contract_supersession.py'; parallel packets WP-CONTRACT-SUPERSESSION-CLOSURE-POLICY and WP-METHOD-INTEGRATION: read/write conflict; WP-CONTRACT-SUPERSESSION-CLOSURE-POLICY reads 'governance/ACCEPTANCE_CONTRACT_V1.json' while WP-METHOD-INTEGRATION writes 'governance/ACCEPTANCE_CONTRACT_V1.json'; parallel packets WP-CONTRACT-SUPERSESSION-CLOSURE-POLICY and WP-METHOD-INTEGRATION: read/write conflict; WP-CONTRACT-SUPERSESSION-CLOSURE-POLICY reads 'governance/PROJECT_METHOD_POLICY_V1.json' while WP-METHOD-INTEGRATION writes 'governance/PROJECT_METHOD_POLICY_V1.json'; parallel packets WP-CONTRACT-SUPERSESSION-CLOSURE-POLICY and WP-METHOD-INTEGRATION: read/write conflict; WP-METHOD-INTEGRATION reads 'scripts/verify_contract_supersession.py' while WP-CONTRACT-SUPERSESSION-CLOSURE-POLICY writes 'scripts/verify_contract_supersession.py'; parallel packets WP-FREEZE-CLOSURE-PROTOCOL and WP-METHOD-RUNTIME-FOUNDATION-S1: read/write conflict; WP-FREEZE-CLOSURE-PROTOCOL reads 'scripts/verify_governance.py' while WP-METHOD-RUNTIME-FOUNDATION-S1 writes 'scripts/verify_governance.py'; parallel packets WP-METHOD-INTEGRATION and WP-METHOD-RUNTIME-FOUNDATION-S1: read/write conflict; WP-METHOD-INTEGRATION reads 'governance/PROJECT_STATE_VIEW_POLICY_V1.json' while WP-METHOD-RUNTIME-FOUNDATION-S1 writes 'governance/PROJECT_STATE_VIEW_POLICY_V1.json'; parallel packets WP-METHOD-INTEGRATION and WP-METHOD-RUNTIME-FOUNDATION-S1: read/write conflict; WP-METHOD-RUNTIME-FOUNDATION-S1 reads 'governance/AI_PROJECT_RESEARCH_REGISTER_V1.json' while WP-METHOD-INTEGRATION writes 'governance/AI_PROJECT_RESEARCH_REGISTER_V1.json'; parallel packets WP-METHOD-INTEGRATION and WP-METHOD-RUNTIME-FOUNDATION-S1: read/write conflict; WP-METHOD-RUNTIME-FOUNDATION-S1 reads 'governance/WORK_PACKET_POLICY_V2.json' while WP-METHOD-INTEGRATION writes 'governance/WORK_PACKET_POLICY_V2.json'; parallel packets WP-METHOD-INTEGRATION and WP-METHOD-RUNTIME-FOUNDATION-S1: read/write conflict; WP-METHOD-RUNTIME-FOUNDATION-S1 reads 'scripts/verify_work_packets.py' while WP-METHOD-INTEGRATION writes 'scripts/verify_work_packets.py'; unrecordable recovery: candidate snapshot could not be verified; unrecordable recovery: repository discovery: project prefix differs from the authorized scope; ledger WP-DEPENDENCY-BOUNDARY: latest controlled snapshot is stale; ledger WP-METHOD-INTEGRATION: latest controlled snapshot is stale; ledger WP-METHOD-RUNTIME-FOUNDATION-S1: latest controlled snapshot is stale\n- git rev-parse aa0a5966e114d6d7c87aa14fe2c27253f9f89f26^{tree} failed (128): fatal: ambiguous argument 'aa0a5966e114d6d7c87aa14fe2c27253f9f89f26^{tree}': unknown revision or path not in the working tree.\nUse '--' to separate paths from revisions, like this:\n'git <command> [<revision>...] -- [<file>...]'\n- normative frozen file boundary differs: expected=['PRODUCT_ASSURANCE_BLUEPRINT_V2.md', 'governance/ACCEPTANCE_CASES_V1.json', 'governance/ACCEPTANCE_CONTRACT_V1.json', 'governance/AI_PROJECT_RESEARCH_REGISTER_V1.json', 'governance/ASSURANCE_SUBJECTS_V1.json', 'governance/ASSURANCE_TRUST_MODEL_V1.json', 'governance/COMPONENT_REGISTRY_V1.json', 'governance/CONTEXT_RECOVERY_SPEC_V1.json', 'governance/DECISION_AUTHORITY_V1.json', 'governance/DEPENDENCY_BOUNDARY_V1.json', 'governance/EXECUTION_LOOP_POLICY_V1.json', 'governance/EXECUTION_LOOP_POLICY_V2.json', 'governance/FAILURE_CLASSES_V1.json', 'governance/FIELD_USE_PROTOCOL_V1.json', 'governance/FROZEN_TEST_MANIFEST_V1.json', 'governance/GROUND_TRUTH_MANIFEST_V1.json', 'governance/IMPLEMENTATION_TARGETS_V1.json', 'governance/MARKET_SIMULATION_POLICY_V1.json', 'governance/MIGRATION_DRILL_SPEC_V1.json', 'governance/MONEY_AND_CORPORATE_ACTIONS_SPEC_V1.json', 'governance/NO_LIVE_SCOPE_POLICY_V1.json', 'governance/PRIVATE_DATA_POLICY_V1.json', 'governance/PROJECT_METHOD_POLICY_V1.json', 'governance/RESEARCH_SUFFICIENCY_V1.json', 'governance/RUFF_CI_CONFIG_V1.toml', 'governance/TRACEABILITY_V1.json', 'governance/USER_INTENT_V1.json', 'governance/USER_SOURCE_EXCERPTS_V1.json', 'governance/VERIFICATION_SPECS_V1.json', 'governance/WORK_PACKET_POLICY_V1.json', 'governance/WORK_PACKET_POLICY_V2.json', 'governance/requirements-ci.txt', 'research/SAME_TASK_METHOD_COMPARISON_PREREGISTRATION_R9_2026-07-25.json'], actual=['PRODUCT_ASSURANCE_BLUEPRINT_V2.md', 'governance/ACCEPTANCE_CASES_V1.json', 'governance/ACCEPTANCE_CONTRACT_V1.json', 'governance/AI_PROJECT_RESEARCH_REGISTER_V1.json', 'governance/ASSURANCE_SUBJECTS_V1.json', 'governance/ASSURANCE_TRUST_MODEL_V1.json', 'governance/COMPONENT_REGISTRY_V1.json', 'governance/CONTEXT_RECOVERY_SPEC_V1.json', 'governance/DECISION_AUTHORITY_V1.json', 'governance/DEPENDENCY_BOUNDARY_V1.json', 'governance/EXECUTION_LOOP_POLICY_V1.json', 'governance/FAILURE_CLASSES_V1.json', 'governance/FIELD_USE_PROTOCOL_V1.json', 'governance/FROZEN_TEST_MANIFEST_V1.json', 'governance/GROUND_TRUTH_MANIFEST_V1.json', 'governance/IMPLEMENTATION_TARGETS_V1.json', 'governance/MARKET_SIMULATION_POLICY_V1.json', 'governance/MIGRATION_DRILL_SPEC_V1.json', 'governance/MONEY_AND_CORPORATE_ACTIONS_SPEC_V1.json', 'governance/NO_LIVE_SCOPE_POLICY_V1.json', 'governance/PRIVATE_DATA_POLICY_V1.json', 'governance/PROJECT_METHOD_POLICY_V1.json', 'governance/RESEARCH_SUFFICIENCY_V1.json', 'governance/RUFF_CI_CONFIG_V1.toml', 'governance/TRACEABILITY_V1.json', 'governance/USER_INTENT_V1.json', 'governance/USER_SOURCE_EXCERPTS_V1.json', 'governance/VERIFICATION_SPECS_V1.json', 'governance/WORK_PACKET_POLICY_V1.json', 'governance/requirements-ci.txt', 'research/SAME_TASK_METHOD_COMPARISON_PREREGISTRATION_R9_2026-07-25.json']\n", "stdout_sha256": "8afa7d59c292d1245facf69a337e66059080baad578bc1d55fa818703d0bfda1"}, "candidate_commit": "bb4995fe2e0a1eb9398aa1fc39ba84447790b33c", "candidate_tree": "a99c2268a275b8811f8909119d3ad405edc0a871", "completed_at": "2026-07-28T04:18:15.924307+00:00", "execution_fingerprint": "14a9fa1218698e1ee7edc42a6d0e5f79821dc55dd6e759582f1eb07b9eca3cdd", "expected_rejection_substring": "CASE-PIT-LATE-RETRIEVAL freeze-critical semantics differ", "mode": "canonical", "mutation_observation": null, "mutation_spec_sha256": "1baaf7fd5239f872de52d3f0c1d3df18c037512a5931ac9691f1003c2537fa7e", "probe_id": "ATTACK-PIT-ORACLE-INVERSION", "project_prefix": "workspace/project/", "result": "invalid_baseline", "runner_exit_code": 2, "runner_id": "ids-design-freeze-attack-runner-v1", "runner_sha256": "6f704c4dce4f4f44c9779b6c5ca63499aae37ba27e0863300ff74579429e3961", "schema_version": 2, "started_at": "2026-07-28T04:18:11.079849+00:00", "target": null}


======================================================================
FAIL: test_inner_clone_result_cannot_claim_full_outer_verification (test_freeze_git_remote.FreezeGitRemoteCounterexampleTests.test_inner_clone_result_cannot_claim_full_outer_verification)
----------------------------------------------------------------------
Traceback (most recent call last):
  File "/private/tmp/ids-fed7-audit.kowOr4/repo/MyBrain/projects/investment-discipline-system/governance_tests/test_freeze_git_remote.py", line 1973, in test_inner_clone_result_cannot_claim_full_outer_verification
    self.create_frozen_bundle_file()
    ~~~~~~~~~~~~~~~~~~~~~~~~~~~~~~^^
  File "/private/tmp/ids-fed7-audit.kowOr4/repo/MyBrain/projects/investment-discipline-system/governance_tests/test_freeze_git_remote.py", line 844, in create_frozen_bundle_file
    reviewed = self.prepare_completed_freeze()
  File "/private/tmp/ids-fed7-audit.kowOr4/repo/MyBrain/projects/investment-discipline-system/governance_tests/test_freeze_git_remote.py", line 898, in prepare_completed_freeze
    receipt = self.run_attack(
        candidate_commit=reviewed_commit,
    ...<2 lines>...
        receipt_relative=receipt_relative,
    )
  File "/private/tmp/ids-fed7-audit.kowOr4/repo/MyBrain/projects/investment-discipline-system/governance_tests/test_freeze_git_remote.py", line 646, in run_attack
    self.assertEqual(completed.returncode, 0, completed.stdout)
    ~~~~~~~~~~~~~~~~^^^^^^^^^^^^^^^^^^^^^^^^^^^^^^^^^^^^^^^^^^^
AssertionError: 2 != 0 : {"baseline": {"argv": ["PYTHON", "scripts/verify_governance.py", "--allow-candidate"], "exit_code": 1, "stdout": "governance verification: FAIL\n- assurance metadata executable verification failed: ground-truth manifest: missing research primary artifact audits/PROJECT_METHOD_GAP_CLOSURE_REVIEW_R8_2026-07-25.md; ground-truth manifest: missing research primary artifact audits/PROJECT_GOVERNANCE_ADVERSARIAL_REVIEW_R10_2026-07-25.md\n- context recovery executable verification failed: {'message': \"STATUS.md is missing marker '## 当前裁决'\", 'oracle_id': 'CTX02-STATE-MARKER-MISSING'}; {'message': \"STATUS.md is missing marker '## 已有且仍然有效'\", 'oracle_id': 'CTX02-STATE-MARKER-MISSING'}; {'message': \"STATUS.md is missing marker '## 进行中'\", 'oracle_id': 'CTX02-STATE-MARKER-MISSING'}; {'message': \"STATUS.md is missing marker '## 当前下一步'\", 'oracle_id': 'CTX02-STATE-MARKER-MISSING'}; {'message': \"STATUS.md is missing marker '## 主要残余风险'\", 'oracle_id': 'CTX02-STATE-MARKER-MISSING'}; {'message': \"TASK_BOARD.md is missing marker '## 进行中'\", 'oracle_id': 'CTX02-STATE-MARKER-MISSING'}; {'message': \"TASK_BOARD.md is missing marker '## 已排队'\", 'oracle_id': 'CTX02-STATE-MARKER-MISSING'}; {'message': \"TASK_BOARD.md is missing marker '## 条件性任务'\", 'oracle_id': 'CTX02-STATE-MARKER-MISSING'}; {'message': \"TASK_BOARD.md is missing marker '## 已完成且证据仍有效'\", 'oracle_id': 'CTX02-STATE-MARKER-MISSING'}; {'message': \"TASK_BOARD.md is missing marker '## 工作规则'\", 'oracle_id': 'CTX02-STATE-MARKER-MISSING'}\n- work packets executable verification failed: DAG edge WP-CONTRACT-SUPERSESSION-CLOSURE-POLICY -> WP-METHOD-RUNTIME-FOUNDATION-S1: depends_on is not matched by activates; DAG edge WP-METHOD-RUNTIME-FOUNDATION-S1 -> WP-METHOD-INTEGRATION: activates is not matched by depends_on; goal METHOD-GOVERNANCE-CLOSURE: expected exactly one live root; found ['WP-CONTRACT-SUPERSESSION-CLOSURE-POLICY', 'WP-METHOD-INTEGRATION', 'WP-METHOD-RUNTIME-FOUNDATION-S1']; goal METHOD-GOVERNANCE-CLOSURE: expected exactly one live sink; found ['WP-CONTRACT-SUPERSESSION-CLOSURE-POLICY', 'WP-FREEZE-CLOSURE-PROTOCOL', 'WP-METHOD-RUNTIME-FOUNDATION-S1']; packet WP-CONTRACT-SUPERSESSION-CLOSURE-POLICY: activates packet 'WP-METHOD-RUNTIME-FOUNDATION' is superseded without an exact recovery alias; packet WP-METHOD-INTEGRATION: depends_on packet 'WP-METHOD-RUNTIME-FOUNDATION' is superseded without an exact recovery alias; packet WP-METHOD-RUNTIME-FOUNDATION: acceptance receipt is required before state superseded; packet WP-METHOD-RUNTIME-FOUNDATION: checkpoint receipt is required before state superseded; parallel packets WP-CONTRACT-SUPERSESSION-CLOSURE-POLICY and WP-FREEZE-CLOSURE-PROTOCOL: read/write conflict; WP-FREEZE-CLOSURE-PROTOCOL reads 'scripts/verify_contract_supersession.py' while WP-CONTRACT-SUPERSESSION-CLOSURE-POLICY writes 'scripts/verify_contract_supersession.py'; parallel packets WP-CONTRACT-SUPERSESSION-CLOSURE-POLICY and WP-METHOD-INTEGRATION: read/write conflict; WP-CONTRACT-SUPERSESSION-CLOSURE-POLICY reads 'governance/ACCEPTANCE_CONTRACT_V1.json' while WP-METHOD-INTEGRATION writes 'governance/ACCEPTANCE_CONTRACT_V1.json'; parallel packets WP-CONTRACT-SUPERSESSION-CLOSURE-POLICY and WP-METHOD-INTEGRATION: read/write conflict; WP-CONTRACT-SUPERSESSION-CLOSURE-POLICY reads 'governance/PROJECT_METHOD_POLICY_V1.json' while WP-METHOD-INTEGRATION writes 'governance/PROJECT_METHOD_POLICY_V1.json'; parallel packets WP-CONTRACT-SUPERSESSION-CLOSURE-POLICY and WP-METHOD-INTEGRATION: read/write conflict; WP-METHOD-INTEGRATION reads 'scripts/verify_contract_supersession.py' while WP-CONTRACT-SUPERSESSION-CLOSURE-POLICY writes 'scripts/verify_contract_supersession.py'; parallel packets WP-FREEZE-CLOSURE-PROTOCOL and WP-METHOD-RUNTIME-FOUNDATION-S1: read/write conflict; WP-FREEZE-CLOSURE-PROTOCOL reads 'scripts/verify_governance.py' while WP-METHOD-RUNTIME-FOUNDATION-S1 writes 'scripts/verify_governance.py'; parallel packets WP-METHOD-INTEGRATION and WP-METHOD-RUNTIME-FOUNDATION-S1: read/write conflict; WP-METHOD-INTEGRATION reads 'governance/PROJECT_STATE_VIEW_POLICY_V1.json' while WP-METHOD-RUNTIME-FOUNDATION-S1 writes 'governance/PROJECT_STATE_VIEW_POLICY_V1.json'; parallel packets WP-METHOD-INTEGRATION and WP-METHOD-RUNTIME-FOUNDATION-S1: read/write conflict; WP-METHOD-RUNTIME-FOUNDATION-S1 reads 'governance/AI_PROJECT_RESEARCH_REGISTER_V1.json' while WP-METHOD-INTEGRATION writes 'governance/AI_PROJECT_RESEARCH_REGISTER_V1.json'; parallel packets WP-METHOD-INTEGRATION and WP-METHOD-RUNTIME-FOUNDATION-S1: read/write conflict; WP-METHOD-RUNTIME-FOUNDATION-S1 reads 'governance/WORK_PACKET_POLICY_V2.json' while WP-METHOD-INTEGRATION writes 'governance/WORK_PACKET_POLICY_V2.json'; parallel packets WP-METHOD-INTEGRATION and WP-METHOD-RUNTIME-FOUNDATION-S1: read/write conflict; WP-METHOD-RUNTIME-FOUNDATION-S1 reads 'scripts/verify_work_packets.py' while WP-METHOD-INTEGRATION writes 'scripts/verify_work_packets.py'; unrecordable recovery: candidate snapshot could not be verified; unrecordable recovery: repository discovery: project prefix differs from the authorized scope\n- frozen tests executable verification failed: source sha256 mismatch for frozen-test file: governance_tests/test_governance_regression_runner.py; class AST sha256 mismatch for frozen-test class: governance_tests/test_governance_regression_runner.py::GovernanceRegressionRunnerTests\n- execution loop executable verification failed: V2 work-packet verification failed: DAG edge WP-CONTRACT-SUPERSESSION-CLOSURE-POLICY -> WP-METHOD-RUNTIME-FOUNDATION-S1: depends_on is not matched by activates; DAG edge WP-METHOD-RUNTIME-FOUNDATION-S1 -> WP-METHOD-INTEGRATION: activates is not matched by depends_on; goal METHOD-GOVERNANCE-CLOSURE: expected exactly one live root; found ['WP-CONTRACT-SUPERSESSION-CLOSURE-POLICY', 'WP-METHOD-INTEGRATION', 'WP-METHOD-RUNTIME-FOUNDATION-S1']; goal METHOD-GOVERNANCE-CLOSURE: expected exactly one live sink; found ['WP-CONTRACT-SUPERSESSION-CLOSURE-POLICY', 'WP-FREEZE-CLOSURE-PROTOCOL', 'WP-METHOD-RUNTIME-FOUNDATION-S1']; packet WP-CONTRACT-SUPERSESSION-CLOSURE-POLICY: activates packet 'WP-METHOD-RUNTIME-FOUNDATION' is superseded without an exact recovery alias; packet WP-METHOD-INTEGRATION: depends_on packet 'WP-METHOD-RUNTIME-FOUNDATION' is superseded without an exact recovery alias; packet WP-METHOD-RUNTIME-FOUNDATION: acceptance receipt is required before state superseded; packet WP-METHOD-RUNTIME-FOUNDATION: checkpoint receipt is required before state superseded; parallel packets WP-CONTRACT-SUPERSESSION-CLOSURE-POLICY and WP-FREEZE-CLOSURE-PROTOCOL: read/write conflict; WP-FREEZE-CLOSURE-PROTOCOL reads 'scripts/verify_contract_supersession.py' while WP-CONTRACT-SUPERSESSION-CLOSURE-POLICY writes 'scripts/verify_contract_supersession.py'; parallel packets WP-CONTRACT-SUPERSESSION-CLOSURE-POLICY and WP-METHOD-INTEGRATION: read/write conflict; WP-CONTRACT-SUPERSESSION-CLOSURE-POLICY reads 'governance/ACCEPTANCE_CONTRACT_V1.json' while WP-METHOD-INTEGRATION writes 'governance/ACCEPTANCE_CONTRACT_V1.json'; parallel packets WP-CONTRACT-SUPERSESSION-CLOSURE-POLICY and WP-METHOD-INTEGRATION: read/write conflict; WP-CONTRACT-SUPERSESSION-CLOSURE-POLICY reads 'governance/PROJECT_METHOD_POLICY_V1.json' while WP-METHOD-INTEGRATION writes 'governance/PROJECT_METHOD_POLICY_V1.json'; parallel packets WP-CONTRACT-SUPERSESSION-CLOSURE-POLICY and WP-METHOD-INTEGRATION: read/write conflict; WP-METHOD-INTEGRATION reads 'scripts/verify_contract_supersession.py' while WP-CONTRACT-SUPERSESSION-CLOSURE-POLICY writes 'scripts/verify_contract_supersession.py'; parallel packets WP-FREEZE-CLOSURE-PROTOCOL and WP-METHOD-RUNTIME-FOUNDATION-S1: read/write conflict; WP-FREEZE-CLOSURE-PROTOCOL reads 'scripts/verify_governance.py' while WP-METHOD-RUNTIME-FOUNDATION-S1 writes 'scripts/verify_governance.py'; parallel packets WP-METHOD-INTEGRATION and WP-METHOD-RUNTIME-FOUNDATION-S1: read/write conflict; WP-METHOD-INTEGRATION reads 'governance/PROJECT_STATE_VIEW_POLICY_V1.json' while WP-METHOD-RUNTIME-FOUNDATION-S1 writes 'governance/PROJECT_STATE_VIEW_POLICY_V1.json'; parallel packets WP-METHOD-INTEGRATION and WP-METHOD-RUNTIME-FOUNDATION-S1: read/write conflict; WP-METHOD-RUNTIME-FOUNDATION-S1 reads 'governance/AI_PROJECT_RESEARCH_REGISTER_V1.json' while WP-METHOD-INTEGRATION writes 'governance/AI_PROJECT_RESEARCH_REGISTER_V1.json'; parallel packets WP-METHOD-INTEGRATION and WP-METHOD-RUNTIME-FOUNDATION-S1: read/write conflict; WP-METHOD-RUNTIME-FOUNDATION-S1 reads 'governance/WORK_PACKET_POLICY_V2.json' while WP-METHOD-INTEGRATION writes 'governance/WORK_PACKET_POLICY_V2.json'; parallel packets WP-METHOD-INTEGRATION and WP-METHOD-RUNTIME-FOUNDATION-S1: read/write conflict; WP-METHOD-RUNTIME-FOUNDATION-S1 reads 'scripts/verify_work_packets.py' while WP-METHOD-INTEGRATION writes 'scripts/verify_work_packets.py'; unrecordable recovery: candidate snapshot could not be verified; unrecordable recovery: repository discovery: project prefix differs from the authorized scope; ledger WP-DEPENDENCY-BOUNDARY: latest controlled snapshot is stale; ledger WP-METHOD-INTEGRATION: latest controlled snapshot is stale; ledger WP-METHOD-RUNTIME-FOUNDATION-S1: latest controlled snapshot is stale\n- git rev-parse aa0a5966e114d6d7c87aa14fe2c27253f9f89f26^{tree} failed (128): fatal: ambiguous argument 'aa0a5966e114d6d7c87aa14fe2c27253f9f89f26^{tree}': unknown revision or path not in the working tree.\nUse '--' to separate paths from revisions, like this:\n'git <command> [<revision>...] -- [<file>...]'\n- normative frozen file boundary differs: expected=['PRODUCT_ASSURANCE_BLUEPRINT_V2.md', 'governance/ACCEPTANCE_CASES_V1.json', 'governance/ACCEPTANCE_CONTRACT_V1.json', 'governance/AI_PROJECT_RESEARCH_REGISTER_V1.json', 'governance/ASSURANCE_SUBJECTS_V1.json', 'governance/ASSURANCE_TRUST_MODEL_V1.json', 'governance/COMPONENT_REGISTRY_V1.json', 'governance/CONTEXT_RECOVERY_SPEC_V1.json', 'governance/DECISION_AUTHORITY_V1.json', 'governance/DEPENDENCY_BOUNDARY_V1.json', 'governance/EXECUTION_LOOP_POLICY_V1.json', 'governance/EXECUTION_LOOP_POLICY_V2.json', 'governance/FAILURE_CLASSES_V1.json', 'governance/FIELD_USE_PROTOCOL_V1.json', 'governance/FROZEN_TEST_MANIFEST_V1.json', 'governance/GROUND_TRUTH_MANIFEST_V1.json', 'governance/IMPLEMENTATION_TARGETS_V1.json', 'governance/MARKET_SIMULATION_POLICY_V1.json', 'governance/MIGRATION_DRILL_SPEC_V1.json', 'governance/MONEY_AND_CORPORATE_ACTIONS_SPEC_V1.json', 'governance/NO_LIVE_SCOPE_POLICY_V1.json', 'governance/PRIVATE_DATA_POLICY_V1.json', 'governance/PROJECT_METHOD_POLICY_V1.json', 'governance/RESEARCH_SUFFICIENCY_V1.json', 'governance/RUFF_CI_CONFIG_V1.toml', 'governance/TRACEABILITY_V1.json', 'governance/USER_INTENT_V1.json', 'governance/USER_SOURCE_EXCERPTS_V1.json', 'governance/VERIFICATION_SPECS_V1.json', 'governance/WORK_PACKET_POLICY_V1.json', 'governance/WORK_PACKET_POLICY_V2.json', 'governance/requirements-ci.txt', 'research/SAME_TASK_METHOD_COMPARISON_PREREGISTRATION_R9_2026-07-25.json'], actual=['PRODUCT_ASSURANCE_BLUEPRINT_V2.md', 'governance/ACCEPTANCE_CASES_V1.json', 'governance/ACCEPTANCE_CONTRACT_V1.json', 'governance/AI_PROJECT_RESEARCH_REGISTER_V1.json', 'governance/ASSURANCE_SUBJECTS_V1.json', 'governance/ASSURANCE_TRUST_MODEL_V1.json', 'governance/COMPONENT_REGISTRY_V1.json', 'governance/CONTEXT_RECOVERY_SPEC_V1.json', 'governance/DECISION_AUTHORITY_V1.json', 'governance/DEPENDENCY_BOUNDARY_V1.json', 'governance/EXECUTION_LOOP_POLICY_V1.json', 'governance/FAILURE_CLASSES_V1.json', 'governance/FIELD_USE_PROTOCOL_V1.json', 'governance/FROZEN_TEST_MANIFEST_V1.json', 'governance/GROUND_TRUTH_MANIFEST_V1.json', 'governance/IMPLEMENTATION_TARGETS_V1.json', 'governance/MARKET_SIMULATION_POLICY_V1.json', 'governance/MIGRATION_DRILL_SPEC_V1.json', 'governance/MONEY_AND_CORPORATE_ACTIONS_SPEC_V1.json', 'governance/NO_LIVE_SCOPE_POLICY_V1.json', 'governance/PRIVATE_DATA_POLICY_V1.json', 'governance/PROJECT_METHOD_POLICY_V1.json', 'governance/RESEARCH_SUFFICIENCY_V1.json', 'governance/RUFF_CI_CONFIG_V1.toml', 'governance/TRACEABILITY_V1.json', 'governance/USER_INTENT_V1.json', 'governance/USER_SOURCE_EXCERPTS_V1.json', 'governance/VERIFICATION_SPECS_V1.json', 'governance/WORK_PACKET_POLICY_V1.json', 'governance/requirements-ci.txt', 'research/SAME_TASK_METHOD_COMPARISON_PREREGISTRATION_R9_2026-07-25.json']\n", "stdout_sha256": "8afa7d59c292d1245facf69a337e66059080baad578bc1d55fa818703d0bfda1"}, "candidate_commit": "dd3561ee4fd635405b911d5ee9d2ff38cf990e2b", "candidate_tree": "1aa832e3b94ec07d0c5961389c4a80c6cace88fb", "completed_at": "2026-07-28T04:18:31.845861+00:00", "execution_fingerprint": "38aa976a5218bbad06d0a251610d150a869c40e49f6ce9c95fa48fa282ec5532", "expected_rejection_substring": "CASE-PIT-LATE-RETRIEVAL freeze-critical semantics differ", "mode": "canonical", "mutation_observation": null, "mutation_spec_sha256": "1baaf7fd5239f872de52d3f0c1d3df18c037512a5931ac9691f1003c2537fa7e", "probe_id": "ATTACK-PIT-ORACLE-INVERSION", "project_prefix": "workspace/project/", "result": "invalid_baseline", "runner_exit_code": 2, "runner_id": "ids-design-freeze-attack-runner-v1", "runner_sha256": "6f704c4dce4f4f44c9779b6c5ca63499aae37ba27e0863300ff74579429e3961", "schema_version": 2, "started_at": "2026-07-28T04:18:27.244962+00:00", "target": null}


======================================================================
FAIL: test_post_bundle_verifier_rejects_D_that_only_exists_locally (test_freeze_git_remote.FreezeGitRemoteCounterexampleTests.test_post_bundle_verifier_rejects_D_that_only_exists_locally)
----------------------------------------------------------------------
Traceback (most recent call last):
  File "/private/tmp/ids-fed7-audit.kowOr4/repo/MyBrain/projects/investment-discipline-system/governance_tests/test_freeze_git_remote.py", line 1848, in test_post_bundle_verifier_rejects_D_that_only_exists_locally
    self.create_frozen_bundle_file()
    ~~~~~~~~~~~~~~~~~~~~~~~~~~~~~~^^
  File "/private/tmp/ids-fed7-audit.kowOr4/repo/MyBrain/projects/investment-discipline-system/governance_tests/test_freeze_git_remote.py", line 844, in create_frozen_bundle_file
    reviewed = self.prepare_completed_freeze()
  File "/private/tmp/ids-fed7-audit.kowOr4/repo/MyBrain/projects/investment-discipline-system/governance_tests/test_freeze_git_remote.py", line 898, in prepare_completed_freeze
    receipt = self.run_attack(
        candidate_commit=reviewed_commit,
    ...<2 lines>...
        receipt_relative=receipt_relative,
    )
  File "/private/tmp/ids-fed7-audit.kowOr4/repo/MyBrain/projects/investment-discipline-system/governance_tests/test_freeze_git_remote.py", line 646, in run_attack
    self.assertEqual(completed.returncode, 0, completed.stdout)
    ~~~~~~~~~~~~~~~~^^^^^^^^^^^^^^^^^^^^^^^^^^^^^^^^^^^^^^^^^^^
AssertionError: 2 != 0 : {"baseline": {"argv": ["PYTHON", "scripts/verify_governance.py", "--allow-candidate"], "exit_code": 1, "stdout": "governance verification: FAIL\n- assurance metadata executable verification failed: ground-truth manifest: missing research primary artifact audits/PROJECT_METHOD_GAP_CLOSURE_REVIEW_R8_2026-07-25.md; ground-truth manifest: missing research primary artifact audits/PROJECT_GOVERNANCE_ADVERSARIAL_REVIEW_R10_2026-07-25.md\n- context recovery executable verification failed: {'message': \"STATUS.md is missing marker '## 当前裁决'\", 'oracle_id': 'CTX02-STATE-MARKER-MISSING'}; {'message': \"STATUS.md is missing marker '## 已有且仍然有效'\", 'oracle_id': 'CTX02-STATE-MARKER-MISSING'}; {'message': \"STATUS.md is missing marker '## 进行中'\", 'oracle_id': 'CTX02-STATE-MARKER-MISSING'}; {'message': \"STATUS.md is missing marker '## 当前下一步'\", 'oracle_id': 'CTX02-STATE-MARKER-MISSING'}; {'message': \"STATUS.md is missing marker '## 主要残余风险'\", 'oracle_id': 'CTX02-STATE-MARKER-MISSING'}; {'message': \"TASK_BOARD.md is missing marker '## 进行中'\", 'oracle_id': 'CTX02-STATE-MARKER-MISSING'}; {'message': \"TASK_BOARD.md is missing marker '## 已排队'\", 'oracle_id': 'CTX02-STATE-MARKER-MISSING'}; {'message': \"TASK_BOARD.md is missing marker '## 条件性任务'\", 'oracle_id': 'CTX02-STATE-MARKER-MISSING'}; {'message': \"TASK_BOARD.md is missing marker '## 已完成且证据仍有效'\", 'oracle_id': 'CTX02-STATE-MARKER-MISSING'}; {'message': \"TASK_BOARD.md is missing marker '## 工作规则'\", 'oracle_id': 'CTX02-STATE-MARKER-MISSING'}\n- work packets executable verification failed: DAG edge WP-CONTRACT-SUPERSESSION-CLOSURE-POLICY -> WP-METHOD-RUNTIME-FOUNDATION-S1: depends_on is not matched by activates; DAG edge WP-METHOD-RUNTIME-FOUNDATION-S1 -> WP-METHOD-INTEGRATION: activates is not matched by depends_on; goal METHOD-GOVERNANCE-CLOSURE: expected exactly one live root; found ['WP-CONTRACT-SUPERSESSION-CLOSURE-POLICY', 'WP-METHOD-INTEGRATION', 'WP-METHOD-RUNTIME-FOUNDATION-S1']; goal METHOD-GOVERNANCE-CLOSURE: expected exactly one live sink; found ['WP-CONTRACT-SUPERSESSION-CLOSURE-POLICY', 'WP-FREEZE-CLOSURE-PROTOCOL', 'WP-METHOD-RUNTIME-FOUNDATION-S1']; packet WP-CONTRACT-SUPERSESSION-CLOSURE-POLICY: activates packet 'WP-METHOD-RUNTIME-FOUNDATION' is superseded without an exact recovery alias; packet WP-METHOD-INTEGRATION: depends_on packet 'WP-METHOD-RUNTIME-FOUNDATION' is superseded without an exact recovery alias; packet WP-METHOD-RUNTIME-FOUNDATION: acceptance receipt is required before state superseded; packet WP-METHOD-RUNTIME-FOUNDATION: checkpoint receipt is required before state superseded; parallel packets WP-CONTRACT-SUPERSESSION-CLOSURE-POLICY and WP-FREEZE-CLOSURE-PROTOCOL: read/write conflict; WP-FREEZE-CLOSURE-PROTOCOL reads 'scripts/verify_contract_supersession.py' while WP-CONTRACT-SUPERSESSION-CLOSURE-POLICY writes 'scripts/verify_contract_supersession.py'; parallel packets WP-CONTRACT-SUPERSESSION-CLOSURE-POLICY and WP-METHOD-INTEGRATION: read/write conflict; WP-CONTRACT-SUPERSESSION-CLOSURE-POLICY reads 'governance/ACCEPTANCE_CONTRACT_V1.json' while WP-METHOD-INTEGRATION writes 'governance/ACCEPTANCE_CONTRACT_V1.json'; parallel packets WP-CONTRACT-SUPERSESSION-CLOSURE-POLICY and WP-METHOD-INTEGRATION: read/write conflict; WP-CONTRACT-SUPERSESSION-CLOSURE-POLICY reads 'governance/PROJECT_METHOD_POLICY_V1.json' while WP-METHOD-INTEGRATION writes 'governance/PROJECT_METHOD_POLICY_V1.json'; parallel packets WP-CONTRACT-SUPERSESSION-CLOSURE-POLICY and WP-METHOD-INTEGRATION: read/write conflict; WP-METHOD-INTEGRATION reads 'scripts/verify_contract_supersession.py' while WP-CONTRACT-SUPERSESSION-CLOSURE-POLICY writes 'scripts/verify_contract_supersession.py'; parallel packets WP-FREEZE-CLOSURE-PROTOCOL and WP-METHOD-RUNTIME-FOUNDATION-S1: read/write conflict; WP-FREEZE-CLOSURE-PROTOCOL reads 'scripts/verify_governance.py' while WP-METHOD-RUNTIME-FOUNDATION-S1 writes 'scripts/verify_governance.py'; parallel packets WP-METHOD-INTEGRATION and WP-METHOD-RUNTIME-FOUNDATION-S1: read/write conflict; WP-METHOD-INTEGRATION reads 'governance/PROJECT_STATE_VIEW_POLICY_V1.json' while WP-METHOD-RUNTIME-FOUNDATION-S1 writes 'governance/PROJECT_STATE_VIEW_POLICY_V1.json'; parallel packets WP-METHOD-INTEGRATION and WP-METHOD-RUNTIME-FOUNDATION-S1: read/write conflict; WP-METHOD-RUNTIME-FOUNDATION-S1 reads 'governance/AI_PROJECT_RESEARCH_REGISTER_V1.json' while WP-METHOD-INTEGRATION writes 'governance/AI_PROJECT_RESEARCH_REGISTER_V1.json'; parallel packets WP-METHOD-INTEGRATION and WP-METHOD-RUNTIME-FOUNDATION-S1: read/write conflict; WP-METHOD-RUNTIME-FOUNDATION-S1 reads 'governance/WORK_PACKET_POLICY_V2.json' while WP-METHOD-INTEGRATION writes 'governance/WORK_PACKET_POLICY_V2.json'; parallel packets WP-METHOD-INTEGRATION and WP-METHOD-RUNTIME-FOUNDATION-S1: read/write conflict; WP-METHOD-RUNTIME-FOUNDATION-S1 reads 'scripts/verify_work_packets.py' while WP-METHOD-INTEGRATION writes 'scripts/verify_work_packets.py'; unrecordable recovery: candidate snapshot could not be verified; unrecordable recovery: repository discovery: project prefix differs from the authorized scope\n- frozen tests executable verification failed: source sha256 mismatch for frozen-test file: governance_tests/test_governance_regression_runner.py; class AST sha256 mismatch for frozen-test class: governance_tests/test_governance_regression_runner.py::GovernanceRegressionRunnerTests\n- execution loop executable verification failed: V2 work-packet verification failed: DAG edge WP-CONTRACT-SUPERSESSION-CLOSURE-POLICY -> WP-METHOD-RUNTIME-FOUNDATION-S1: depends_on is not matched by activates; DAG edge WP-METHOD-RUNTIME-FOUNDATION-S1 -> WP-METHOD-INTEGRATION: activates is not matched by depends_on; goal METHOD-GOVERNANCE-CLOSURE: expected exactly one live root; found ['WP-CONTRACT-SUPERSESSION-CLOSURE-POLICY', 'WP-METHOD-INTEGRATION', 'WP-METHOD-RUNTIME-FOUNDATION-S1']; goal METHOD-GOVERNANCE-CLOSURE: expected exactly one live sink; found ['WP-CONTRACT-SUPERSESSION-CLOSURE-POLICY', 'WP-FREEZE-CLOSURE-PROTOCOL', 'WP-METHOD-RUNTIME-FOUNDATION-S1']; packet WP-CONTRACT-SUPERSESSION-CLOSURE-POLICY: activates packet 'WP-METHOD-RUNTIME-FOUNDATION' is superseded without an exact recovery alias; packet WP-METHOD-INTEGRATION: depends_on packet 'WP-METHOD-RUNTIME-FOUNDATION' is superseded without an exact recovery alias; packet WP-METHOD-RUNTIME-FOUNDATION: acceptance receipt is required before state superseded; packet WP-METHOD-RUNTIME-FOUNDATION: checkpoint receipt is required before state superseded; parallel packets WP-CONTRACT-SUPERSESSION-CLOSURE-POLICY and WP-FREEZE-CLOSURE-PROTOCOL: read/write conflict; WP-FREEZE-CLOSURE-PROTOCOL reads 'scripts/verify_contract_supersession.py' while WP-CONTRACT-SUPERSESSION-CLOSURE-POLICY writes 'scripts/verify_contract_supersession.py'; parallel packets WP-CONTRACT-SUPERSESSION-CLOSURE-POLICY and WP-METHOD-INTEGRATION: read/write conflict; WP-CONTRACT-SUPERSESSION-CLOSURE-POLICY reads 'governance/ACCEPTANCE_CONTRACT_V1.json' while WP-METHOD-INTEGRATION writes 'governance/ACCEPTANCE_CONTRACT_V1.json'; parallel packets WP-CONTRACT-SUPERSESSION-CLOSURE-POLICY and WP-METHOD-INTEGRATION: read/write conflict; WP-CONTRACT-SUPERSESSION-CLOSURE-POLICY reads 'governance/PROJECT_METHOD_POLICY_V1.json' while WP-METHOD-INTEGRATION writes 'governance/PROJECT_METHOD_POLICY_V1.json'; parallel packets WP-CONTRACT-SUPERSESSION-CLOSURE-POLICY and WP-METHOD-INTEGRATION: read/write conflict; WP-METHOD-INTEGRATION reads 'scripts/verify_contract_supersession.py' while WP-CONTRACT-SUPERSESSION-CLOSURE-POLICY writes 'scripts/verify_contract_supersession.py'; parallel packets WP-FREEZE-CLOSURE-PROTOCOL and WP-METHOD-RUNTIME-FOUNDATION-S1: read/write conflict; WP-FREEZE-CLOSURE-PROTOCOL reads 'scripts/verify_governance.py' while WP-METHOD-RUNTIME-FOUNDATION-S1 writes 'scripts/verify_governance.py'; parallel packets WP-METHOD-INTEGRATION and WP-METHOD-RUNTIME-FOUNDATION-S1: read/write conflict; WP-METHOD-INTEGRATION reads 'governance/PROJECT_STATE_VIEW_POLICY_V1.json' while WP-METHOD-RUNTIME-FOUNDATION-S1 writes 'governance/PROJECT_STATE_VIEW_POLICY_V1.json'; parallel packets WP-METHOD-INTEGRATION and WP-METHOD-RUNTIME-FOUNDATION-S1: read/write conflict; WP-METHOD-RUNTIME-FOUNDATION-S1 reads 'governance/AI_PROJECT_RESEARCH_REGISTER_V1.json' while WP-METHOD-INTEGRATION writes 'governance/AI_PROJECT_RESEARCH_REGISTER_V1.json'; parallel packets WP-METHOD-INTEGRATION and WP-METHOD-RUNTIME-FOUNDATION-S1: read/write conflict; WP-METHOD-RUNTIME-FOUNDATION-S1 reads 'governance/WORK_PACKET_POLICY_V2.json' while WP-METHOD-INTEGRATION writes 'governance/WORK_PACKET_POLICY_V2.json'; parallel packets WP-METHOD-INTEGRATION and WP-METHOD-RUNTIME-FOUNDATION-S1: read/write conflict; WP-METHOD-RUNTIME-FOUNDATION-S1 reads 'scripts/verify_work_packets.py' while WP-METHOD-INTEGRATION writes 'scripts/verify_work_packets.py'; unrecordable recovery: candidate snapshot could not be verified; unrecordable recovery: repository discovery: project prefix differs from the authorized scope; ledger WP-DEPENDENCY-BOUNDARY: latest controlled snapshot is stale; ledger WP-METHOD-INTEGRATION: latest controlled snapshot is stale; ledger WP-METHOD-RUNTIME-FOUNDATION-S1: latest controlled snapshot is stale\n- git rev-parse aa0a5966e114d6d7c87aa14fe2c27253f9f89f26^{tree} failed (128): fatal: ambiguous argument 'aa0a5966e114d6d7c87aa14fe2c27253f9f89f26^{tree}': unknown revision or path not in the working tree.\nUse '--' to separate paths from revisions, like this:\n'git <command> [<revision>...] -- [<file>...]'\n- normative frozen file boundary differs: expected=['PRODUCT_ASSURANCE_BLUEPRINT_V2.md', 'governance/ACCEPTANCE_CASES_V1.json', 'governance/ACCEPTANCE_CONTRACT_V1.json', 'governance/AI_PROJECT_RESEARCH_REGISTER_V1.json', 'governance/ASSURANCE_SUBJECTS_V1.json', 'governance/ASSURANCE_TRUST_MODEL_V1.json', 'governance/COMPONENT_REGISTRY_V1.json', 'governance/CONTEXT_RECOVERY_SPEC_V1.json', 'governance/DECISION_AUTHORITY_V1.json', 'governance/DEPENDENCY_BOUNDARY_V1.json', 'governance/EXECUTION_LOOP_POLICY_V1.json', 'governance/EXECUTION_LOOP_POLICY_V2.json', 'governance/FAILURE_CLASSES_V1.json', 'governance/FIELD_USE_PROTOCOL_V1.json', 'governance/FROZEN_TEST_MANIFEST_V1.json', 'governance/GROUND_TRUTH_MANIFEST_V1.json', 'governance/IMPLEMENTATION_TARGETS_V1.json', 'governance/MARKET_SIMULATION_POLICY_V1.json', 'governance/MIGRATION_DRILL_SPEC_V1.json', 'governance/MONEY_AND_CORPORATE_ACTIONS_SPEC_V1.json', 'governance/NO_LIVE_SCOPE_POLICY_V1.json', 'governance/PRIVATE_DATA_POLICY_V1.json', 'governance/PROJECT_METHOD_POLICY_V1.json', 'governance/RESEARCH_SUFFICIENCY_V1.json', 'governance/RUFF_CI_CONFIG_V1.toml', 'governance/TRACEABILITY_V1.json', 'governance/USER_INTENT_V1.json', 'governance/USER_SOURCE_EXCERPTS_V1.json', 'governance/VERIFICATION_SPECS_V1.json', 'governance/WORK_PACKET_POLICY_V1.json', 'governance/WORK_PACKET_POLICY_V2.json', 'governance/requirements-ci.txt', 'research/SAME_TASK_METHOD_COMPARISON_PREREGISTRATION_R9_2026-07-25.json'], actual=['PRODUCT_ASSURANCE_BLUEPRINT_V2.md', 'governance/ACCEPTANCE_CASES_V1.json', 'governance/ACCEPTANCE_CONTRACT_V1.json', 'governance/AI_PROJECT_RESEARCH_REGISTER_V1.json', 'governance/ASSURANCE_SUBJECTS_V1.json', 'governance/ASSURANCE_TRUST_MODEL_V1.json', 'governance/COMPONENT_REGISTRY_V1.json', 'governance/CONTEXT_RECOVERY_SPEC_V1.json', 'governance/DECISION_AUTHORITY_V1.json', 'governance/DEPENDENCY_BOUNDARY_V1.json', 'governance/EXECUTION_LOOP_POLICY_V1.json', 'governance/FAILURE_CLASSES_V1.json', 'governance/FIELD_USE_PROTOCOL_V1.json', 'governance/FROZEN_TEST_MANIFEST_V1.json', 'governance/GROUND_TRUTH_MANIFEST_V1.json', 'governance/IMPLEMENTATION_TARGETS_V1.json', 'governance/MARKET_SIMULATION_POLICY_V1.json', 'governance/MIGRATION_DRILL_SPEC_V1.json', 'governance/MONEY_AND_CORPORATE_ACTIONS_SPEC_V1.json', 'governance/NO_LIVE_SCOPE_POLICY_V1.json', 'governance/PRIVATE_DATA_POLICY_V1.json', 'governance/PROJECT_METHOD_POLICY_V1.json', 'governance/RESEARCH_SUFFICIENCY_V1.json', 'governance/RUFF_CI_CONFIG_V1.toml', 'governance/TRACEABILITY_V1.json', 'governance/USER_INTENT_V1.json', 'governance/USER_SOURCE_EXCERPTS_V1.json', 'governance/VERIFICATION_SPECS_V1.json', 'governance/WORK_PACKET_POLICY_V1.json', 'governance/requirements-ci.txt', 'research/SAME_TASK_METHOD_COMPARISON_PREREGISTRATION_R9_2026-07-25.json']\n", "stdout_sha256": "8afa7d59c292d1245facf69a337e66059080baad578bc1d55fa818703d0bfda1"}, "candidate_commit": "c3e2e1f22e252075791d14b9b81e5ff1453480d8", "candidate_tree": "1219abfa536939cd447ccada6def8e7ac4653bdf", "completed_at": "2026-07-28T04:19:07.830348+00:00", "execution_fingerprint": "5d2edd4c9b14b70f7b866ed2af82eb02c2f69fec99328f2deaef5120583e17ef", "expected_rejection_substring": "CASE-PIT-LATE-RETRIEVAL freeze-critical semantics differ", "mode": "canonical", "mutation_observation": null, "mutation_spec_sha256": "1baaf7fd5239f872de52d3f0c1d3df18c037512a5931ac9691f1003c2537fa7e", "probe_id": "ATTACK-PIT-ORACLE-INVERSION", "project_prefix": "workspace/project/", "result": "invalid_baseline", "runner_exit_code": 2, "runner_id": "ids-design-freeze-attack-runner-v1", "runner_sha256": "6f704c4dce4f4f44c9779b6c5ca63499aae37ba27e0863300ff74579429e3961", "schema_version": 2, "started_at": "2026-07-28T04:19:03.206243+00:00", "target": null}


======================================================================
FAIL: test_post_bundle_verifier_rejects_uncommitted_bundle (test_freeze_git_remote.FreezeGitRemoteCounterexampleTests.test_post_bundle_verifier_rejects_uncommitted_bundle)
----------------------------------------------------------------------
Traceback (most recent call last):
  File "/private/tmp/ids-fed7-audit.kowOr4/repo/MyBrain/projects/investment-discipline-system/governance_tests/test_freeze_git_remote.py", line 1816, in test_post_bundle_verifier_rejects_uncommitted_bundle
    reviewed = self.prepare_completed_freeze()
  File "/private/tmp/ids-fed7-audit.kowOr4/repo/MyBrain/projects/investment-discipline-system/governance_tests/test_freeze_git_remote.py", line 898, in prepare_completed_freeze
    receipt = self.run_attack(
        candidate_commit=reviewed_commit,
    ...<2 lines>...
        receipt_relative=receipt_relative,
    )
  File "/private/tmp/ids-fed7-audit.kowOr4/repo/MyBrain/projects/investment-discipline-system/governance_tests/test_freeze_git_remote.py", line 646, in run_attack
    self.assertEqual(completed.returncode, 0, completed.stdout)
    ~~~~~~~~~~~~~~~~^^^^^^^^^^^^^^^^^^^^^^^^^^^^^^^^^^^^^^^^^^^
AssertionError: 2 != 0 : {"baseline": {"argv": ["PYTHON", "scripts/verify_governance.py", "--allow-candidate"], "exit_code": 1, "stdout": "governance verification: FAIL\n- assurance metadata executable verification failed: ground-truth manifest: missing research primary artifact audits/PROJECT_METHOD_GAP_CLOSURE_REVIEW_R8_2026-07-25.md; ground-truth manifest: missing research primary artifact audits/PROJECT_GOVERNANCE_ADVERSARIAL_REVIEW_R10_2026-07-25.md\n- context recovery executable verification failed: {'message': \"STATUS.md is missing marker '## 当前裁决'\", 'oracle_id': 'CTX02-STATE-MARKER-MISSING'}; {'message': \"STATUS.md is missing marker '## 已有且仍然有效'\", 'oracle_id': 'CTX02-STATE-MARKER-MISSING'}; {'message': \"STATUS.md is missing marker '## 进行中'\", 'oracle_id': 'CTX02-STATE-MARKER-MISSING'}; {'message': \"STATUS.md is missing marker '## 当前下一步'\", 'oracle_id': 'CTX02-STATE-MARKER-MISSING'}; {'message': \"STATUS.md is missing marker '## 主要残余风险'\", 'oracle_id': 'CTX02-STATE-MARKER-MISSING'}; {'message': \"TASK_BOARD.md is missing marker '## 进行中'\", 'oracle_id': 'CTX02-STATE-MARKER-MISSING'}; {'message': \"TASK_BOARD.md is missing marker '## 已排队'\", 'oracle_id': 'CTX02-STATE-MARKER-MISSING'}; {'message': \"TASK_BOARD.md is missing marker '## 条件性任务'\", 'oracle_id': 'CTX02-STATE-MARKER-MISSING'}; {'message': \"TASK_BOARD.md is missing marker '## 已完成且证据仍有效'\", 'oracle_id': 'CTX02-STATE-MARKER-MISSING'}; {'message': \"TASK_BOARD.md is missing marker '## 工作规则'\", 'oracle_id': 'CTX02-STATE-MARKER-MISSING'}\n- work packets executable verification failed: DAG edge WP-CONTRACT-SUPERSESSION-CLOSURE-POLICY -> WP-METHOD-RUNTIME-FOUNDATION-S1: depends_on is not matched by activates; DAG edge WP-METHOD-RUNTIME-FOUNDATION-S1 -> WP-METHOD-INTEGRATION: activates is not matched by depends_on; goal METHOD-GOVERNANCE-CLOSURE: expected exactly one live root; found ['WP-CONTRACT-SUPERSESSION-CLOSURE-POLICY', 'WP-METHOD-INTEGRATION', 'WP-METHOD-RUNTIME-FOUNDATION-S1']; goal METHOD-GOVERNANCE-CLOSURE: expected exactly one live sink; found ['WP-CONTRACT-SUPERSESSION-CLOSURE-POLICY', 'WP-FREEZE-CLOSURE-PROTOCOL', 'WP-METHOD-RUNTIME-FOUNDATION-S1']; packet WP-CONTRACT-SUPERSESSION-CLOSURE-POLICY: activates packet 'WP-METHOD-RUNTIME-FOUNDATION' is superseded without an exact recovery alias; packet WP-METHOD-INTEGRATION: depends_on packet 'WP-METHOD-RUNTIME-FOUNDATION' is superseded without an exact recovery alias; packet WP-METHOD-RUNTIME-FOUNDATION: acceptance receipt is required before state superseded; packet WP-METHOD-RUNTIME-FOUNDATION: checkpoint receipt is required before state superseded; parallel packets WP-CONTRACT-SUPERSESSION-CLOSURE-POLICY and WP-FREEZE-CLOSURE-PROTOCOL: read/write conflict; WP-FREEZE-CLOSURE-PROTOCOL reads 'scripts/verify_contract_supersession.py' while WP-CONTRACT-SUPERSESSION-CLOSURE-POLICY writes 'scripts/verify_contract_supersession.py'; parallel packets WP-CONTRACT-SUPERSESSION-CLOSURE-POLICY and WP-METHOD-INTEGRATION: read/write conflict; WP-CONTRACT-SUPERSESSION-CLOSURE-POLICY reads 'governance/ACCEPTANCE_CONTRACT_V1.json' while WP-METHOD-INTEGRATION writes 'governance/ACCEPTANCE_CONTRACT_V1.json'; parallel packets WP-CONTRACT-SUPERSESSION-CLOSURE-POLICY and WP-METHOD-INTEGRATION: read/write conflict; WP-CONTRACT-SUPERSESSION-CLOSURE-POLICY reads 'governance/PROJECT_METHOD_POLICY_V1.json' while WP-METHOD-INTEGRATION writes 'governance/PROJECT_METHOD_POLICY_V1.json'; parallel packets WP-CONTRACT-SUPERSESSION-CLOSURE-POLICY and WP-METHOD-INTEGRATION: read/write conflict; WP-METHOD-INTEGRATION reads 'scripts/verify_contract_supersession.py' while WP-CONTRACT-SUPERSESSION-CLOSURE-POLICY writes 'scripts/verify_contract_supersession.py'; parallel packets WP-FREEZE-CLOSURE-PROTOCOL and WP-METHOD-RUNTIME-FOUNDATION-S1: read/write conflict; WP-FREEZE-CLOSURE-PROTOCOL reads 'scripts/verify_governance.py' while WP-METHOD-RUNTIME-FOUNDATION-S1 writes 'scripts/verify_governance.py'; parallel packets WP-METHOD-INTEGRATION and WP-METHOD-RUNTIME-FOUNDATION-S1: read/write conflict; WP-METHOD-INTEGRATION reads 'governance/PROJECT_STATE_VIEW_POLICY_V1.json' while WP-METHOD-RUNTIME-FOUNDATION-S1 writes 'governance/PROJECT_STATE_VIEW_POLICY_V1.json'; parallel packets WP-METHOD-INTEGRATION and WP-METHOD-RUNTIME-FOUNDATION-S1: read/write conflict; WP-METHOD-RUNTIME-FOUNDATION-S1 reads 'governance/AI_PROJECT_RESEARCH_REGISTER_V1.json' while WP-METHOD-INTEGRATION writes 'governance/AI_PROJECT_RESEARCH_REGISTER_V1.json'; parallel packets WP-METHOD-INTEGRATION and WP-METHOD-RUNTIME-FOUNDATION-S1: read/write conflict; WP-METHOD-RUNTIME-FOUNDATION-S1 reads 'governance/WORK_PACKET_POLICY_V2.json' while WP-METHOD-INTEGRATION writes 'governance/WORK_PACKET_POLICY_V2.json'; parallel packets WP-METHOD-INTEGRATION and WP-METHOD-RUNTIME-FOUNDATION-S1: read/write conflict; WP-METHOD-RUNTIME-FOUNDATION-S1 reads 'scripts/verify_work_packets.py' while WP-METHOD-INTEGRATION writes 'scripts/verify_work_packets.py'; unrecordable recovery: candidate snapshot could not be verified; unrecordable recovery: repository discovery: project prefix differs from the authorized scope\n- frozen tests executable verification failed: source sha256 mismatch for frozen-test file: governance_tests/test_governance_regression_runner.py; class AST sha256 mismatch for frozen-test class: governance_tests/test_governance_regression_runner.py::GovernanceRegressionRunnerTests\n- execution loop executable verification failed: V2 work-packet verification failed: DAG edge WP-CONTRACT-SUPERSESSION-CLOSURE-POLICY -> WP-METHOD-RUNTIME-FOUNDATION-S1: depends_on is not matched by activates; DAG edge WP-METHOD-RUNTIME-FOUNDATION-S1 -> WP-METHOD-INTEGRATION: activates is not matched by depends_on; goal METHOD-GOVERNANCE-CLOSURE: expected exactly one live root; found ['WP-CONTRACT-SUPERSESSION-CLOSURE-POLICY', 'WP-METHOD-INTEGRATION', 'WP-METHOD-RUNTIME-FOUNDATION-S1']; goal METHOD-GOVERNANCE-CLOSURE: expected exactly one live sink; found ['WP-CONTRACT-SUPERSESSION-CLOSURE-POLICY', 'WP-FREEZE-CLOSURE-PROTOCOL', 'WP-METHOD-RUNTIME-FOUNDATION-S1']; packet WP-CONTRACT-SUPERSESSION-CLOSURE-POLICY: activates packet 'WP-METHOD-RUNTIME-FOUNDATION' is superseded without an exact recovery alias; packet WP-METHOD-INTEGRATION: depends_on packet 'WP-METHOD-RUNTIME-FOUNDATION' is superseded without an exact recovery alias; packet WP-METHOD-RUNTIME-FOUNDATION: acceptance receipt is required before state superseded; packet WP-METHOD-RUNTIME-FOUNDATION: checkpoint receipt is required before state superseded; parallel packets WP-CONTRACT-SUPERSESSION-CLOSURE-POLICY and WP-FREEZE-CLOSURE-PROTOCOL: read/write conflict; WP-FREEZE-CLOSURE-PROTOCOL reads 'scripts/verify_contract_supersession.py' while WP-CONTRACT-SUPERSESSION-CLOSURE-POLICY writes 'scripts/verify_contract_supersession.py'; parallel packets WP-CONTRACT-SUPERSESSION-CLOSURE-POLICY and WP-METHOD-INTEGRATION: read/write conflict; WP-CONTRACT-SUPERSESSION-CLOSURE-POLICY reads 'governance/ACCEPTANCE_CONTRACT_V1.json' while WP-METHOD-INTEGRATION writes 'governance/ACCEPTANCE_CONTRACT_V1.json'; parallel packets WP-CONTRACT-SUPERSESSION-CLOSURE-POLICY and WP-METHOD-INTEGRATION: read/write conflict; WP-CONTRACT-SUPERSESSION-CLOSURE-POLICY reads 'governance/PROJECT_METHOD_POLICY_V1.json' while WP-METHOD-INTEGRATION writes 'governance/PROJECT_METHOD_POLICY_V1.json'; parallel packets WP-CONTRACT-SUPERSESSION-CLOSURE-POLICY and WP-METHOD-INTEGRATION: read/write conflict; WP-METHOD-INTEGRATION reads 'scripts/verify_contract_supersession.py' while WP-CONTRACT-SUPERSESSION-CLOSURE-POLICY writes 'scripts/verify_contract_supersession.py'; parallel packets WP-FREEZE-CLOSURE-PROTOCOL and WP-METHOD-RUNTIME-FOUNDATION-S1: read/write conflict; WP-FREEZE-CLOSURE-PROTOCOL reads 'scripts/verify_governance.py' while WP-METHOD-RUNTIME-FOUNDATION-S1 writes 'scripts/verify_governance.py'; parallel packets WP-METHOD-INTEGRATION and WP-METHOD-RUNTIME-FOUNDATION-S1: read/write conflict; WP-METHOD-INTEGRATION reads 'governance/PROJECT_STATE_VIEW_POLICY_V1.json' while WP-METHOD-RUNTIME-FOUNDATION-S1 writes 'governance/PROJECT_STATE_VIEW_POLICY_V1.json'; parallel packets WP-METHOD-INTEGRATION and WP-METHOD-RUNTIME-FOUNDATION-S1: read/write conflict; WP-METHOD-RUNTIME-FOUNDATION-S1 reads 'governance/AI_PROJECT_RESEARCH_REGISTER_V1.json' while WP-METHOD-INTEGRATION writes 'governance/AI_PROJECT_RESEARCH_REGISTER_V1.json'; parallel packets WP-METHOD-INTEGRATION and WP-METHOD-RUNTIME-FOUNDATION-S1: read/write conflict; WP-METHOD-RUNTIME-FOUNDATION-S1 reads 'governance/WORK_PACKET_POLICY_V2.json' while WP-METHOD-INTEGRATION writes 'governance/WORK_PACKET_POLICY_V2.json'; parallel packets WP-METHOD-INTEGRATION and WP-METHOD-RUNTIME-FOUNDATION-S1: read/write conflict; WP-METHOD-RUNTIME-FOUNDATION-S1 reads 'scripts/verify_work_packets.py' while WP-METHOD-INTEGRATION writes 'scripts/verify_work_packets.py'; unrecordable recovery: candidate snapshot could not be verified; unrecordable recovery: repository discovery: project prefix differs from the authorized scope; ledger WP-DEPENDENCY-BOUNDARY: latest controlled snapshot is stale; ledger WP-METHOD-INTEGRATION: latest controlled snapshot is stale; ledger WP-METHOD-RUNTIME-FOUNDATION-S1: latest controlled snapshot is stale\n- git rev-parse aa0a5966e114d6d7c87aa14fe2c27253f9f89f26^{tree} failed (128): fatal: ambiguous argument 'aa0a5966e114d6d7c87aa14fe2c27253f9f89f26^{tree}': unknown revision or path not in the working tree.\nUse '--' to separate paths from revisions, like this:\n'git <command> [<revision>...] -- [<file>...]'\n- normative frozen file boundary differs: expected=['PRODUCT_ASSURANCE_BLUEPRINT_V2.md', 'governance/ACCEPTANCE_CASES_V1.json', 'governance/ACCEPTANCE_CONTRACT_V1.json', 'governance/AI_PROJECT_RESEARCH_REGISTER_V1.json', 'governance/ASSURANCE_SUBJECTS_V1.json', 'governance/ASSURANCE_TRUST_MODEL_V1.json', 'governance/COMPONENT_REGISTRY_V1.json', 'governance/CONTEXT_RECOVERY_SPEC_V1.json', 'governance/DECISION_AUTHORITY_V1.json', 'governance/DEPENDENCY_BOUNDARY_V1.json', 'governance/EXECUTION_LOOP_POLICY_V1.json', 'governance/EXECUTION_LOOP_POLICY_V2.json', 'governance/FAILURE_CLASSES_V1.json', 'governance/FIELD_USE_PROTOCOL_V1.json', 'governance/FROZEN_TEST_MANIFEST_V1.json', 'governance/GROUND_TRUTH_MANIFEST_V1.json', 'governance/IMPLEMENTATION_TARGETS_V1.json', 'governance/MARKET_SIMULATION_POLICY_V1.json', 'governance/MIGRATION_DRILL_SPEC_V1.json', 'governance/MONEY_AND_CORPORATE_ACTIONS_SPEC_V1.json', 'governance/NO_LIVE_SCOPE_POLICY_V1.json', 'governance/PRIVATE_DATA_POLICY_V1.json', 'governance/PROJECT_METHOD_POLICY_V1.json', 'governance/RESEARCH_SUFFICIENCY_V1.json', 'governance/RUFF_CI_CONFIG_V1.toml', 'governance/TRACEABILITY_V1.json', 'governance/USER_INTENT_V1.json', 'governance/USER_SOURCE_EXCERPTS_V1.json', 'governance/VERIFICATION_SPECS_V1.json', 'governance/WORK_PACKET_POLICY_V1.json', 'governance/WORK_PACKET_POLICY_V2.json', 'governance/requirements-ci.txt', 'research/SAME_TASK_METHOD_COMPARISON_PREREGISTRATION_R9_2026-07-25.json'], actual=['PRODUCT_ASSURANCE_BLUEPRINT_V2.md', 'governance/ACCEPTANCE_CASES_V1.json', 'governance/ACCEPTANCE_CONTRACT_V1.json', 'governance/AI_PROJECT_RESEARCH_REGISTER_V1.json', 'governance/ASSURANCE_SUBJECTS_V1.json', 'governance/ASSURANCE_TRUST_MODEL_V1.json', 'governance/COMPONENT_REGISTRY_V1.json', 'governance/CONTEXT_RECOVERY_SPEC_V1.json', 'governance/DECISION_AUTHORITY_V1.json', 'governance/DEPENDENCY_BOUNDARY_V1.json', 'governance/EXECUTION_LOOP_POLICY_V1.json', 'governance/FAILURE_CLASSES_V1.json', 'governance/FIELD_USE_PROTOCOL_V1.json', 'governance/FROZEN_TEST_MANIFEST_V1.json', 'governance/GROUND_TRUTH_MANIFEST_V1.json', 'governance/IMPLEMENTATION_TARGETS_V1.json', 'governance/MARKET_SIMULATION_POLICY_V1.json', 'governance/MIGRATION_DRILL_SPEC_V1.json', 'governance/MONEY_AND_CORPORATE_ACTIONS_SPEC_V1.json', 'governance/NO_LIVE_SCOPE_POLICY_V1.json', 'governance/PRIVATE_DATA_POLICY_V1.json', 'governance/PROJECT_METHOD_POLICY_V1.json', 'governance/RESEARCH_SUFFICIENCY_V1.json', 'governance/RUFF_CI_CONFIG_V1.toml', 'governance/TRACEABILITY_V1.json', 'governance/USER_INTENT_V1.json', 'governance/USER_SOURCE_EXCERPTS_V1.json', 'governance/VERIFICATION_SPECS_V1.json', 'governance/WORK_PACKET_POLICY_V1.json', 'governance/requirements-ci.txt', 'research/SAME_TASK_METHOD_COMPARISON_PREREGISTRATION_R9_2026-07-25.json']\n", "stdout_sha256": "8afa7d59c292d1245facf69a337e66059080baad578bc1d55fa818703d0bfda1"}, "candidate_commit": "5ac0beb6af436b46b24f06248f7387e2120ce974", "candidate_tree": "22a335a0570c0e72e0d4b281c0c4830dc25bd323", "completed_at": "2026-07-28T04:19:24.403331+00:00", "execution_fingerprint": "88416dbbd98db5b8c6d3ebd31eb807848ab2c543c19463a560938065ceecf286", "expected_rejection_substring": "CASE-PIT-LATE-RETRIEVAL freeze-critical semantics differ", "mode": "canonical", "mutation_observation": null, "mutation_spec_sha256": "1baaf7fd5239f872de52d3f0c1d3df18c037512a5931ac9691f1003c2537fa7e", "probe_id": "ATTACK-PIT-ORACLE-INVERSION", "project_prefix": "workspace/project/", "result": "invalid_baseline", "runner_exit_code": 2, "runner_id": "ids-design-freeze-attack-runner-v1", "runner_sha256": "6f704c4dce4f4f44c9779b6c5ca63499aae37ba27e0863300ff74579429e3961", "schema_version": 2, "started_at": "2026-07-28T04:19:19.211111+00:00", "target": null}


======================================================================
FAIL: test_post_bundle_verifier_supports_nested_project_prefix (test_freeze_git_remote.FreezeGitRemoteCounterexampleTests.test_post_bundle_verifier_supports_nested_project_prefix)
----------------------------------------------------------------------
Traceback (most recent call last):
  File "/private/tmp/ids-fed7-audit.kowOr4/repo/MyBrain/projects/investment-discipline-system/governance_tests/test_freeze_git_remote.py", line 1870, in test_post_bundle_verifier_supports_nested_project_prefix
    self.create_frozen_bundle_file()
    ~~~~~~~~~~~~~~~~~~~~~~~~~~~~~~^^
  File "/private/tmp/ids-fed7-audit.kowOr4/repo/MyBrain/projects/investment-discipline-system/governance_tests/test_freeze_git_remote.py", line 844, in create_frozen_bundle_file
    reviewed = self.prepare_completed_freeze()
  File "/private/tmp/ids-fed7-audit.kowOr4/repo/MyBrain/projects/investment-discipline-system/governance_tests/test_freeze_git_remote.py", line 898, in prepare_completed_freeze
    receipt = self.run_attack(
        candidate_commit=reviewed_commit,
    ...<2 lines>...
        receipt_relative=receipt_relative,
    )
  File "/private/tmp/ids-fed7-audit.kowOr4/repo/MyBrain/projects/investment-discipline-system/governance_tests/test_freeze_git_remote.py", line 646, in run_attack
    self.assertEqual(completed.returncode, 0, completed.stdout)
    ~~~~~~~~~~~~~~~~^^^^^^^^^^^^^^^^^^^^^^^^^^^^^^^^^^^^^^^^^^^
AssertionError: 2 != 0 : {"baseline": {"argv": ["PYTHON", "scripts/verify_governance.py", "--allow-candidate"], "exit_code": 1, "stdout": "governance verification: FAIL\n- assurance metadata executable verification failed: ground-truth manifest: missing research primary artifact audits/PROJECT_METHOD_GAP_CLOSURE_REVIEW_R8_2026-07-25.md; ground-truth manifest: missing research primary artifact audits/PROJECT_GOVERNANCE_ADVERSARIAL_REVIEW_R10_2026-07-25.md\n- context recovery executable verification failed: {'message': \"STATUS.md is missing marker '## 当前裁决'\", 'oracle_id': 'CTX02-STATE-MARKER-MISSING'}; {'message': \"STATUS.md is missing marker '## 已有且仍然有效'\", 'oracle_id': 'CTX02-STATE-MARKER-MISSING'}; {'message': \"STATUS.md is missing marker '## 进行中'\", 'oracle_id': 'CTX02-STATE-MARKER-MISSING'}; {'message': \"STATUS.md is missing marker '## 当前下一步'\", 'oracle_id': 'CTX02-STATE-MARKER-MISSING'}; {'message': \"STATUS.md is missing marker '## 主要残余风险'\", 'oracle_id': 'CTX02-STATE-MARKER-MISSING'}; {'message': \"TASK_BOARD.md is missing marker '## 进行中'\", 'oracle_id': 'CTX02-STATE-MARKER-MISSING'}; {'message': \"TASK_BOARD.md is missing marker '## 已排队'\", 'oracle_id': 'CTX02-STATE-MARKER-MISSING'}; {'message': \"TASK_BOARD.md is missing marker '## 条件性任务'\", 'oracle_id': 'CTX02-STATE-MARKER-MISSING'}; {'message': \"TASK_BOARD.md is missing marker '## 已完成且证据仍有效'\", 'oracle_id': 'CTX02-STATE-MARKER-MISSING'}; {'message': \"TASK_BOARD.md is missing marker '## 工作规则'\", 'oracle_id': 'CTX02-STATE-MARKER-MISSING'}\n- work packets executable verification failed: DAG edge WP-CONTRACT-SUPERSESSION-CLOSURE-POLICY -> WP-METHOD-RUNTIME-FOUNDATION-S1: depends_on is not matched by activates; DAG edge WP-METHOD-RUNTIME-FOUNDATION-S1 -> WP-METHOD-INTEGRATION: activates is not matched by depends_on; goal METHOD-GOVERNANCE-CLOSURE: expected exactly one live root; found ['WP-CONTRACT-SUPERSESSION-CLOSURE-POLICY', 'WP-METHOD-INTEGRATION', 'WP-METHOD-RUNTIME-FOUNDATION-S1']; goal METHOD-GOVERNANCE-CLOSURE: expected exactly one live sink; found ['WP-CONTRACT-SUPERSESSION-CLOSURE-POLICY', 'WP-FREEZE-CLOSURE-PROTOCOL', 'WP-METHOD-RUNTIME-FOUNDATION-S1']; packet WP-CONTRACT-SUPERSESSION-CLOSURE-POLICY: activates packet 'WP-METHOD-RUNTIME-FOUNDATION' is superseded without an exact recovery alias; packet WP-METHOD-INTEGRATION: depends_on packet 'WP-METHOD-RUNTIME-FOUNDATION' is superseded without an exact recovery alias; packet WP-METHOD-RUNTIME-FOUNDATION: acceptance receipt is required before state superseded; packet WP-METHOD-RUNTIME-FOUNDATION: checkpoint receipt is required before state superseded; parallel packets WP-CONTRACT-SUPERSESSION-CLOSURE-POLICY and WP-FREEZE-CLOSURE-PROTOCOL: read/write conflict; WP-FREEZE-CLOSURE-PROTOCOL reads 'scripts/verify_contract_supersession.py' while WP-CONTRACT-SUPERSESSION-CLOSURE-POLICY writes 'scripts/verify_contract_supersession.py'; parallel packets WP-CONTRACT-SUPERSESSION-CLOSURE-POLICY and WP-METHOD-INTEGRATION: read/write conflict; WP-CONTRACT-SUPERSESSION-CLOSURE-POLICY reads 'governance/ACCEPTANCE_CONTRACT_V1.json' while WP-METHOD-INTEGRATION writes 'governance/ACCEPTANCE_CONTRACT_V1.json'; parallel packets WP-CONTRACT-SUPERSESSION-CLOSURE-POLICY and WP-METHOD-INTEGRATION: read/write conflict; WP-CONTRACT-SUPERSESSION-CLOSURE-POLICY reads 'governance/PROJECT_METHOD_POLICY_V1.json' while WP-METHOD-INTEGRATION writes 'governance/PROJECT_METHOD_POLICY_V1.json'; parallel packets WP-CONTRACT-SUPERSESSION-CLOSURE-POLICY and WP-METHOD-INTEGRATION: read/write conflict; WP-METHOD-INTEGRATION reads 'scripts/verify_contract_supersession.py' while WP-CONTRACT-SUPERSESSION-CLOSURE-POLICY writes 'scripts/verify_contract_supersession.py'; parallel packets WP-FREEZE-CLOSURE-PROTOCOL and WP-METHOD-RUNTIME-FOUNDATION-S1: read/write conflict; WP-FREEZE-CLOSURE-PROTOCOL reads 'scripts/verify_governance.py' while WP-METHOD-RUNTIME-FOUNDATION-S1 writes 'scripts/verify_governance.py'; parallel packets WP-METHOD-INTEGRATION and WP-METHOD-RUNTIME-FOUNDATION-S1: read/write conflict; WP-METHOD-INTEGRATION reads 'governance/PROJECT_STATE_VIEW_POLICY_V1.json' while WP-METHOD-RUNTIME-FOUNDATION-S1 writes 'governance/PROJECT_STATE_VIEW_POLICY_V1.json'; parallel packets WP-METHOD-INTEGRATION and WP-METHOD-RUNTIME-FOUNDATION-S1: read/write conflict; WP-METHOD-RUNTIME-FOUNDATION-S1 reads 'governance/AI_PROJECT_RESEARCH_REGISTER_V1.json' while WP-METHOD-INTEGRATION writes 'governance/AI_PROJECT_RESEARCH_REGISTER_V1.json'; parallel packets WP-METHOD-INTEGRATION and WP-METHOD-RUNTIME-FOUNDATION-S1: read/write conflict; WP-METHOD-RUNTIME-FOUNDATION-S1 reads 'governance/WORK_PACKET_POLICY_V2.json' while WP-METHOD-INTEGRATION writes 'governance/WORK_PACKET_POLICY_V2.json'; parallel packets WP-METHOD-INTEGRATION and WP-METHOD-RUNTIME-FOUNDATION-S1: read/write conflict; WP-METHOD-RUNTIME-FOUNDATION-S1 reads 'scripts/verify_work_packets.py' while WP-METHOD-INTEGRATION writes 'scripts/verify_work_packets.py'; unrecordable recovery: candidate snapshot could not be verified; unrecordable recovery: repository discovery: project prefix differs from the authorized scope\n- frozen tests executable verification failed: source sha256 mismatch for frozen-test file: governance_tests/test_governance_regression_runner.py; class AST sha256 mismatch for frozen-test class: governance_tests/test_governance_regression_runner.py::GovernanceRegressionRunnerTests\n- execution loop executable verification failed: V2 work-packet verification failed: DAG edge WP-CONTRACT-SUPERSESSION-CLOSURE-POLICY -> WP-METHOD-RUNTIME-FOUNDATION-S1: depends_on is not matched by activates; DAG edge WP-METHOD-RUNTIME-FOUNDATION-S1 -> WP-METHOD-INTEGRATION: activates is not matched by depends_on; goal METHOD-GOVERNANCE-CLOSURE: expected exactly one live root; found ['WP-CONTRACT-SUPERSESSION-CLOSURE-POLICY', 'WP-METHOD-INTEGRATION', 'WP-METHOD-RUNTIME-FOUNDATION-S1']; goal METHOD-GOVERNANCE-CLOSURE: expected exactly one live sink; found ['WP-CONTRACT-SUPERSESSION-CLOSURE-POLICY', 'WP-FREEZE-CLOSURE-PROTOCOL', 'WP-METHOD-RUNTIME-FOUNDATION-S1']; packet WP-CONTRACT-SUPERSESSION-CLOSURE-POLICY: activates packet 'WP-METHOD-RUNTIME-FOUNDATION' is superseded without an exact recovery alias; packet WP-METHOD-INTEGRATION: depends_on packet 'WP-METHOD-RUNTIME-FOUNDATION' is superseded without an exact recovery alias; packet WP-METHOD-RUNTIME-FOUNDATION: acceptance receipt is required before state superseded; packet WP-METHOD-RUNTIME-FOUNDATION: checkpoint receipt is required before state superseded; parallel packets WP-CONTRACT-SUPERSESSION-CLOSURE-POLICY and WP-FREEZE-CLOSURE-PROTOCOL: read/write conflict; WP-FREEZE-CLOSURE-PROTOCOL reads 'scripts/verify_contract_supersession.py' while WP-CONTRACT-SUPERSESSION-CLOSURE-POLICY writes 'scripts/verify_contract_supersession.py'; parallel packets WP-CONTRACT-SUPERSESSION-CLOSURE-POLICY and WP-METHOD-INTEGRATION: read/write conflict; WP-CONTRACT-SUPERSESSION-CLOSURE-POLICY reads 'governance/ACCEPTANCE_CONTRACT_V1.json' while WP-METHOD-INTEGRATION writes 'governance/ACCEPTANCE_CONTRACT_V1.json'; parallel packets WP-CONTRACT-SUPERSESSION-CLOSURE-POLICY and WP-METHOD-INTEGRATION: read/write conflict; WP-CONTRACT-SUPERSESSION-CLOSURE-POLICY reads 'governance/PROJECT_METHOD_POLICY_V1.json' while WP-METHOD-INTEGRATION writes 'governance/PROJECT_METHOD_POLICY_V1.json'; parallel packets WP-CONTRACT-SUPERSESSION-CLOSURE-POLICY and WP-METHOD-INTEGRATION: read/write conflict; WP-METHOD-INTEGRATION reads 'scripts/verify_contract_supersession.py' while WP-CONTRACT-SUPERSESSION-CLOSURE-POLICY writes 'scripts/verify_contract_supersession.py'; parallel packets WP-FREEZE-CLOSURE-PROTOCOL and WP-METHOD-RUNTIME-FOUNDATION-S1: read/write conflict; WP-FREEZE-CLOSURE-PROTOCOL reads 'scripts/verify_governance.py' while WP-METHOD-RUNTIME-FOUNDATION-S1 writes 'scripts/verify_governance.py'; parallel packets WP-METHOD-INTEGRATION and WP-METHOD-RUNTIME-FOUNDATION-S1: read/write conflict; WP-METHOD-INTEGRATION reads 'governance/PROJECT_STATE_VIEW_POLICY_V1.json' while WP-METHOD-RUNTIME-FOUNDATION-S1 writes 'governance/PROJECT_STATE_VIEW_POLICY_V1.json'; parallel packets WP-METHOD-INTEGRATION and WP-METHOD-RUNTIME-FOUNDATION-S1: read/write conflict; WP-METHOD-RUNTIME-FOUNDATION-S1 reads 'governance/AI_PROJECT_RESEARCH_REGISTER_V1.json' while WP-METHOD-INTEGRATION writes 'governance/AI_PROJECT_RESEARCH_REGISTER_V1.json'; parallel packets WP-METHOD-INTEGRATION and WP-METHOD-RUNTIME-FOUNDATION-S1: read/write conflict; WP-METHOD-RUNTIME-FOUNDATION-S1 reads 'governance/WORK_PACKET_POLICY_V2.json' while WP-METHOD-INTEGRATION writes 'governance/WORK_PACKET_POLICY_V2.json'; parallel packets WP-METHOD-INTEGRATION and WP-METHOD-RUNTIME-FOUNDATION-S1: read/write conflict; WP-METHOD-RUNTIME-FOUNDATION-S1 reads 'scripts/verify_work_packets.py' while WP-METHOD-INTEGRATION writes 'scripts/verify_work_packets.py'; unrecordable recovery: candidate snapshot could not be verified; unrecordable recovery: repository discovery: project prefix differs from the authorized scope; ledger WP-DEPENDENCY-BOUNDARY: latest controlled snapshot is stale; ledger WP-METHOD-INTEGRATION: latest controlled snapshot is stale; ledger WP-METHOD-RUNTIME-FOUNDATION-S1: latest controlled snapshot is stale\n- git rev-parse aa0a5966e114d6d7c87aa14fe2c27253f9f89f26^{tree} failed (128): fatal: ambiguous argument 'aa0a5966e114d6d7c87aa14fe2c27253f9f89f26^{tree}': unknown revision or path not in the working tree.\nUse '--' to separate paths from revisions, like this:\n'git <command> [<revision>...] -- [<file>...]'\n- normative frozen file boundary differs: expected=['PRODUCT_ASSURANCE_BLUEPRINT_V2.md', 'governance/ACCEPTANCE_CASES_V1.json', 'governance/ACCEPTANCE_CONTRACT_V1.json', 'governance/AI_PROJECT_RESEARCH_REGISTER_V1.json', 'governance/ASSURANCE_SUBJECTS_V1.json', 'governance/ASSURANCE_TRUST_MODEL_V1.json', 'governance/COMPONENT_REGISTRY_V1.json', 'governance/CONTEXT_RECOVERY_SPEC_V1.json', 'governance/DECISION_AUTHORITY_V1.json', 'governance/DEPENDENCY_BOUNDARY_V1.json', 'governance/EXECUTION_LOOP_POLICY_V1.json', 'governance/EXECUTION_LOOP_POLICY_V2.json', 'governance/FAILURE_CLASSES_V1.json', 'governance/FIELD_USE_PROTOCOL_V1.json', 'governance/FROZEN_TEST_MANIFEST_V1.json', 'governance/GROUND_TRUTH_MANIFEST_V1.json', 'governance/IMPLEMENTATION_TARGETS_V1.json', 'governance/MARKET_SIMULATION_POLICY_V1.json', 'governance/MIGRATION_DRILL_SPEC_V1.json', 'governance/MONEY_AND_CORPORATE_ACTIONS_SPEC_V1.json', 'governance/NO_LIVE_SCOPE_POLICY_V1.json', 'governance/PRIVATE_DATA_POLICY_V1.json', 'governance/PROJECT_METHOD_POLICY_V1.json', 'governance/RESEARCH_SUFFICIENCY_V1.json', 'governance/RUFF_CI_CONFIG_V1.toml', 'governance/TRACEABILITY_V1.json', 'governance/USER_INTENT_V1.json', 'governance/USER_SOURCE_EXCERPTS_V1.json', 'governance/VERIFICATION_SPECS_V1.json', 'governance/WORK_PACKET_POLICY_V1.json', 'governance/WORK_PACKET_POLICY_V2.json', 'governance/requirements-ci.txt', 'research/SAME_TASK_METHOD_COMPARISON_PREREGISTRATION_R9_2026-07-25.json'], actual=['PRODUCT_ASSURANCE_BLUEPRINT_V2.md', 'governance/ACCEPTANCE_CASES_V1.json', 'governance/ACCEPTANCE_CONTRACT_V1.json', 'governance/AI_PROJECT_RESEARCH_REGISTER_V1.json', 'governance/ASSURANCE_SUBJECTS_V1.json', 'governance/ASSURANCE_TRUST_MODEL_V1.json', 'governance/COMPONENT_REGISTRY_V1.json', 'governance/CONTEXT_RECOVERY_SPEC_V1.json', 'governance/DECISION_AUTHORITY_V1.json', 'governance/DEPENDENCY_BOUNDARY_V1.json', 'governance/EXECUTION_LOOP_POLICY_V1.json', 'governance/FAILURE_CLASSES_V1.json', 'governance/FIELD_USE_PROTOCOL_V1.json', 'governance/FROZEN_TEST_MANIFEST_V1.json', 'governance/GROUND_TRUTH_MANIFEST_V1.json', 'governance/IMPLEMENTATION_TARGETS_V1.json', 'governance/MARKET_SIMULATION_POLICY_V1.json', 'governance/MIGRATION_DRILL_SPEC_V1.json', 'governance/MONEY_AND_CORPORATE_ACTIONS_SPEC_V1.json', 'governance/NO_LIVE_SCOPE_POLICY_V1.json', 'governance/PRIVATE_DATA_POLICY_V1.json', 'governance/PROJECT_METHOD_POLICY_V1.json', 'governance/RESEARCH_SUFFICIENCY_V1.json', 'governance/RUFF_CI_CONFIG_V1.toml', 'governance/TRACEABILITY_V1.json', 'governance/USER_INTENT_V1.json', 'governance/USER_SOURCE_EXCERPTS_V1.json', 'governance/VERIFICATION_SPECS_V1.json', 'governance/WORK_PACKET_POLICY_V1.json', 'governance/requirements-ci.txt', 'research/SAME_TASK_METHOD_COMPARISON_PREREGISTRATION_R9_2026-07-25.json']\n", "stdout_sha256": "8afa7d59c292d1245facf69a337e66059080baad578bc1d55fa818703d0bfda1"}, "candidate_commit": "2e12fadff1f11d2241d8ab69d6a10db7ae51e745", "candidate_tree": "2bf0ad8abe00f30f707bd864c48fda23d638501b", "completed_at": "2026-07-28T04:19:39.895955+00:00", "execution_fingerprint": "920daef3e38fd09c85ada72d90c4082cb97d45277a46d20aadee8880ed0397e4", "expected_rejection_substring": "CASE-PIT-LATE-RETRIEVAL freeze-critical semantics differ", "mode": "canonical", "mutation_observation": null, "mutation_spec_sha256": "1baaf7fd5239f872de52d3f0c1d3df18c037512a5931ac9691f1003c2537fa7e", "probe_id": "ATTACK-PIT-ORACLE-INVERSION", "project_prefix": "workspace/project/", "result": "invalid_baseline", "runner_exit_code": 2, "runner_id": "ids-design-freeze-attack-runner-v1", "runner_sha256": "6f704c4dce4f4f44c9779b6c5ca63499aae37ba27e0863300ff74579429e3961", "schema_version": 2, "started_at": "2026-07-28T04:19:35.264058+00:00", "target": null}


======================================================================
FAIL: test_valid_non_circular_closure_creates_bound_bundle (test_freeze_git_remote.FreezeGitRemoteCounterexampleTests.test_valid_non_circular_closure_creates_bound_bundle)
----------------------------------------------------------------------
Traceback (most recent call last):
  File "/private/tmp/ids-fed7-audit.kowOr4/repo/MyBrain/projects/investment-discipline-system/governance_tests/test_freeze_git_remote.py", line 1577, in test_valid_non_circular_closure_creates_bound_bundle
    reviewed = self.prepare_completed_freeze()
  File "/private/tmp/ids-fed7-audit.kowOr4/repo/MyBrain/projects/investment-discipline-system/governance_tests/test_freeze_git_remote.py", line 898, in prepare_completed_freeze
    receipt = self.run_attack(
        candidate_commit=reviewed_commit,
    ...<2 lines>...
        receipt_relative=receipt_relative,
    )
  File "/private/tmp/ids-fed7-audit.kowOr4/repo/MyBrain/projects/investment-discipline-system/governance_tests/test_freeze_git_remote.py", line 646, in run_attack
    self.assertEqual(completed.returncode, 0, completed.stdout)
    ~~~~~~~~~~~~~~~~^^^^^^^^^^^^^^^^^^^^^^^^^^^^^^^^^^^^^^^^^^^
AssertionError: 2 != 0 : {"baseline": {"argv": ["PYTHON", "scripts/verify_governance.py", "--allow-candidate"], "exit_code": 1, "stdout": "governance verification: FAIL\n- assurance metadata executable verification failed: ground-truth manifest: missing research primary artifact audits/PROJECT_METHOD_GAP_CLOSURE_REVIEW_R8_2026-07-25.md; ground-truth manifest: missing research primary artifact audits/PROJECT_GOVERNANCE_ADVERSARIAL_REVIEW_R10_2026-07-25.md\n- context recovery executable verification failed: {'message': \"STATUS.md is missing marker '## 当前裁决'\", 'oracle_id': 'CTX02-STATE-MARKER-MISSING'}; {'message': \"STATUS.md is missing marker '## 已有且仍然有效'\", 'oracle_id': 'CTX02-STATE-MARKER-MISSING'}; {'message': \"STATUS.md is missing marker '## 进行中'\", 'oracle_id': 'CTX02-STATE-MARKER-MISSING'}; {'message': \"STATUS.md is missing marker '## 当前下一步'\", 'oracle_id': 'CTX02-STATE-MARKER-MISSING'}; {'message': \"STATUS.md is missing marker '## 主要残余风险'\", 'oracle_id': 'CTX02-STATE-MARKER-MISSING'}; {'message': \"TASK_BOARD.md is missing marker '## 进行中'\", 'oracle_id': 'CTX02-STATE-MARKER-MISSING'}; {'message': \"TASK_BOARD.md is missing marker '## 已排队'\", 'oracle_id': 'CTX02-STATE-MARKER-MISSING'}; {'message': \"TASK_BOARD.md is missing marker '## 条件性任务'\", 'oracle_id': 'CTX02-STATE-MARKER-MISSING'}; {'message': \"TASK_BOARD.md is missing marker '## 已完成且证据仍有效'\", 'oracle_id': 'CTX02-STATE-MARKER-MISSING'}; {'message': \"TASK_BOARD.md is missing marker '## 工作规则'\", 'oracle_id': 'CTX02-STATE-MARKER-MISSING'}\n- work packets executable verification failed: DAG edge WP-CONTRACT-SUPERSESSION-CLOSURE-POLICY -> WP-METHOD-RUNTIME-FOUNDATION-S1: depends_on is not matched by activates; DAG edge WP-METHOD-RUNTIME-FOUNDATION-S1 -> WP-METHOD-INTEGRATION: activates is not matched by depends_on; goal METHOD-GOVERNANCE-CLOSURE: expected exactly one live root; found ['WP-CONTRACT-SUPERSESSION-CLOSURE-POLICY', 'WP-METHOD-INTEGRATION', 'WP-METHOD-RUNTIME-FOUNDATION-S1']; goal METHOD-GOVERNANCE-CLOSURE: expected exactly one live sink; found ['WP-CONTRACT-SUPERSESSION-CLOSURE-POLICY', 'WP-FREEZE-CLOSURE-PROTOCOL', 'WP-METHOD-RUNTIME-FOUNDATION-S1']; packet WP-CONTRACT-SUPERSESSION-CLOSURE-POLICY: activates packet 'WP-METHOD-RUNTIME-FOUNDATION' is superseded without an exact recovery alias; packet WP-METHOD-INTEGRATION: depends_on packet 'WP-METHOD-RUNTIME-FOUNDATION' is superseded without an exact recovery alias; packet WP-METHOD-RUNTIME-FOUNDATION: acceptance receipt is required before state superseded; packet WP-METHOD-RUNTIME-FOUNDATION: checkpoint receipt is required before state superseded; parallel packets WP-CONTRACT-SUPERSESSION-CLOSURE-POLICY and WP-FREEZE-CLOSURE-PROTOCOL: read/write conflict; WP-FREEZE-CLOSURE-PROTOCOL reads 'scripts/verify_contract_supersession.py' while WP-CONTRACT-SUPERSESSION-CLOSURE-POLICY writes 'scripts/verify_contract_supersession.py'; parallel packets WP-CONTRACT-SUPERSESSION-CLOSURE-POLICY and WP-METHOD-INTEGRATION: read/write conflict; WP-CONTRACT-SUPERSESSION-CLOSURE-POLICY reads 'governance/ACCEPTANCE_CONTRACT_V1.json' while WP-METHOD-INTEGRATION writes 'governance/ACCEPTANCE_CONTRACT_V1.json'; parallel packets WP-CONTRACT-SUPERSESSION-CLOSURE-POLICY and WP-METHOD-INTEGRATION: read/write conflict; WP-CONTRACT-SUPERSESSION-CLOSURE-POLICY reads 'governance/PROJECT_METHOD_POLICY_V1.json' while WP-METHOD-INTEGRATION writes 'governance/PROJECT_METHOD_POLICY_V1.json'; parallel packets WP-CONTRACT-SUPERSESSION-CLOSURE-POLICY and WP-METHOD-INTEGRATION: read/write conflict; WP-METHOD-INTEGRATION reads 'scripts/verify_contract_supersession.py' while WP-CONTRACT-SUPERSESSION-CLOSURE-POLICY writes 'scripts/verify_contract_supersession.py'; parallel packets WP-FREEZE-CLOSURE-PROTOCOL and WP-METHOD-RUNTIME-FOUNDATION-S1: read/write conflict; WP-FREEZE-CLOSURE-PROTOCOL reads 'scripts/verify_governance.py' while WP-METHOD-RUNTIME-FOUNDATION-S1 writes 'scripts/verify_governance.py'; parallel packets WP-METHOD-INTEGRATION and WP-METHOD-RUNTIME-FOUNDATION-S1: read/write conflict; WP-METHOD-INTEGRATION reads 'governance/PROJECT_STATE_VIEW_POLICY_V1.json' while WP-METHOD-RUNTIME-FOUNDATION-S1 writes 'governance/PROJECT_STATE_VIEW_POLICY_V1.json'; parallel packets WP-METHOD-INTEGRATION and WP-METHOD-RUNTIME-FOUNDATION-S1: read/write conflict; WP-METHOD-RUNTIME-FOUNDATION-S1 reads 'governance/AI_PROJECT_RESEARCH_REGISTER_V1.json' while WP-METHOD-INTEGRATION writes 'governance/AI_PROJECT_RESEARCH_REGISTER_V1.json'; parallel packets WP-METHOD-INTEGRATION and WP-METHOD-RUNTIME-FOUNDATION-S1: read/write conflict; WP-METHOD-RUNTIME-FOUNDATION-S1 reads 'governance/WORK_PACKET_POLICY_V2.json' while WP-METHOD-INTEGRATION writes 'governance/WORK_PACKET_POLICY_V2.json'; parallel packets WP-METHOD-INTEGRATION and WP-METHOD-RUNTIME-FOUNDATION-S1: read/write conflict; WP-METHOD-RUNTIME-FOUNDATION-S1 reads 'scripts/verify_work_packets.py' while WP-METHOD-INTEGRATION writes 'scripts/verify_work_packets.py'; unrecordable recovery: candidate snapshot could not be verified; unrecordable recovery: repository discovery: project prefix differs from the authorized scope\n- frozen tests executable verification failed: source sha256 mismatch for frozen-test file: governance_tests/test_governance_regression_runner.py; class AST sha256 mismatch for frozen-test class: governance_tests/test_governance_regression_runner.py::GovernanceRegressionRunnerTests\n- execution loop executable verification failed: V2 work-packet verification failed: DAG edge WP-CONTRACT-SUPERSESSION-CLOSURE-POLICY -> WP-METHOD-RUNTIME-FOUNDATION-S1: depends_on is not matched by activates; DAG edge WP-METHOD-RUNTIME-FOUNDATION-S1 -> WP-METHOD-INTEGRATION: activates is not matched by depends_on; goal METHOD-GOVERNANCE-CLOSURE: expected exactly one live root; found ['WP-CONTRACT-SUPERSESSION-CLOSURE-POLICY', 'WP-METHOD-INTEGRATION', 'WP-METHOD-RUNTIME-FOUNDATION-S1']; goal METHOD-GOVERNANCE-CLOSURE: expected exactly one live sink; found ['WP-CONTRACT-SUPERSESSION-CLOSURE-POLICY', 'WP-FREEZE-CLOSURE-PROTOCOL', 'WP-METHOD-RUNTIME-FOUNDATION-S1']; packet WP-CONTRACT-SUPERSESSION-CLOSURE-POLICY: activates packet 'WP-METHOD-RUNTIME-FOUNDATION' is superseded without an exact recovery alias; packet WP-METHOD-INTEGRATION: depends_on packet 'WP-METHOD-RUNTIME-FOUNDATION' is superseded without an exact recovery alias; packet WP-METHOD-RUNTIME-FOUNDATION: acceptance receipt is required before state superseded; packet WP-METHOD-RUNTIME-FOUNDATION: checkpoint receipt is required before state superseded; parallel packets WP-CONTRACT-SUPERSESSION-CLOSURE-POLICY and WP-FREEZE-CLOSURE-PROTOCOL: read/write conflict; WP-FREEZE-CLOSURE-PROTOCOL reads 'scripts/verify_contract_supersession.py' while WP-CONTRACT-SUPERSESSION-CLOSURE-POLICY writes 'scripts/verify_contract_supersession.py'; parallel packets WP-CONTRACT-SUPERSESSION-CLOSURE-POLICY and WP-METHOD-INTEGRATION: read/write conflict; WP-CONTRACT-SUPERSESSION-CLOSURE-POLICY reads 'governance/ACCEPTANCE_CONTRACT_V1.json' while WP-METHOD-INTEGRATION writes 'governance/ACCEPTANCE_CONTRACT_V1.json'; parallel packets WP-CONTRACT-SUPERSESSION-CLOSURE-POLICY and WP-METHOD-INTEGRATION: read/write conflict; WP-CONTRACT-SUPERSESSION-CLOSURE-POLICY reads 'governance/PROJECT_METHOD_POLICY_V1.json' while WP-METHOD-INTEGRATION writes 'governance/PROJECT_METHOD_POLICY_V1.json'; parallel packets WP-CONTRACT-SUPERSESSION-CLOSURE-POLICY and WP-METHOD-INTEGRATION: read/write conflict; WP-METHOD-INTEGRATION reads 'scripts/verify_contract_supersession.py' while WP-CONTRACT-SUPERSESSION-CLOSURE-POLICY writes 'scripts/verify_contract_supersession.py'; parallel packets WP-FREEZE-CLOSURE-PROTOCOL and WP-METHOD-RUNTIME-FOUNDATION-S1: read/write conflict; WP-FREEZE-CLOSURE-PROTOCOL reads 'scripts/verify_governance.py' while WP-METHOD-RUNTIME-FOUNDATION-S1 writes 'scripts/verify_governance.py'; parallel packets WP-METHOD-INTEGRATION and WP-METHOD-RUNTIME-FOUNDATION-S1: read/write conflict; WP-METHOD-INTEGRATION reads 'governance/PROJECT_STATE_VIEW_POLICY_V1.json' while WP-METHOD-RUNTIME-FOUNDATION-S1 writes 'governance/PROJECT_STATE_VIEW_POLICY_V1.json'; parallel packets WP-METHOD-INTEGRATION and WP-METHOD-RUNTIME-FOUNDATION-S1: read/write conflict; WP-METHOD-RUNTIME-FOUNDATION-S1 reads 'governance/AI_PROJECT_RESEARCH_REGISTER_V1.json' while WP-METHOD-INTEGRATION writes 'governance/AI_PROJECT_RESEARCH_REGISTER_V1.json'; parallel packets WP-METHOD-INTEGRATION and WP-METHOD-RUNTIME-FOUNDATION-S1: read/write conflict; WP-METHOD-RUNTIME-FOUNDATION-S1 reads 'governance/WORK_PACKET_POLICY_V2.json' while WP-METHOD-INTEGRATION writes 'governance/WORK_PACKET_POLICY_V2.json'; parallel packets WP-METHOD-INTEGRATION and WP-METHOD-RUNTIME-FOUNDATION-S1: read/write conflict; WP-METHOD-RUNTIME-FOUNDATION-S1 reads 'scripts/verify_work_packets.py' while WP-METHOD-INTEGRATION writes 'scripts/verify_work_packets.py'; unrecordable recovery: candidate snapshot could not be verified; unrecordable recovery: repository discovery: project prefix differs from the authorized scope; ledger WP-DEPENDENCY-BOUNDARY: latest controlled snapshot is stale; ledger WP-METHOD-INTEGRATION: latest controlled snapshot is stale; ledger WP-METHOD-RUNTIME-FOUNDATION-S1: latest controlled snapshot is stale\n- git rev-parse aa0a5966e114d6d7c87aa14fe2c27253f9f89f26^{tree} failed (128): fatal: ambiguous argument 'aa0a5966e114d6d7c87aa14fe2c27253f9f89f26^{tree}': unknown revision or path not in the working tree.\nUse '--' to separate paths from revisions, like this:\n'git <command> [<revision>...] -- [<file>...]'\n- normative frozen file boundary differs: expected=['PRODUCT_ASSURANCE_BLUEPRINT_V2.md', 'governance/ACCEPTANCE_CASES_V1.json', 'governance/ACCEPTANCE_CONTRACT_V1.json', 'governance/AI_PROJECT_RESEARCH_REGISTER_V1.json', 'governance/ASSURANCE_SUBJECTS_V1.json', 'governance/ASSURANCE_TRUST_MODEL_V1.json', 'governance/COMPONENT_REGISTRY_V1.json', 'governance/CONTEXT_RECOVERY_SPEC_V1.json', 'governance/DECISION_AUTHORITY_V1.json', 'governance/DEPENDENCY_BOUNDARY_V1.json', 'governance/EXECUTION_LOOP_POLICY_V1.json', 'governance/EXECUTION_LOOP_POLICY_V2.json', 'governance/FAILURE_CLASSES_V1.json', 'governance/FIELD_USE_PROTOCOL_V1.json', 'governance/FROZEN_TEST_MANIFEST_V1.json', 'governance/GROUND_TRUTH_MANIFEST_V1.json', 'governance/IMPLEMENTATION_TARGETS_V1.json', 'governance/MARKET_SIMULATION_POLICY_V1.json', 'governance/MIGRATION_DRILL_SPEC_V1.json', 'governance/MONEY_AND_CORPORATE_ACTIONS_SPEC_V1.json', 'governance/NO_LIVE_SCOPE_POLICY_V1.json', 'governance/PRIVATE_DATA_POLICY_V1.json', 'governance/PROJECT_METHOD_POLICY_V1.json', 'governance/RESEARCH_SUFFICIENCY_V1.json', 'governance/RUFF_CI_CONFIG_V1.toml', 'governance/TRACEABILITY_V1.json', 'governance/USER_INTENT_V1.json', 'governance/USER_SOURCE_EXCERPTS_V1.json', 'governance/VERIFICATION_SPECS_V1.json', 'governance/WORK_PACKET_POLICY_V1.json', 'governance/WORK_PACKET_POLICY_V2.json', 'governance/requirements-ci.txt', 'research/SAME_TASK_METHOD_COMPARISON_PREREGISTRATION_R9_2026-07-25.json'], actual=['PRODUCT_ASSURANCE_BLUEPRINT_V2.md', 'governance/ACCEPTANCE_CASES_V1.json', 'governance/ACCEPTANCE_CONTRACT_V1.json', 'governance/AI_PROJECT_RESEARCH_REGISTER_V1.json', 'governance/ASSURANCE_SUBJECTS_V1.json', 'governance/ASSURANCE_TRUST_MODEL_V1.json', 'governance/COMPONENT_REGISTRY_V1.json', 'governance/CONTEXT_RECOVERY_SPEC_V1.json', 'governance/DECISION_AUTHORITY_V1.json', 'governance/DEPENDENCY_BOUNDARY_V1.json', 'governance/EXECUTION_LOOP_POLICY_V1.json', 'governance/FAILURE_CLASSES_V1.json', 'governance/FIELD_USE_PROTOCOL_V1.json', 'governance/FROZEN_TEST_MANIFEST_V1.json', 'governance/GROUND_TRUTH_MANIFEST_V1.json', 'governance/IMPLEMENTATION_TARGETS_V1.json', 'governance/MARKET_SIMULATION_POLICY_V1.json', 'governance/MIGRATION_DRILL_SPEC_V1.json', 'governance/MONEY_AND_CORPORATE_ACTIONS_SPEC_V1.json', 'governance/NO_LIVE_SCOPE_POLICY_V1.json', 'governance/PRIVATE_DATA_POLICY_V1.json', 'governance/PROJECT_METHOD_POLICY_V1.json', 'governance/RESEARCH_SUFFICIENCY_V1.json', 'governance/RUFF_CI_CONFIG_V1.toml', 'governance/TRACEABILITY_V1.json', 'governance/USER_INTENT_V1.json', 'governance/USER_SOURCE_EXCERPTS_V1.json', 'governance/VERIFICATION_SPECS_V1.json', 'governance/WORK_PACKET_POLICY_V1.json', 'governance/requirements-ci.txt', 'research/SAME_TASK_METHOD_COMPARISON_PREREGISTRATION_R9_2026-07-25.json']\n", "stdout_sha256": "8afa7d59c292d1245facf69a337e66059080baad578bc1d55fa818703d0bfda1"}, "candidate_commit": "831b1dd2d71f70ac475d1d3750e7c80243f92b0e", "candidate_tree": "86751c58018fa1fd83a2f5806c6597a4cdf79a2a", "completed_at": "2026-07-28T04:20:17.623843+00:00", "execution_fingerprint": "091e2fbe900dddf8c85d2caba92695b4ddb8a02a389d0abfa5dcc3a59c263431", "expected_rejection_substring": "CASE-PIT-LATE-RETRIEVAL freeze-critical semantics differ", "mode": "canonical", "mutation_observation": null, "mutation_spec_sha256": "1baaf7fd5239f872de52d3f0c1d3df18c037512a5931ac9691f1003c2537fa7e", "probe_id": "ATTACK-PIT-ORACLE-INVERSION", "project_prefix": "workspace/project/", "result": "invalid_baseline", "runner_exit_code": 2, "runner_id": "ids-design-freeze-attack-runner-v1", "runner_sha256": "6f704c4dce4f4f44c9779b6c5ca63499aae37ba27e0863300ff74579429e3961", "schema_version": 2, "started_at": "2026-07-28T04:20:12.934637+00:00", "target": null}


======================================================================
FAIL: test_current_bounded_incomplete_receipt_is_internally_valid (test_research_sufficiency.ResearchSufficiencyTests.test_current_bounded_incomplete_receipt_is_internally_valid)
----------------------------------------------------------------------
Traceback (most recent call last):
  File "/private/tmp/ids-fed7-audit.kowOr4/repo/MyBrain/projects/investment-discipline-system/governance_tests/test_research_sufficiency.py", line 100, in test_current_bounded_incomplete_receipt_is_internally_valid
    self.assertEqual(completed.returncode, 0, completed.stdout)
    ~~~~~~~~~~~~~~~~^^^^^^^^^^^^^^^^^^^^^^^^^^^^^^^^^^^^^^^^^^^
AssertionError: 1 != 0 : {"derived_pre_review_eligible": false, "derived_research_state": "bounded_incomplete", "errors": ["research sufficiency current_evaluation differs"], "evaluated_input_sha256_state": "mismatch", "research_claim_status": "bounded_incomplete", "rule_results": [{"id": "DR-01", "result": "pass"}, {"failed_topic_ids": ["RS-01", "RS-02", "RS-03", "RS-04", "RS-05"], "id": "DR-02", "result": "fail"}, {"failed_topic_ids": ["RS-01", "RS-02", "RS-03", "RS-04", "RS-05"], "id": "DR-03", "result": "fail"}, {"failed_topic_ids": ["RS-01", "RS-02", "RS-03", "RS-04", "RS-05"], "id": "DR-04", "result": "fail"}, {"failed_topic_ids": ["RS-01", "RS-02", "RS-03", "RS-04", "RS-05"], "id": "DR-05", "result": "fail"}, {"failed_topic_ids": ["RS-01", "RS-02", "RS-03", "RS-04", "RS-05"], "id": "DR-06", "result": "fail"}, {"failed_topic_ids": ["RS-01", "RS-02", "RS-03", "RS-04", "RS-05"], "id": "DR-07", "result": "fail"}, {"failed_topic_ids": ["RS-01", "RS-02", "RS-03", "RS-05"], "id": "DR-08", "result": "fail"}, {"failed_topic_ids": ["RS-01", "RS-02", "RS-03", "RS-04", "RS-05"], "id": "DR-09", "result": "fail"}, {"id": "DR-10", "result": "pass"}, {"failed_gap_ids": ["GAP-001", "GAP-002", "GAP-003", "GAP-004", "GAP-005", "GAP-006", "GAP-008", "GAP-011", "GAP-012", "GAP-014", "GAP-015"], "id": "DR-12", "result": "fail"}, {"failed_topic_ids": ["governance/AI_PROJECT_RESEARCH_REGISTER_V1.json"], "id": "DR-13", "result": "fail"}], "verification_status": "invalid"}


======================================================================
FAIL: test_unmodified_candidate_passes (test_verify_governance.GovernanceVerifierMutationTests.test_unmodified_candidate_passes)
----------------------------------------------------------------------
Traceback (most recent call last):
  File "/private/tmp/ids-fed7-audit.kowOr4/repo/MyBrain/projects/investment-discipline-system/governance_tests/test_verify_governance.py", line 104, in test_unmodified_candidate_passes
    self.assertEqual(result.returncode, 0, result.stdout)
    ~~~~~~~~~~~~~~~~^^^^^^^^^^^^^^^^^^^^^^^^^^^^^^^^^^^^^
AssertionError: 1 != 0 : governance verification: FAIL
- research sufficiency executable verification failed: research sufficiency current_evaluation differs
- assurance metadata executable verification failed: ground-truth manifest: stale artifact hash for governance/ACCEPTANCE_CONTRACT_V1.json; ground-truth manifest: stale artifact hash for governance/AI_PROJECT_RESEARCH_REGISTER_V1.json; ground-truth manifest: stale artifact hash for governance/ASSURANCE_SUBJECTS_V1.json; ground-truth manifest: stale artifact hash for governance/FROZEN_TEST_MANIFEST_V1.json; ground-truth manifest: stale artifact hash for governance/NO_LIVE_SCOPE_POLICY_V1.json; ground-truth manifest: stale artifact hash for governance/PROJECT_METHOD_POLICY_V1.json; ground-truth manifest: missing research primary artifact audits/PROJECT_METHOD_GAP_CLOSURE_REVIEW_R8_2026-07-25.md; ground-truth manifest: missing research primary artifact audits/PROJECT_GOVERNANCE_ADVERSARIAL_REVIEW_R10_2026-07-25.md
- context recovery executable verification failed: {'message': "STATUS.md is missing marker '## 当前裁决'", 'oracle_id': 'CTX02-STATE-MARKER-MISSING'}; {'message': "STATUS.md is missing marker '## 已有且仍然有效'", 'oracle_id': 'CTX02-STATE-MARKER-MISSING'}; {'message': "STATUS.md is missing marker '## 进行中'", 'oracle_id': 'CTX02-STATE-MARKER-MISSING'}; {'message': "STATUS.md is missing marker '## 当前下一步'", 'oracle_id': 'CTX02-STATE-MARKER-MISSING'}; {'message': "STATUS.md is missing marker '## 主要残余风险'", 'oracle_id': 'CTX02-STATE-MARKER-MISSING'}; {'message': "TASK_BOARD.md is missing marker '## 进行中'", 'oracle_id': 'CTX02-STATE-MARKER-MISSING'}; {'message': "TASK_BOARD.md is missing marker '## 已排队'", 'oracle_id': 'CTX02-STATE-MARKER-MISSING'}; {'message': "TASK_BOARD.md is missing marker '## 条件性任务'", 'oracle_id': 'CTX02-STATE-MARKER-MISSING'}; {'message': "TASK_BOARD.md is missing marker '## 已完成且证据仍有效'", 'oracle_id': 'CTX02-STATE-MARKER-MISSING'}; {'message': "TASK_BOARD.md is missing marker '## 工作规则'", 'oracle_id': 'CTX02-STATE-MARKER-MISSING'}
- component registry executable verification failed: components[0].contract_interface.locators[0].sha256 is stale for governance/ACCEPTANCE_CONTRACT_V1.json: declared=628dc791951d3e83d27ccfe30d04a2c067731b6dc5e5eccabdf3761dc824f2d6, actual=1e8603b78b2479fc200c20f673bb09fc15b35a6f39c806a988d16098dd1a0c1d; components[0].contract_interface.locators[1].sha256 is stale for governance/PROJECT_METHOD_POLICY_V1.json: declared=232c2830ba2109cd7b3cfa6a9450f2d736352b45f088f4eb0918c5d004d87dbb, actual=16521aed0eb3e865212440522ec2a6ae19eb346ab9f7d2faf3a735f46465fd7f; components[0].observability.locators[0].sha256 is stale for scripts/verify_governance.py: declared=314c71c6c3d138aa37e4501defb44a11de71385f963ffb14860aa5e246c4cc0c, actual=7488baca8f30675f2c8a4b119b6aa3b76cc38d2b0ff8cdf7930f95083d2749b9; components[0].dependencies[0].evidence_locators[0].sha256 is stale for governance/ACCEPTANCE_CONTRACT_V1.json: declared=628dc791951d3e83d27ccfe30d04a2c067731b6dc5e5eccabdf3761dc824f2d6, actual=1e8603b78b2479fc200c20f673bb09fc15b35a6f39c806a988d16098dd1a0c1d; components[0].dependencies[1].evidence_locators[0].sha256 is stale for governance/ACCEPTANCE_CONTRACT_V1.json: declared=628dc791951d3e83d27ccfe30d04a2c067731b6dc5e5eccabdf3761dc824f2d6, actual=1e8603b78b2479fc200c20f673bb09fc15b35a6f39c806a988d16098dd1a0c1d; components[0].removal_path.blocker_locators[0].sha256 is stale for governance/ACCEPTANCE_CONTRACT_V1.json: declared=628dc791951d3e83d27ccfe30d04a2c067731b6dc5e5eccabdf3761dc824f2d6, actual=1e8603b78b2479fc200c20f673bb09fc15b35a6f39c806a988d16098dd1a0c1d; components[0].evidence_locators[0].sha256 is stale for governance/PROJECT_METHOD_POLICY_V1.json: declared=232c2830ba2109cd7b3cfa6a9450f2d736352b45f088f4eb0918c5d004d87dbb, actual=16521aed0eb3e865212440522ec2a6ae19eb346ab9f7d2faf3a735f46465fd7f
- work packets executable verification failed: DAG edge WP-CONTRACT-SUPERSESSION-CLOSURE-POLICY -> WP-METHOD-RUNTIME-FOUNDATION-S1: depends_on is not matched by activates; DAG edge WP-METHOD-RUNTIME-FOUNDATION-S1 -> WP-METHOD-INTEGRATION: activates is not matched by depends_on; goal METHOD-GOVERNANCE-CLOSURE: expected exactly one live root; found ['WP-CONTRACT-SUPERSESSION-CLOSURE-POLICY', 'WP-METHOD-INTEGRATION', 'WP-METHOD-RUNTIME-FOUNDATION-S1']; goal METHOD-GOVERNANCE-CLOSURE: expected exactly one live sink; found ['WP-CONTRACT-SUPERSESSION-CLOSURE-POLICY', 'WP-FREEZE-CLOSURE-PROTOCOL', 'WP-METHOD-RUNTIME-FOUNDATION-S1']; packet WP-CONTRACT-SUPERSESSION-CLOSURE-POLICY: activates packet 'WP-METHOD-RUNTIME-FOUNDATION' is superseded without an exact recovery alias; packet WP-METHOD-INTEGRATION: depends_on packet 'WP-METHOD-RUNTIME-FOUNDATION' is superseded without an exact recovery alias; packet WP-METHOD-RUNTIME-FOUNDATION: acceptance receipt is required before state superseded; packet WP-METHOD-RUNTIME-FOUNDATION: checkpoint receipt is required before state superseded; parallel packets WP-CONTRACT-SUPERSESSION-CLOSURE-POLICY and WP-FREEZE-CLOSURE-PROTOCOL: read/write conflict; WP-FREEZE-CLOSURE-PROTOCOL reads 'scripts/verify_contract_supersession.py' while WP-CONTRACT-SUPERSESSION-CLOSURE-POLICY writes 'scripts/verify_contract_supersession.py'; parallel packets WP-CONTRACT-SUPERSESSION-CLOSURE-POLICY and WP-METHOD-INTEGRATION: read/write conflict; WP-CONTRACT-SUPERSESSION-CLOSURE-POLICY reads 'governance/ACCEPTANCE_CONTRACT_V1.json' while WP-METHOD-INTEGRATION writes 'governance/ACCEPTANCE_CONTRACT_V1.json'; parallel packets WP-CONTRACT-SUPERSESSION-CLOSURE-POLICY and WP-METHOD-INTEGRATION: read/write conflict; WP-CONTRACT-SUPERSESSION-CLOSURE-POLICY reads 'governance/PROJECT_METHOD_POLICY_V1.json' while WP-METHOD-INTEGRATION writes 'governance/PROJECT_METHOD_POLICY_V1.json'; parallel packets WP-CONTRACT-SUPERSESSION-CLOSURE-POLICY and WP-METHOD-INTEGRATION: read/write conflict; WP-METHOD-INTEGRATION reads 'scripts/verify_contract_supersession.py' while WP-CONTRACT-SUPERSESSION-CLOSURE-POLICY writes 'scripts/verify_contract_supersession.py'; parallel packets WP-FREEZE-CLOSURE-PROTOCOL and WP-METHOD-RUNTIME-FOUNDATION-S1: read/write conflict; WP-FREEZE-CLOSURE-PROTOCOL reads 'scripts/verify_governance.py' while WP-METHOD-RUNTIME-FOUNDATION-S1 writes 'scripts/verify_governance.py'; parallel packets WP-METHOD-INTEGRATION and WP-METHOD-RUNTIME-FOUNDATION-S1: read/write conflict; WP-METHOD-INTEGRATION reads 'governance/PROJECT_STATE_VIEW_POLICY_V1.json' while WP-METHOD-RUNTIME-FOUNDATION-S1 writes 'governance/PROJECT_STATE_VIEW_POLICY_V1.json'; parallel packets WP-METHOD-INTEGRATION and WP-METHOD-RUNTIME-FOUNDATION-S1: read/write conflict; WP-METHOD-RUNTIME-FOUNDATION-S1 reads 'governance/AI_PROJECT_RESEARCH_REGISTER_V1.json' while WP-METHOD-INTEGRATION writes 'governance/AI_PROJECT_RESEARCH_REGISTER_V1.json'; parallel packets WP-METHOD-INTEGRATION and WP-METHOD-RUNTIME-FOUNDATION-S1: read/write conflict; WP-METHOD-RUNTIME-FOUNDATION-S1 reads 'governance/WORK_PACKET_POLICY_V2.json' while WP-METHOD-INTEGRATION writes 'governance/WORK_PACKET_POLICY_V2.json'; parallel packets WP-METHOD-INTEGRATION and WP-METHOD-RUNTIME-FOUNDATION-S1: read/write conflict; WP-METHOD-RUNTIME-FOUNDATION-S1 reads 'scripts/verify_work_packets.py' while WP-METHOD-INTEGRATION writes 'scripts/verify_work_packets.py'; unrecordable recovery: candidate snapshot could not be verified; unrecordable recovery: review envelope ref: git exited 128: fatal: 'refs/tags/foundation-successor-recovery-review-2026-07-27-r3' - not a valid ref
- frozen tests executable verification failed: source sha256 mismatch for frozen-test file: governance_tests/test_governance_regression_runner.py; class AST sha256 mismatch for frozen-test class: governance_tests/test_governance_regression_runner.py::GovernanceRegressionRunnerTests
- execution loop executable verification failed: V2 work-packet verification failed: DAG edge WP-CONTRACT-SUPERSESSION-CLOSURE-POLICY -> WP-METHOD-RUNTIME-FOUNDATION-S1: depends_on is not matched by activates; DAG edge WP-METHOD-RUNTIME-FOUNDATION-S1 -> WP-METHOD-INTEGRATION: activates is not matched by depends_on; goal METHOD-GOVERNANCE-CLOSURE: expected exactly one live root; found ['WP-CONTRACT-SUPERSESSION-CLOSURE-POLICY', 'WP-METHOD-INTEGRATION', 'WP-METHOD-RUNTIME-FOUNDATION-S1']; goal METHOD-GOVERNANCE-CLOSURE: expected exactly one live sink; found ['WP-CONTRACT-SUPERSESSION-CLOSURE-POLICY', 'WP-FREEZE-CLOSURE-PROTOCOL', 'WP-METHOD-RUNTIME-FOUNDATION-S1']; packet WP-CONTRACT-SUPERSESSION-CLOSURE-POLICY: activates packet 'WP-METHOD-RUNTIME-FOUNDATION' is superseded without an exact recovery alias; packet WP-METHOD-INTEGRATION: depends_on packet 'WP-METHOD-RUNTIME-FOUNDATION' is superseded without an exact recovery alias; packet WP-METHOD-RUNTIME-FOUNDATION: acceptance receipt is required before state superseded; packet WP-METHOD-RUNTIME-FOUNDATION: checkpoint receipt is required before state superseded; parallel packets WP-CONTRACT-SUPERSESSION-CLOSURE-POLICY and WP-FREEZE-CLOSURE-PROTOCOL: read/write conflict; WP-FREEZE-CLOSURE-PROTOCOL reads 'scripts/verify_contract_supersession.py' while WP-CONTRACT-SUPERSESSION-CLOSURE-POLICY writes 'scripts/verify_contract_supersession.py'; parallel packets WP-CONTRACT-SUPERSESSION-CLOSURE-POLICY and WP-METHOD-INTEGRATION: read/write conflict; WP-CONTRACT-SUPERSESSION-CLOSURE-POLICY reads 'governance/ACCEPTANCE_CONTRACT_V1.json' while WP-METHOD-INTEGRATION writes 'governance/ACCEPTANCE_CONTRACT_V1.json'; parallel packets WP-CONTRACT-SUPERSESSION-CLOSURE-POLICY and WP-METHOD-INTEGRATION: read/write conflict; WP-CONTRACT-SUPERSESSION-CLOSURE-POLICY reads 'governance/PROJECT_METHOD_POLICY_V1.json' while WP-METHOD-INTEGRATION writes 'governance/PROJECT_METHOD_POLICY_V1.json'; parallel packets WP-CONTRACT-SUPERSESSION-CLOSURE-POLICY and WP-METHOD-INTEGRATION: read/write conflict; WP-METHOD-INTEGRATION reads 'scripts/verify_contract_supersession.py' while WP-CONTRACT-SUPERSESSION-CLOSURE-POLICY writes 'scripts/verify_contract_supersession.py'; parallel packets WP-FREEZE-CLOSURE-PROTOCOL and WP-METHOD-RUNTIME-FOUNDATION-S1: read/write conflict; WP-FREEZE-CLOSURE-PROTOCOL reads 'scripts/verify_governance.py' while WP-METHOD-RUNTIME-FOUNDATION-S1 writes 'scripts/verify_governance.py'; parallel packets WP-METHOD-INTEGRATION and WP-METHOD-RUNTIME-FOUNDATION-S1: read/write conflict; WP-METHOD-INTEGRATION reads 'governance/PROJECT_STATE_VIEW_POLICY_V1.json' while WP-METHOD-RUNTIME-FOUNDATION-S1 writes 'governance/PROJECT_STATE_VIEW_POLICY_V1.json'; parallel packets WP-METHOD-INTEGRATION and WP-METHOD-RUNTIME-FOUNDATION-S1: read/write conflict; WP-METHOD-RUNTIME-FOUNDATION-S1 reads 'governance/AI_PROJECT_RESEARCH_REGISTER_V1.json' while WP-METHOD-INTEGRATION writes 'governance/AI_PROJECT_RESEARCH_REGISTER_V1.json'; parallel packets WP-METHOD-INTEGRATION and WP-METHOD-RUNTIME-FOUNDATION-S1: read/write conflict; WP-METHOD-RUNTIME-FOUNDATION-S1 reads 'governance/WORK_PACKET_POLICY_V2.json' while WP-METHOD-INTEGRATION writes 'governance/WORK_PACKET_POLICY_V2.json'; parallel packets WP-METHOD-INTEGRATION and WP-METHOD-RUNTIME-FOUNDATION-S1: read/write conflict; WP-METHOD-RUNTIME-FOUNDATION-S1 reads 'scripts/verify_work_packets.py' while WP-METHOD-INTEGRATION writes 'scripts/verify_work_packets.py'; unrecordable recovery: candidate snapshot could not be verified; unrecordable recovery: review envelope ref: git exited 128: fatal: 'refs/tags/foundation-successor-recovery-review-2026-07-27-r3' - not a valid ref
- git rev-parse aa0a5966e114d6d7c87aa14fe2c27253f9f89f26^{tree} failed (128): fatal: ambiguous argument 'aa0a5966e114d6d7c87aa14fe2c27253f9f89f26^{tree}': unknown revision or path not in the working tree.
Use '--' to separate paths from revisions, like this:
'git <command> [<revision>...] -- [<file>...]'
- normative frozen file boundary differs: expected=['PRODUCT_ASSURANCE_BLUEPRINT_V2.md', 'governance/ACCEPTANCE_CASES_V1.json', 'governance/ACCEPTANCE_CONTRACT_V1.json', 'governance/AI_PROJECT_RESEARCH_REGISTER_V1.json', 'governance/ASSURANCE_SUBJECTS_V1.json', 'governance/ASSURANCE_TRUST_MODEL_V1.json', 'governance/COMPONENT_REGISTRY_V1.json', 'governance/CONTEXT_RECOVERY_SPEC_V1.json', 'governance/DECISION_AUTHORITY_V1.json', 'governance/DEPENDENCY_BOUNDARY_V1.json', 'governance/EXECUTION_LOOP_POLICY_V1.json', 'governance/EXECUTION_LOOP_POLICY_V2.json', 'governance/FAILURE_CLASSES_V1.json', 'governance/FIELD_USE_PROTOCOL_V1.json', 'governance/FROZEN_TEST_MANIFEST_V1.json', 'governance/GROUND_TRUTH_MANIFEST_V1.json', 'governance/IMPLEMENTATION_TARGETS_V1.json', 'governance/MARKET_SIMULATION_POLICY_V1.json', 'governance/MIGRATION_DRILL_SPEC_V1.json', 'governance/MONEY_AND_CORPORATE_ACTIONS_SPEC_V1.json', 'governance/NO_LIVE_SCOPE_POLICY_V1.json', 'governance/PRIVATE_DATA_POLICY_V1.json', 'governance/PROJECT_METHOD_POLICY_V1.json', 'governance/RESEARCH_SUFFICIENCY_V1.json', 'governance/RUFF_CI_CONFIG_V1.toml', 'governance/TRACEABILITY_V1.json', 'governance/USER_INTENT_V1.json', 'governance/USER_SOURCE_EXCERPTS_V1.json', 'governance/VERIFICATION_SPECS_V1.json', 'governance/WORK_PACKET_POLICY_V1.json', 'governance/WORK_PACKET_POLICY_V2.json', 'governance/requirements-ci.txt', 'research/SAME_TASK_METHOD_COMPARISON_PREREGISTRATION_R9_2026-07-25.json'], actual=['PRODUCT_ASSURANCE_BLUEPRINT_V2.md', 'governance/ACCEPTANCE_CASES_V1.json', 'governance/ACCEPTANCE_CONTRACT_V1.json', 'governance/AI_PROJECT_RESEARCH_REGISTER_V1.json', 'governance/ASSURANCE_SUBJECTS_V1.json', 'governance/ASSURANCE_TRUST_MODEL_V1.json', 'governance/COMPONENT_REGISTRY_V1.json', 'governance/CONTEXT_RECOVERY_SPEC_V1.json', 'governance/DECISION_AUTHORITY_V1.json', 'governance/DEPENDENCY_BOUNDARY_V1.json', 'governance/EXECUTION_LOOP_POLICY_V1.json', 'governance/FAILURE_CLASSES_V1.json', 'governance/FIELD_USE_PROTOCOL_V1.json', 'governance/FROZEN_TEST_MANIFEST_V1.json', 'governance/GROUND_TRUTH_MANIFEST_V1.json', 'governance/IMPLEMENTATION_TARGETS_V1.json', 'governance/MARKET_SIMULATION_POLICY_V1.json', 'governance/MIGRATION_DRILL_SPEC_V1.json', 'governance/MONEY_AND_CORPORATE_ACTIONS_SPEC_V1.json', 'governance/NO_LIVE_SCOPE_POLICY_V1.json', 'governance/PRIVATE_DATA_POLICY_V1.json', 'governance/PROJECT_METHOD_POLICY_V1.json', 'governance/RESEARCH_SUFFICIENCY_V1.json', 'governance/RUFF_CI_CONFIG_V1.toml', 'governance/TRACEABILITY_V1.json', 'governance/USER_INTENT_V1.json', 'governance/USER_SOURCE_EXCERPTS_V1.json', 'governance/VERIFICATION_SPECS_V1.json', 'governance/WORK_PACKET_POLICY_V1.json', 'governance/requirements-ci.txt', 'research/SAME_TASK_METHOD_COMPARISON_PREREGISTRATION_R9_2026-07-25.json']


----------------------------------------------------------------------
Ran 532 tests in 862.542s

FAILED (failures=40, errors=2)
